{
  "state": "CA",
  "state_name": "California",
  "algorithm": "metis+kl",
  "districts": 52,
  "total_internal_boundary_km": 7128.7239392260035,
  "population": {
    "ideal": 760350.4423076923,
    "per_district": [
      757167,
      757377,
      758511,
      757760,
      759778,
      757261,
      757623,
      762891,
      764152,
      760519,
      757188,
      758225,
      757176,
      763961,
      757686,
      761625,
      762995,
      762151,
      756721,
      762273,
      760330,
      759613,
      763305,
      764152,
      760941,
      760139,
      762365,
      764131,
      761908,
      760425,
      763803,
      763939,
      757533,
      756583,
      762752,
      758675,
      758257,
      757345,
      763828,
      761584,
      763977,
      758438,
      763407,
      756549,
      763438,
      757624,
      757812,
      757616,
      764125,
      756593,
      763559,
      760437
    ],
    "deviations_pct": [
      -0.4186809306022611,
      -0.39106208693293376,
      -0.24192033111856648,
      -0.3406905768122083,
      -0.07528664098029193,
      -0.40631821010265745,
      -0.35870858434886466,
      0.3341298368416881,
      0.499974417160839,
      0.022168421681477174,
      -0.4159190462353283,
      -0.2795345658301265,
      -0.4174972658735756,
      0.47485442125206995,
      -0.3504229312480665,
      0.1676276650066008,
      0.3478077403731645,
      0.2368062924831063,
      -0.47733809382378467,
      0.25285152547195355,
      -0.0026885376209173743,
      -0.09698716100619192,
      0.38857841436121904,
      0.499974417160839,
      0.07766914562650627,
      -0.027808533529686468,
      0.2649512093651826,
      0.4972125327939063,
      0.204847344808599,
      0.009805701181873537,
      0.4540745293484808,
      0.47196101858194994,
      -0.37054523163571923,
      -0.4954876196636283,
      0.3158487926986572,
      -0.22035132939585375,
      -0.2753259801281338,
      -0.3952706726349265,
      0.45736248692816267,
      0.16223541457592264,
      0.47695871410306634,
      -0.2515211672512374,
      0.40199328128632084,
      -0.49995924197199565,
      0.4060703486851263,
      -0.3585770660456774,
      -0.33385162504647015,
      -0.3596292124711756,
      0.49642342297478265,
      -0.4941724366317556,
      0.4219840633707863,
      0.011383920820120809
    ],
    "max_abs_deviation_pct": 0.499974417160839,
    "range_pct": 0.9999336591328347
  },
  "compactness": {
    "polsby_popper": [
      0.2353718037863164,
      0.40522587219321654,
      0.3818150465401804,
      0.3892763953622649,
      0.14624936823601667,
      0.46055201216373104,
      0.3560999446817956,
      0.4842175296432472,
      0.3355313199102911,
      0.4785729003171778,
      0.28814718187414196,
      0.40424010949603767,
      0.2825706663713205,
      0.4570667030142432,
      0.3549224219343193,
      0.4350103351026573,
      0.4547411178750368,
      0.41878770427044826,
      0.39501921060081185,
      0.5253159318849562,
      0.4463516354702002,
      0.4192217462534909,
      0.3802752135846681,
      0.4433970194022699,
      0.4597652651221431,
      0.4236744607581899,
      0.2768843425249471,
      0.4499641551715068,
      0.4648641668486097,
      0.4627340838977582,
      0.20305545060043126,
      0.4134741275460238,
      0.4214891895871094,
      0.3669900571249158,
      0.45511540709017645,
      0.30605086097485235,
      0.455378677247608,
      0.4292928137436056,
      0.4585029992914996,
      0.5488694201028428,
      0.49329554956784577,
      0.46233331953910684,
      0.23115213136937662,
      0.39819591010541167,
      0.48935904871075536,
      0.47793732562885144,
      0.22278173475541319,
      0.534503876408804,
      0.40527552056826693,
      0.4869673180278144,
      0.22621439548469355,
      0.24059368428437172
    ],
    "reock": [
      0.2845503446240381,
      0.4233537098636011,
      0.5474465039526345,
      0.18793828700238466,
      0.22122633085197152,
      0.5716538981636249,
      0.5374364553779162,
      0.6226891376315623,
      0.43253390561757954,
      0.5496194509085257,
      0.34565977611978427,
      0.5086098042087451,
      0.38376696539993593,
      0.5878925739645043,
      0.40745123329611466,
      0.48789929181616354,
      0.5681952385303709,
      0.5307545366909099,
      0.48060891662962557,
      0.553837636270085,
      0.5365160790136136,
      0.5646663581917494,
      0.4795541321311333,
      0.5710397201385238,
      0.48681724983864394,
      0.47247573690111416,
      0.24398189198271467,
      0.5666170576012924,
      0.44110463412407164,
      0.5553106736413475,
      0.21740278304030047,
      0.4527049189882911,
      0.44109726079160255,
      0.3490433138876567,
      0.3817907633921846,
      0.4196054478552636,
      0.553761890430635,
      0.5445084088473165,
      0.49719307591681333,
      0.6020804737077626,
      0.519007738094054,
      0.6277315833198488,
      0.15981263679922683,
      0.4147413734754814,
      0.5707937969858854,
      0.6773850269264073,
      0.3461980876295472,
      0.6635705082766431,
      0.39438162731586873,
      0.5230845556752151,
      0.2663768950119849,
      0.3398619443825321
    ],
    "schwartzberg": [
      2.061212569641412,
      1.5709104081667125,
      1.6183538319486388,
      1.6027691144905494,
      2.6148874496834633,
      1.473535685744331,
      1.6757685938323064,
      1.437076031977513,
      1.7263683579220555,
      1.4455261370336443,
      1.862914022646608,
      1.5728246194733808,
      1.8812064629229737,
      1.479143154032273,
      1.6785461327582507,
      1.5161780759359813,
      1.4829205632665992,
      1.5452652522590293,
      1.5910758782857208,
      1.3797160417974332,
      1.496791936243623,
      1.5444650985270965,
      1.6216270889040405,
      1.5017706600684058,
      1.4747958987343206,
      1.5363276871153768,
      1.9004252900614864,
      1.490771360008623,
      1.4666853857503621,
      1.4700572731544042,
      2.219180737889808,
      1.555162696211014,
      1.54030519394098,
      1.6507178630266421,
      1.4823106571535476,
      1.8076035983887464,
      1.481882107684862,
      1.5262412626105593,
      1.4768245713830712,
      1.3497877503232019,
      1.423791517853308,
      1.4706942799611828,
      2.0799411580942655,
      1.5847165827261402,
      1.4295066775209486,
      1.446486968649089,
      2.118654838955232,
      1.3678062076223827,
      1.5708141828410445,
      1.4330128750124425,
      2.1025187660308307,
      2.038721432967109
    ],