{
  "state": "CA",
  "state_name": "California",
  "algorithm": "metis+kl",
  "districts": 52,
  "total_internal_boundary_km": 7860.602427922113,
  "population": {
    "ideal": 760350.4423076923,
    "per_district": [
      763575,
      763956,
      759662,
      761767,
      759146,
      763958,
      761181,
      758642,
      757148,
      761759,
      757887,
      764150,
      761453,
      758247,
      757381,
      756552,
      756704,
      763722,
      757520,
      763348,
      760907,
      761983,
      756752,
      756582,
      759210,
      757467,
      757812,
      762337,
      756843,
      761400,
      758309,
      760543,
      759036,
      763677,
      759808,
      762652,
      758473,
      756775,
      761344,
      760487,
      757722,
      760960,
      759253,
      763845,
      763368,
      758642,
      764134,
      758833,
      762725,
      763124,
      764122,
      761340
    ],
    "deviations_pct": [
      0.4240883562217827,
      0.47419682973613364,
      -0.09054276415001557,
      0.18630326405919356,
      -0.1584062085946483,
      0.47445986634250814,
      0.10923353839145172,
      -0.22469143340103376,
      -0.4211797783628192,
      0.18525111763369537,
      -0.32398775230742466,
      0.4997113805544645,
      0.14500651685838992,
      -0.27664116316000653,
      -0.39053601372018465,
      -0.4995646870624338,
      -0.4795739049779683,
      0.44342154679031176,
      -0.3722549695771538,
      0.39423370139827174,
      0.07319752331813899,
      0.21471121754764447,
      -0.4732610264249792,
      -0.49561913796681556,
      -0.14998903719066284,
      -0.37922543964607924,
      -0.33385162504647015,
      0.261268696875939,
      -0.4612928608349374,
      0.13803604678946446,
      -0.2684870283623956,
      0.02532486095797172,
      -0.17287322194524832,
      0.4375032231468845,
      -0.07134109188467375,
      0.30269696237992993,
      -0.24691802663968287,
      -0.47023610545167194,
      0.13067102181097717,
      0.017959835979484445,
      -0.34568827233332466,
      0.08016799338706446,
      -0.1443337501536101,
      0.45959829808234637,
      0.3968640674620172,
      -0.22469143340103376,
      0.4976070877034681,
      -0.19957143749226466,
      0.31229779851260087,
      0.36477360148432264,
      0.49602886806522084,
      0.1301449485982281
    ],
    "max_abs_deviation_pct": 0.4997113805544645,
    "range_pct": 0.9992760676168984
  },
  "compactness": {
    "polsby_popper": [
      0.3571321090598862,
      0.28466175782844133,
      0.4210335012222855,
      0.3992770840314797,
      0.6030461905438741,
      0.190845803756625,
      0.2539206642108328,
      0.2615738713556604,
      0.29007225373215434,
      0.4581899668072863,
      0.4353431532607974,
      0.21369598577263202,
      0.21289521964558758,
      0.36287393629741155,
      0.3364661995811752,
      0.30859542243126825,
      0.24200418407442217,
      0.22421153927151352,
      0.17490432363600036,
      0.36861048097270044,
      0.4304243045718468,
      0.28058062640303477,
      0.34749221707399325,
      0.36772400137730415,
      0.35911952371024797,
      0.44324511501592984,
      0.49916105813947154,
      0.3856853043406825,
      0.21017643843848566,
      0.4265325380667075,
      0.40036653315467513,
      0.46388622341376146,
      0.4246710403105926,
      0.269541136079834,
      0.3630733981442991,
      0.4296503046608527,
      0.40499761331502815,
      0.42558941864111816,
      0.42335309363415513,
      0.5555707345682807,
      0.4037619481556076,
      0.49552508165905645,
      0.48991948313426076,
      0.429398064453817,
      0.4861681551673065,
      0.12026525114554976,
      0.5024612572753132,
      0.326061379625626,
      0.47238335381371466,
      0.3115851421581072,
      0.39548779169381815,
      0.3183584245830353
    ],
    "reock": [
      0.46940425305609246,
      0.3604126855738665,
      0.4639504407207253,
      0.39723553726694133,
      0.5981031840319627,
      0.42403787793957576,
      0.46829977837134534,
      0.4141030446640049,
      0.33268226680624874,
      0.587948824958036,
      0.6056163164976383,
      0.25348883717247045,
      0.25545879289814466,
      0.45575062422758983,
      0.563563292458823,
      0.40795931331873464,
      0.14373856674603475,
      0.4346155050110103,
      0.23088660639726458,
      0.42927156922308096,
      0.6194232408827358,
      0.39573973608236945,
      0.39529078723776817,
      0.5594119175704151,
      0.49397506226579757,
      0.6001705561794556,
      0.7100484621207642,
      0.41215924763819095,
      0.1450522312919957,
      0.5497428523808405,
      0.4580171932635247,
      0.5912225965940506,
      0.5635015235791134,
      0.36532801209646787,
      0.37954897355621015,
      0.4418518099642859,
      0.543475587410806,
      0.4833373916779238,
      0.47373010755238903,
      0.5791092190643291,
      0.42237646519429245,
      0.3805838758472468,
      0.6953759466138574,
      0.5373317900409779,
      0.5018701051182113,
      0.377988493078139,
      0.706149647571281,
      0.5844667816699872,
      0.47869307971771496,
      0.462493035806841,
      0.6307692447071636,
      0.36641815278485934
    ],
    "schwartzberg": [
      1.6733452326123537,
      1.8742841672991717,
      1.5411385116435794,
      1.582569557817281,
      1.2877296955799395,
      2.289067990283731,
      1.9844994243942036,
      1.9552523653917022,
      1.8567220942779097,
      1.4773289638465448,
      1.5155984089868728,
      2.1632256205577134,
      2.167290089426129,
      1.6600536049416628,
      1.723968310989841,
      1.8001357635486617,
      2.0327714976641342,
      2.111888668146631,
      2.391110944607175,
      1.6470855615799673,
      1.5242338661942418,
      1.8878659772591295,
      1.6963968564896388,
      1.6490696975326335,
      1.6687085524740108,
      1.502027973686711,
      1.4154015004559755,
      1.6102134661548737,
      2.181262764759528,
      1.531171780728144,
      1.5804149028107795,
      1.4682305708815258,
      1.5345239709273195,
      1.9261383254856494,
      1.6595975499832205,
      1.5256061752783836,
      1.5713530326740486,
      1.5328674040706585,
      1.5369106892909965,
      1.341622458571129,
      1.5737556648612037,
      1.4205848511162795,
      1.4286888145626893,
      1.5260542009596907,
      1.434190184157915,
      2.8835661500343073,
      1.4107456169734933,
      1.7512587535922213,
      1.4549655398348273,
      1.791478621276705,
      1.5901330311796913,
      1.7723187274951138
    ],