{
  "state": "TX",
  "state_name": "Texas",
  "algorithm": "metis+kl",
  "districts": 38,
  "total_internal_boundary_km": 8846.577930755937,
  "population": {
    "ideal": 766986.9736842106,
    "per_district": [
      765969,
      763619,
      765447,
      764623,
      765707,
      763821,
      764047,
      764206,
      767457,
      764399,
      765275,
      763170,
      766333,
      770315,
      766510,
      766947,
      770062,
      770814,
      766176,
      766267,
      770074,
      770510,
      768145,
      770468,
      767720,
      769980,
      765324,
      769815,
      766739,
      770121,
      770123,
      770819,
      769445,
      763227,
      764989,
      766455,
      764336,
      766051
    ],
    "deviations_pct": [
      -0.13272372532231433,
      -0.4391174556762746,
      -0.20078224755413018,
      -0.30821562364419963,
      -0.1668833667490112,
      -0.4127806328969129,
      -0.3833146826586171,
      -0.36258421324317897,
      0.06128217713159749,
      -0.33742081326091755,
      -0.2232076610098243,
      -0.4976582152204993,
      -0.08526529219514775,
      0.4339091053663287,
      -0.06218797718550904,
      -0.0052117813707513285,
      0.40092288673673215,
      0.49896888044999943,
      -0.10573500098900807,
      -0.09387039270721642,
      0.40248745046619916,
      0.4593332659701679,
      0.15098383095437393,
      0.4538572929170333,
      0.09557219886908325,
      0.39023170125204076,
      -0.21681902578116727,
      0.36871894997186905,
      -0.03233088601484653,
      0.40861532507327836,
      0.4088760856948562,
      0.499620782003944,
      0.32047823497996897,
      -0.4902265375055309,
      -0.2604964298954552,
      -0.06935889427889959,
      -0.3456347728406195,
      -0.12203253983762298
    ],
    "max_abs_deviation_pct": 0.499620782003944,
    "range_pct": 0.9972789972244434
  },
  "compactness": {
    "polsby_popper": [
      0.34236933021286264,
      0.3829539321239087,
      0.30582936874161565,
      0.36854846535352614,
      0.4023585154161629,
      0.45036640419924595,
      0.3625650384683475,
      0.41489230013256423,
      0.3965258638867006,
      0.3306244200682126,
      0.32352695514053176,
      0.36093545256291776,
      0.20512357840307138,
      0.28632477257102845,
      0.22446221656540227,
      0.2975423471095845,
      0.51365945418428,
      0.37668601762663667,
      0.4147153390179659,
      0.4191198254990036,
      0.461429249136119,
      0.3354189917848054,
      0.3396997512181585,
      0.2523994145383615,
      0.22165859309718944,
      0.27550042840751565,
      0.3374767150227136,
      0.4328497932274402,
      0.5568194502856787,
      0.41270109036781955,
      0.5796328942759685,
      0.3048481341155747,
      0.21133379698530635,
      0.4294917982184765,
      0.388063542798396,
      0.30833830332761514,
      0.27497172587585256,
      0.27420197489605813
    ],
    "reock": [
      0.6348246470419315,
      0.5259295317730036,
      0.4041803724303951,
      0.48568920919717856,
      0.46652880411306363,
      0.5558470507956482,
      0.3931536299355009,
      0.5511696509585221,
      0.5075157824789597,
      0.4554102704816203,
      0.49683141207386317,
      0.5112805896593039,
      0.3312929903297866,
      0.5381180467121515,
      0.40275408051436806,
      0.4958283337537302,
      0.5454464409481785,
      0.41078020736181653,
      0.36487634355249593,
      0.5462411623066258,
      0.5568266864146432,
      0.5049660660570078,
      0.5029505449710282,
      0.4136413842936757,
      0.4250921549436763,
      0.4648489153548272,
      0.36065460045527536,
      0.5004649277356377,
      0.546742769061879,
      0.5869280410906484,
      0.5140872049605107,
      0.5538592966746756,
      0.25723055282232277,
      0.6070435093459315,
      0.6148611701660215,
      0.48937521469381895,
      0.5187569127892524,
      0.26767370100090787
    ],
    "schwartzberg": [
      1.709041361236561,
      1.6159455889831589,
      1.8082580445186445,
      1.6472241332251025,
      1.5764979177659049,
      1.490105462993788,
      1.6607606198574205,
      1.552502515466448,
      1.5880502482125878,
      1.7391319600428712,
      1.7581048208182506,
      1.6645054781573876,
      2.207965117363649,
      1.8688331870979453,
      2.1107090700054267,
      1.833266522164227,
      1.3952831740178615,
      1.6293344874158726,
      1.5528337104434813,
      1.544652877140583,
      1.4721343279631178,
      1.7266574045974314,
      1.7157435921662538,
      1.9904708801732491,
      2.1240156571409674,
      1.9051924892239436,
      1.7213853140319022,
      1.519957318470575,
      1.3401172620853532,
      1.5566185151711975,
      1.3134800720246536,
      1.8111658856969663,
      2.17528177884076,
      1.525887666218732,
      1.6052718052899972,
      1.8008861614691698,
      1.9070232163042247,
      1.9096980770942191
    ],
    "convex_hull_ratio": [
      0.8271590542154413,
      0.8371508630319162,
      0.77928992441503,
      0.8198353171082878,
      0.8067777024249243,
      0.8584862727389319,
      0.8264585135526065,
      0.8358377117098152,
      0.8156667218967674,
      0.8135193212816534,
      0.7842509977136417,
      0.8027474253663018,
      0.6621840896382883,
      0.8880825727750236,
      0.7104956623321373,
      0.7932156640899557,
      0.8907163701964701,
      0.8123031201846042,
      0.8876572419770955,
      0.8096242227979658,
      0.8568440888851917,
      0.7667627620582974,
      0.7737525782076172,
      0.8015280927804119,
      0.7044699407846872,
      0.7615596918008508,
      0.816395421872874,
      0.8883198325317029,
      0.916968986372946,
      0.8319688999121687,
      0.9597797222435226,
      0.7550840864153652,
      0.722434131611015,
      0.8609588808158657,
      0.8373830949682641,
      0.7526405427507735,
      0.8182445646302128,
      0.7122608727716018
    ]
  },
  "runtime_seconds": 179.1530439590133,
  "seed": 53,
  "districtmaker_version": "0.1.0",
  "generated_at": "2026-05-15T19:21:08.769918+00:00"
}