{
  "state": "CA",
  "state_name": "California",
  "algorithm": "metis+kl",
  "districts": 52,
  "total_internal_boundary_km": 8474.847196234081,
  "population": {
    "ideal": 760350.4423076923,
    "per_district": [
      759895,
      758949,
      760822,
      757035,
      758863,
      756602,
      761301,
      757362,
      757685,
      761726,
      760325,
      756554,
      759772,
      759023,
      756809,
      758820,
      763662,
      757690,
      761104,
      757675,
      756658,
      757018,
      760569,
      758920,
      763312,
      758373,
      762655,
      760329,
      764022,
      762962,
      763912,
      760961,
      756555,
      764152,
      762912,
      764119,
      762724,
      761391,
      763378,
      763676,
      764082,
      764061,
      760112,
      762432,
      762245,
      758277,
      757923,
      757707,
      759690,
      761537,
      759248,
      760637
    ],
    "deviations_pct": [
      -0.05989899950738102,
      -0.18431531432254103,
      0.06201846754722082,
      -0.43604134662298105,
      -0.1956258883966465,
      -0.4929887719030701,
      0.12501573477392444,
      -0.3930348614807429,
      -0.3505544495512538,
      0.1809110136285154,
      -0.003346129136853738,
      -0.49930165045605923,
      -0.07607575079941557,
      -0.17458295988668285,
      -0.4657644831433047,
      -0.2012811754336992,
      0.43553044859907536,
      -0.34989685803531745,
      0.09910662904603174,
      -0.35186963258312653,
      -0.4856237469245829,
      -0.4382771577771647,
      0.028744336840840812,
      -0.18812934511497195,
      0.38949904248352996,
      -0.2600698569584102,
      0.30309151728949174,
      -0.002820055924104647,
      0.48287703774649354,
      0.3434676363679845,
      0.4684100243958936,
      0.08029951169025172,
      -0.499170132152872,
      0.499974417160839,
      0.3368917212086208,
      0.49563431315565903,
      0.31216628020941356,
      0.136852382060779,
      0.3981792504938899,
      0.43737170484369725,
      0.49076813593772994,
      0.4880062515707972,
      -0.03135952771574283,
      0.27376293567872995,
      0.2491690129827099,
      -0.2726956140643883,
      -0.3192530933926829,
      -0.34766104688113375,
      -0.08686025166077192,
      0.15605405432612082,
      -0.14499134166954647,
      0.03768758145757536
    ],
    "max_abs_deviation_pct": 0.499974417160839,
    "range_pct": 0.9992760676168982
  },
  "compactness": {
    "polsby_popper": [
      0.3295328212050782,
      0.28231935212884335,
      0.5290164571248914,
      0.31709428830588443,
      0.22515818302795423,
      0.36968906079787145,
      0.3632053359314681,
      0.33750258510750847,
      0.3567394113821605,
      0.39888150959679636,
      0.4405940214536801,
      0.41291676946581723,
      0.14705455985754412,
      0.34462621122981507,
      0.2707369439055,
      0.42031272596175134,
      0.3722875225833268,
      0.36315724240835323,
      0.21102917231717103,
      0.4690034531212251,
      0.3898748795417975,
      0.26827498612712636,
      0.531215833664155,
      0.38236686738954245,
      0.4837195726743603,
      0.2931963910331645,
      0.5718361554234134,
      0.20813109042685776,
      0.31848660646563265,
      0.21785798383317373,
      0.39899949878960117,
      0.39900934202464794,
      0.4482879440808033,
      0.33500154287236594,
      0.30494149108343077,
      0.3737285965523212,
      0.3020317790263377,
      0.20098400228755797,
      0.21754285151332695,
      0.26755972148131224,
      0.3649470312159891,
      0.2799972682500797,
      0.4012738698843405,
      0.24453584436380701,
      0.14472624471929926,
      0.2520471907509716,
      0.2285688332683998,
      0.30129630160519877,
      0.32065608793361877,
      0.35133861413552736,
      0.08806162380036882,
      0.22823946280977733
    ],
    "reock": [
      0.3362031603351254,
      0.41720057438813624,
      0.5520136435284974,
      0.3504676088655775,
      0.4510321707019578,
      0.4001777860476658,
      0.3765469717293278,
      0.44780036360740655,
      0.34774722852485274,
      0.461589578156408,
      0.6354070037948234,
      0.49743913385837346,
      0.3028960584198565,
      0.39230751448499585,
      0.30914496970453914,
      0.5876389410145703,
      0.4144097251741509,
      0.5480286875831358,
      0.1538510188236182,
      0.559550385261767,
      0.3684776035038133,
      0.3082344403367218,
      0.7540938866461917,
      0.487644186122272,
      0.585093225038939,
      0.3804781125475375,
      0.6456132862024417,
      0.33725393813892957,
      0.4712207972963486,
      0.21185260854651453,
      0.34246547416092027,
      0.3953593230808392,
      0.5123483462448855,
      0.5072434809157969,
      0.3710436930229119,
      0.5379759257426826,
      0.5910142247773231,
      0.41204874847436496,
      0.3824829438751474,
      0.2922694781180784,
      0.45811141951806006,
      0.32166122984641693,
      0.4067159191622653,
      0.4368496247120999,
      0.3342907060677876,
      0.38827969332272005,
      0.42254752211249386,
      0.46016560353776254,
      0.4415717700165516,
      0.4139812740119252,
      0.1490276375432693,
      0.43078964612138954
    ],
    "schwartzberg": [
      1.7420100722901002,
      1.8820435801932938,
      1.374881944470282,
      1.7758479993225014,
      2.1074444326214765,
      1.6446810937474083,
      1.6592960903191696,
      1.7213193393706625,
      1.6742659860065479,
      1.5833540876984518,
      1.506540114585224,
      1.556211927265242,
      2.6077187651093343,
      1.7034361018702766,
      1.9218798740675451,
      1.5424593599431642,
      1.6389313384478843,
      1.6594059583648428,
      2.176851243195222,
      1.4601987752953218,
      1.601538462795556,
      1.9306782739175623,
      1.372032801692752,
      1.6171856294997429,
      1.4378155285722105,
      1.846803503969267,
      1.3224041226893686,
      2.191954425716017,
      1.7719620374344598,
      2.1424626520576475,
      1.5831199614846325,
      1.5831004342250514,
      1.4935558604535857,
      1.7277328725534136,
      1.810888622839143,
      1.6357684784616038,
      1.8195905791836307,
      2.2305874524007416,
      2.1440138749299567,
      1.933257182690847,
      1.655331892408529,
      1.8898315839030477,
      1.578627121302907,
      2.022221559544477,
      2.6286111956781477,
      1.9918611881265558,
      2.0916619412051465,
      1.8218100755437523,
      1.7659575308395112,
      1.6870853650243733,
      3.369819626237133,
      2.0931706270294144
    ],