{
  "state": "UT",
  "state_name": "Utah",
  "algorithm": "metis",
  "districts": 4,
  "total_internal_boundary_km": 594.6431299651107,
  "population": {
    "ideal": 817904.0,
    "per_district": [
      819492,
      816310,
      819638,
      816176
    ],
    "deviations_pct": [
      0.1941548152350398,
      -0.19488839766036112,
      0.21200532091785831,
      -0.21127173849253703
    ],
    "max_abs_deviation_pct": 0.21200532091785831,
    "range_pct": 0.42327705941039534
  },
  "compactness": {
    "polsby_popper": [
      0.592289560295895,
      0.5494264345553391,
      0.3447522758836572,
      0.33045470394515986
    ],
    "reock": [
      0.622652314383198,
      0.5404169521770698,
      0.36902595278647427,
      0.39476943818913496
    ],
    "schwartzberg": [
      1.2993703757259765,
      1.3491033621204978,
      1.7031246279043715,
      1.7395784975603705
    ],
    "convex_hull_ratio": [
      0.9665283967574998,
      0.9291529507972704,
      0.8185879232811692,
      0.7729048995017114
    ]
  },
  "runtime_seconds": 14.81905983300021,
  "seed": 42,
  "districtmaker_version": "0.1.0",
  "generated_at": "2026-05-14T15:24:03.102217+00:00"
}