{
  "state": "CA",
  "state_name": "California",
  "algorithm": "metis+kl",
  "districts": 52,
  "total_internal_boundary_km": 7901.868729046083,
  "population": {
    "ideal": 760350.4423076923,
    "per_district": [
      757394,
      756872,
      762358,
      757661,
      762778,
      759331,
      756664,
      757269,
      756579,
      763745,
      757495,
      758199,
      758747,
      756611,
      763910,
      762019,
      758096,
      758612,
      764142,
      757503,
      761023,
      761654,
      760754,
      759806,
      756671,
      763519,
      763654,
      758978,
      763249,
      757449,
      761338,
      759942,
      762734,
      756759,
      756753,
      759777,
      763714,
      757962,
      756574,
      763217,
      762574,
      760338,
      760225,
      762299,
      760801,
      757970,
      763768,
      763780,
      764148,
      762631,
      764149,
      764028
    ],
    "deviations_pct": [
      -0.3888262757787502,
      -0.4574788300425065,
      0.26403058124287176,
      -0.3537108888277483,
      0.3192682685815263,
      -0.13407532250500284,
      -0.4848346371054592,
      -0.4052660636771592,
      -0.4960136928763775,
      0.44644646776361907,
      -0.3755429271568356,
      -0.2829540417129956,
      -0.21088201156637013,
      -0.49180510717438464,
      0.468146987789519,
      0.21944587646238628,
      -0.2965004269412847,
      -0.22863698249665196,
      0.4986592341289663,
      -0.3744907807313374,
      0.08845364648786264,
      0.17144169579903173,
      0.05307522293048626,
      -0.0716041284910483,
      -0.4839140089831483,
      0.4167233312432954,
      0.43447830217357725,
      -0.18050128353011013,
      0.38121338938273175,
      -0.38159276910345014,
      0.12988191199185356,
      -0.0537176392575792,
      0.3134814632412863,
      -0.4723403983026684,
      -0.47312950812179194,
      -0.0754181592834792,
      0.44236940036481365,
      -0.3141238795683792,
      -0.4966712843923138,
      0.377004803680739,
      0.29243853473132264,
      -0.0016363911954191924,
      -0.016497959455581013,
      0.25627100135482267,
      0.05925658318028809,
      -0.31307173314288106,
      0.4494713887369263,
      0.45104960837517355,
      0.49944834394808996,
      0.2999350780129972,
      0.4995798622512772,
      0.4836661475656172
    ],
    "max_abs_deviation_pct": 0.4995798622512772,
    "range_pct": 0.996251146643591
  },
  "compactness": {
    "polsby_popper": [
      0.3997663655691377,
      0.34512559181104485,
      0.2818923519527011,
      0.5799351412745065,
      0.35691322015980675,
      0.4365064146598832,
      0.37906330576929514,
      0.19576056290308158,
      0.22651188280990603,
      0.17199481352195378,
      0.516760246364643,
      0.18068568438587834,
      0.4711090371140891,
      0.39948145915166844,
      0.280722852505949,
      0.44040828844306457,
      0.31740774698033075,
      0.34132550650984184,
      0.32712264121039875,
      0.4126615112536952,
      0.3073461494581025,
      0.18814113163289034,
      0.2959113337086489,
      0.21944377246905344,
      0.3156160250727888,
      0.30012563156091837,
      0.36490756525155965,
      0.5359274376702802,
      0.39131377281125335,
      0.549731107040294,
      0.2904699843741729,
      0.2635594847176213,
      0.44498232910009,
      0.4305065773535836,
      0.37784481200667913,
      0.3635226789621123,
      0.5117300477284747,
      0.46275916016630125,
      0.33851204517138495,
      0.4658462704006019,
      0.3791259262515187,
      0.5079595532426494,
      0.45508036659267403,
      0.3926956646684307,
      0.3272311843704228,
      0.35723421864869764,
      0.46502896117637305,
      0.43034622455880095,
      0.4416139458141861,
      0.3410625325252344,
      0.5321548521521564,
      0.3974196880918667
    ],
    "reock": [
      0.5436450699104343,
      0.3373202067634053,
      0.4624983132951127,
      0.6301126229191754,
      0.5171047344734664,
      0.4532051373276533,
      0.4619996461395852,
      0.3229327945705173,
      0.3993035819144365,
      0.34306904556106377,
      0.6107025195303789,
      0.31417218664645113,
      0.6003548881445652,
      0.561544531316985,
      0.1442444814498153,
      0.41022744471160294,
      0.590233304247781,
      0.4066529522762242,
      0.5809968959654734,
      0.4595609918631987,
      0.5526179402327432,
      0.4460915904866128,
      0.24511333368087426,
      0.1888357228443168,
      0.4399824570889531,
      0.3856182964808243,
      0.4220978610014769,
      0.5960845512308773,
      0.538921145656054,
      0.5728995653043157,
      0.3485212115677068,
      0.12708391189031495,
      0.4481810842390379,
      0.4198401718506646,
      0.38259495046174785,
      0.4074963229667976,
      0.6691266349282151,
      0.6093812971097916,
      0.3904786137795998,
      0.537912384097249,
      0.5280771131894741,
      0.6612166864062747,
      0.5747573284851283,
      0.48169236507341745,
      0.3298555571701053,
      0.489425383214452,
      0.6070377501577249,
      0.551264881040351,
      0.5562748947758248,
      0.3058562444446415,
      0.5918494940595931,
      0.44215620060048744
    ],
    "schwartzberg": [
      1.5816007930519973,
      1.7022032595789263,
      1.8834684660345518,
      1.3131377517197302,
      1.67385827126728,
      1.51357757581103,
      1.6242172819241634,
      2.260150699347193,
      2.1011376504446644,
      2.411250465479619,
      1.3910907144208962,
      2.3525460184873923,
      1.4569320005033022,
      1.5821646839307175,
      1.8873876801845482,
      1.506857757035652,
      1.7749709059537966,
      1.7116526165391521,
      1.7484157014117103,
      1.5566931624341227,
      1.8037905683219315,
      2.30546282674326,
      1.8383119074428358,
      2.1347074693116403,
      1.7800019456850347,
      1.8253596937103853,
      1.6554214048077043,
      1.3659883769325634,
      1.598591255993824,
      1.348729459647702,
      1.8554504857196852,
      1.9478731674953953,
      1.499093142697192,
      1.5240882134229463,
      1.6268341044351982,
      1.6585716774430224,
      1.3979110592000399,
      1.470017442445973,
      1.7187508924050354,
      1.4651385268323485,
      1.6240831398587159,
      1.4030896909983923,
      1.4823677238904234,
      1.595776064360717,
      1.74812570107798,
      1.6731060662668824,
      1.4664254848954086,
      1.5243721348667674,
      1.5047994028302907,
      1.7123123685403647,
      1.370821750987985,
      1.5862634258740604
    ],