{
  "state": "NV",
  "state_name": "Nevada",
  "algorithm": "splitline-realized",
  "districts": 4,
  "total_internal_boundary_km": 1075.1326334531248,
  "population": {
    "ideal": 776153.5,
    "per_district": [
      776065,
      776620,
      776334,
      775595
    ],
    "deviations_pct": [
      -0.011402383677970916,
      0.06010409023472805,
      0.023255709083319216,
      -0.07195741564007635
    ],
    "max_abs_deviation_pct": 0.07195741564007635,
    "range_pct": 0.1320615058748044
  },
  "compactness": {
    "polsby_popper": [
      0.38049665929185394,
      0.5660724295051337,
      0.40848153496418593,
      0.31115052575412405
    ],
    "reock": [
      0.4782874370392012,
      0.607898646313024,
      0.3648191830064074,
      0.3746703537934871
    ],
    "schwartzberg": [
      1.6211551338782393,
      1.3291194041724292,
      1.5646376816637737,
      1.7927293572251184
    ],
    "convex_hull_ratio": [
      0.9397300579418066,
      0.9719127654461749,
      0.887634288378763,
      0.854185324560904
    ]
  },
  "runtime_seconds": 27.75652175000141,
  "seed": 42,
  "districtmaker_version": "0.1.0",
  "generated_at": "2026-05-14T15:20:14.258316+00:00"
}