{
  "state": "TX",
  "state_name": "Texas",
  "algorithm": "metis+kl",
  "districts": 38,
  "total_internal_boundary_km": 7966.572209094407,
  "population": {
    "ideal": 766986.9736842106,
    "per_district": [
      767163,
      770813,
      768553,
      768566,
      768178,
      764234,
      764040,
      769774,
      770414,
      768590,
      763400,
      770517,
      767609,
      763619,
      764325,
      769009,
      770785,
      764506,
      765622,
      765574,
      769249,
      768738,
      768275,
      766518,
      765511,
      763572,
      764110,
      770497,
      769410,
      764472,
      764364,
      764260,
      765212,
      769804,
      770368,
      764371,
      764479,
      767004
    ],
    "deviations_pct": [
      0.022950365759655228,
      0.4988385001392105,
      0.20417899775625298,
      0.20587394179650892,
      0.15528638121040825,
      -0.35893356454108927,
      -0.3842273448341396,
      0.3633733572295234,
      0.44681675613443167,
      0.209003069255443,
      -0.46767074373904793,
      0.4602459281456904,
      0.08109998437151321,
      -0.4391174556762746,
      -0.3470689562592976,
      0.2636324194760002,
      0.4951878514371208,
      -0.3234701200065032,
      -0.17796569316606933,
      -0.18422394808393744,
      0.29492369406534075,
      0.22829935525220305,
      0.16793327135693342,
      -0.061144934699197684,
      -0.19243790766363936,
      -0.4452453302833538,
      -0.37510072307891523,
      0.45763832192991205,
      0.3159149241023568,
      -0.32790305057332647,
      -0.34198412413852974,
      -0.3555436764605774,
      -0.23142162058952623,
      0.3672847665531909,
      0.44081926183814135,
      -0.3410714619630073,
      -0.32699038839780403,
      0.0022198963442170688
    ],
    "max_abs_deviation_pct": 0.4988385001392105,
    "range_pct": 0.9665092438782584
  },
  "compactness": {
    "polsby_popper": [
      0.4781465542861534,
      0.4826746900486699,
      0.3654770931936414,
      0.415738824965206,
      0.4881123926948228,
      0.6109350383601719,
      0.36071687728199886,
      0.2888546848499132,
      0.30110441817470035,
      0.2767047927159809,
      0.4181611591644116,
      0.17524708190470403,
      0.3026542829910673,
      0.35508363110223434,
      0.4276189074235381,
      0.47176121595348197,
      0.31390574135417576,
      0.3778469214034478,
      0.4248848291233583,
      0.5152910046058251,
      0.3690611393821472,
      0.48781180875329594,
      0.4279197649571963,
      0.3852698250992044,
      0.358817139567559,
      0.3907763722905095,
      0.30880711576053277,
      0.32368914897327083,
      0.4588469792715805,
      0.4701336711191995,
      0.45452115675682,
      0.5251021233612527,
      0.3956538134418311,
      0.3382123191080178,
      0.4453760467071179,
      0.3439510959773401,
      0.4035344973280384,
      0.3402406586966772
    ],
    "reock": [
      0.583081670775973,
      0.6180383631968711,
      0.484200005344774,
      0.5439522204461351,
      0.48119734090928945,
      0.6377136677999611,
      0.5750555707448165,
      0.563356508559028,
      0.49699984322146723,
      0.24765594453583445,
      0.5103172373345783,
      0.2909802952739768,
      0.4254064674551222,
      0.4018174831640802,
      0.3998990228187555,
      0.47805295264548997,
      0.28482566743281196,
      0.5535330917787635,
      0.5502853736499713,
      0.6233554667073327,
      0.49583102612156144,
      0.5238511107409428,
      0.5045348296093954,
      0.4731110932834317,
      0.4578562442783592,
      0.5368080100514334,
      0.5608028032304462,
      0.49825079991717414,
      0.5184898806584977,
      0.5969014740533906,
      0.41884060899054837,
      0.49631585283332247,
      0.36621717299866885,
      0.39087952847309015,
      0.494788414534285,
      0.59385834474377,
      0.4185180901608129,
      0.49257166532013275
    ],
    "schwartzberg": [
      1.4461704551878833,
      1.4393709615714572,
      1.6541310690412243,
      1.5509211120193276,
      1.4313310182757375,
      1.2793886195261397,
      1.6650097027698418,
      1.8606311701581968,
      1.822390471364293,
      1.9010417695576014,
      1.5464224807197575,
      2.388771464334293,
      1.8177183350868864,
      1.6781650566938693,
      1.5292255665878025,
      1.4559245959026132,
      1.7848444390718363,
      1.6268295633853735,
      1.5341378600171327,
      1.3930725011434115,
      1.6460796311054147,
      1.4317719350958422,
      1.5286878957842653,
      1.6110814682097117,
      1.6694115355346353,
      1.5996900796197755,
      1.7995186435978114,
      1.7576642909298648,
      1.4762709082317662,
      1.4584425343550727,
      1.4832793423976889,
      1.3799969062372768,
      1.5897993753972826,
      1.7195123081297023,
      1.4984303883044683,
      1.705107054428883,
      1.5741991233577357,
      1.7143792230616341
    ],
    "convex_hull_ratio": [
      0.8596249410974083,
      0.9013906886141346,
      0.8372237334235821,
      0.8788392113513135,
      0.8831242409050181,
      0.9382815714109907,
      0.8433144637625611,
      0.7110342731844063,
      0.7536256251379101,
      0.7273267339266906,
      0.8736283534084835,
      0.7421517648460615,
      0.7376173385422481,
      0.8655856945370289,
      0.828777762728025,
      0.8946700772797771,
      0.8445932662398595,
      0.8585930083020883,
      0.8131803644520453,
      0.8798071851607001,
      0.7937007400939339,
      0.879969848323212,
      0.845417995463181,
      0.825693115722398,
      0.8373168106801625,
      0.8111078146748617,
      0.8163649644142495,
      0.7350248341627904,
      0.8565216992914153,
      0.8480747282661033,
      0.8443857005674218,
      0.8907403037640469,
      0.8466828700384126,
      0.719288630441487,
      0.8061905433639206,
      0.9028973974705538,
      0.8692250459663659,
      0.8544065508568747
    ]
  },
  "runtime_seconds": 149.97088995800004,
  "seed": 54,
  "districtmaker_version": "0.1.0",
  "generated_at": "2026-05-15T19:20:42.501950+00:00"
}