{
  "state": "TX",
  "state_name": "Texas",
  "algorithm": "splitline-realized+kl",
  "districts": 38,
  "total_internal_boundary_km": 8323.944674147437,
  "population": {
    "ideal": 766986.9736842106,
    "per_district": [
      766815,
      766000,
      769416,
      768128,
      767938,
      769388,
      765970,
      764298,
      768320,
      763389,
      770536,
      763176,
      770126,
      765420,
      763622,
      763706,
      768383,
      770028,
      766015,
      768897,
      767379,
      766825,
      767664,
      766110,
      763826,
      766118,
      769708,
      767658,
      766036,
      767350,
      766998,
      767395,
      765748,
      769666,
      766952,
      767645,
      764792,
      768064
    ],
    "deviations_pct": [
      -0.02242198239488867,
      -0.12868193568785785,
      0.3166972059670903,
      0.1487673656709623,
      0.12399510662106765,
      0.3130465572650005,
      -0.13259334501152545,
      -0.3505892246505984,
      0.1738003853424348,
      -0.469104927157726,
      0.4627231540506798,
      -0.4968759333557658,
      0.4092672266272229,
      -0.204302515945431,
      -0.43872631474390783,
      -0.42777436863763857,
      0.18201434492213672,
      0.39648995616990884,
      -0.12672623102602407,
      0.2490298246676412,
      0.05111251289006179,
      -0.021118179286999477,
      0.08827090146490377,
      -0.11434010150107674,
      -0.4121287313429683,
      -0.11329705901476539,
      0.3547682567174547,
      0.08748861960017025,
      -0.12398824449945675,
      0.04733148387718313,
      0.0014376144794835534,
      0.053198597862684494,
      -0.1615377740066655,
      0.34929228366432014,
      -0.004559879816806732,
      0.08579367555991431,
      -0.2861813511208723,
      0.14042302578047147
    ],
    "max_abs_deviation_pct": 0.4968759333557658,
    "range_pct": 0.9595990874064456
  },
  "compactness": {
    "polsby_popper": [
      0.3259978852747155,
      0.3225915957751442,
      0.25771551950690375,
      0.2676336805201067,
      0.3751580381900407,
      0.2645288295455001,
      0.32211905515503064,
      0.28147259997009144,
      0.38787109409470305,
      0.3431874555821717,
      0.5146127638477358,
      0.39248374987092854,
      0.31516883935114953,
      0.5592734348515879,
      0.3426320965645432,
      0.2914992438206316,
      0.38119152251704985,
      0.27104485595383904,
      0.3181270638337706,
      0.3659632014765053,
      0.48857503577592803,
      0.17095161840136658,
      0.31576009875286626,
      0.31123806295564493,
      0.25441118900242116,
      0.4404115506669998,
      0.2701814717464412,
      0.38070589453288145,
      0.41609852828774596,
      0.42887686106802514,
      0.39130354759492464,
      0.17310903079842335,
      0.32457883906618873,
      0.3588081023074412,
      0.4066501670416306,
      0.5981294173798047,
      0.29742863229230115,
      0.4455534355389539
    ],
    "reock": [
      0.48460181847855943,
      0.33493096368611425,
      0.25113571953031594,
      0.38076379498402907,
      0.5153614287212652,
      0.2891567085951971,
      0.5996013180136824,
      0.25463826698698605,
      0.3756628891143043,
      0.3634378211233618,
      0.6344600150349379,
      0.39633808635085027,
      0.4311358011355217,
      0.5884758171914171,
      0.2992000309288526,
      0.3092716193981339,
      0.44155262248389243,
      0.2555394237498638,
      0.44387934960826125,
      0.4870459945356685,
      0.5750450140525639,
      0.1604244049600906,
      0.3985537419466913,
      0.505595225528848,
      0.26206763418311874,
      0.4145672209749186,
      0.3010543864397365,
      0.4990834696749593,
      0.44802892675991723,
      0.5581942539927547,
      0.49337065796999624,
      0.16321807466063276,
      0.3754781104751908,
      0.5953312733841687,
      0.5237880761075724,
      0.45650132098845053,
      0.35592207678201865,
      0.42245571256045217
    ],
    "schwartzberg": [
      1.7514292909316376,
      1.7606518020815927,
      1.9698343836276733,
      1.9329900419443695,
      1.6326491702010735,
      1.9443009789483625,
      1.76194274495094,
      1.884872323988344,
      1.6056699970755042,
      1.7070030519017154,
      1.3939902081115851,
      1.5962068120374104,
      1.7812642997028716,
      1.3371739410951795,
      1.7083858991519014,
      1.8521718688001876,
      1.619676881025885,
      1.9207879180376406,
      1.7729630776781273,
      1.6530321142766158,
      1.4306531774322633,
      2.4185963419911083,
      1.7795958134794592,
      1.7924772326208163,
      1.9825853658115766,
      1.506852176214103,
      1.9238544776906603,
      1.6207095807502654,
      1.5502506072511946,
      1.5269812072668167,
      1.5986121423807873,
      2.4034779245148097,
      1.7552537062113223,
      1.6694325590444115,
      1.568156933087431,
      1.2930115929889652,
      1.8336169417656398,
      1.4981320724835736
    ],
    "convex_hull_ratio": [
      0.94035540966182,
      0.9241634370677071,
      0.8845719151523889,
      0.8303541985097748,
      0.9592511479851409,
      0.8665506261295751,
      0.8671468947044382,
      0.9083971306037096,
      0.912032812124778,
      0.8660243712948827,
      0.9129509266688723,
      0.9151192492797401,
      0.8855181433379666,
      0.9549714379017693,
      0.8998976533362189,
      0.8583326324143541,
      0.9012585235699415,
      0.8874216455077232,
      0.9080021219159969,
      0.9304281583719309,
      0.9232462242177707,
      0.8009020699775407,
      0.8485478230677412,
      0.9090268518289246,
      0.8674355770842842,
      0.9504534052313454,
      0.9062386605482571,
      0.8886594130167044,
      0.9194831816902348,
      0.9420024584219984,
      0.9268813337861549,
      0.8203487162112681,
      0.8894760953681148,
      0.9027360604040603,
      0.9536176043328327,
      0.9832064882633008,
      0.8875810176011392,
      0.8615347513367737
    ]
  },
  "runtime_seconds": 5876.891278042007,
  "seed": 44,
  "districtmaker_version": "0.1.0",
  "generated_at": "2026-05-15T21:00:48.157545+00:00"
}