{
  "state": "FL",
  "state_name": "Florida",
  "algorithm": "metis+kl",
  "districts": 28,
  "total_internal_boundary_km": 3554.8653380548617,
  "population": {
    "ideal": 769220.9642857143,
    "per_district": [
      773053,
      766285,
      771959,
      767651,
      768142,
      767705,
      766928,
      772473,
      771972,
      770343,
      766940,
      767110,
      770903,
      773062,
      767134,
      773067,
      769040,
      767501,
      769952,
      766094,
      772068,
      765773,
      772063,
      765558,
      769314,
      766174,
      767584,
      772339
    ],
    "deviations_pct": [
      0.49817099275811405,
      -0.3816802222025509,
      0.3559491799379357,
      -0.2040979586629131,
      -0.14026714504800675,
      -0.197077869181844,
      -0.2980891567150054,
      0.42277003166514926,
      0.35763920147967454,
      0.14586650213408894,
      -0.2965291368303234,
      -0.27442885513066134,
      0.218667430085917,
      0.4993410076716256,
      -0.27130881536129725,
      0.49999101595690976,
      -0.023525657010968152,
      -0.22359820722143853,
      0.09503585422486613,
      -0.40651053870040654,
      0.3701193605571308,
      -0.4482410706156508,
      0.3694693522718466,
      -0.4761914268828706,
      0.012094797022604869,
      -0.3961104061358596,
      -0.21280806968572114,
      0.4053498096195333
    ],
    "max_abs_deviation_pct": 0.49999101595690976,
    "range_pct": 0.9761824428397803
  },
  "compactness": {
    "polsby_popper": [
      0.4525910499714921,
      0.3967178740337956,
      0.4438050859389977,
      0.5286360854605086,
      0.4984360142034674,
      0.5635294688986606,
      0.5053878598645047,
      0.3655149623624314,
      0.39199047703877377,
      0.34621318854418137,
      0.5363725406080346,
      0.24774473641746847,
      0.4844378084490415,
      0.4392186010587219,
      0.42644135643820363,
      0.4990299914373802,
      0.4996174520960126,
      0.4102495701585502,
      0.3465503366579605,
      0.561762821565162,
      0.43464264231208394,
      0.40327101335130033,
      0.43321804975868655,
      0.5745014903702721,
      0.3784885902848782,
      0.34186169349494405,
      0.30188218393740024,
      0.39200241472319824
    ],
    "reock": [
      0.4736112900334181,
      0.488966234858463,
      0.4067225341787763,
      0.5999517823983246,
      0.5121572557402772,
      0.5538402993701083,
      0.4732370995230619,
      0.45580930861457536,
      0.441934301565409,
      0.35459320599573035,
      0.5758876221069285,
      0.3156908188751204,
      0.5362357762308503,
      0.6417527323951515,
      0.4466530430120731,
      0.7305584977632981,
      0.41148270468655646,
      0.35704390764891486,
      0.6098916696562492,
      0.5702308033514694,
      0.5996211217524429,
      0.5051805503134165,
      0.5474878406654302,
      0.4906352984393455,
      0.4567260353789193,
      0.46396446830171406,
      0.3570764401308069,
      0.4831164643368343
    ],
    "schwartzberg": [
      1.4864387528273482,
      1.58766589615042,
      1.5010800829380997,
      1.3753764927131782,
      1.4164305747194974,
      1.3321148942513779,
      1.4066550099515887,
      1.6540453787170823,
      1.5972108133531955,
      1.6995274994055511,
      1.3654214839780263,
      2.009082551377549,
      1.4367492682729786,
      1.5088971485373122,
      1.5313354694418149,
      1.4155873608558789,
      1.4147548774454028,
      1.561262514914697,
      1.6987005893442728,
      1.3342078859888915,
      1.5168192577247048,
      1.5747133042724493,
      1.519311162093894,
      1.3193329840187928,
      1.6254499594220742,
      1.7103097840144679,
      1.8200413644825764,
      1.597186493166511
    ],
    "convex_hull_ratio": [
      0.8760045933780582,
      0.7998336504073407,
      0.8610150311460495,
      0.8342362812297729,
      0.9110568283549968,
      0.9152918111494087,
      0.8988051283963658,
      0.7705686596342124,
      0.8545636533149382,
      0.7615554845856987,
      0.8579142320135493,
      0.6174600600793483,
      0.8658650598671301,
      0.8766351850973894,
      0.8018314288499931,
      0.8880047164215146,
      0.8653452409099295,
      0.82950282979168,
      0.8327581566469157,
      0.9111374764273655,
      0.8374351636433874,
      0.8717608885192176,
      0.8780782236632719,
      0.9120681125855068,
      0.7296930833100829,
      0.8227691374184849,
      0.7559358521473459,
      0.7949570483806752
    ]
  },
  "runtime_seconds": 76.96180720800476,
  "seed": 42,
  "districtmaker_version": "0.1.0",
  "generated_at": "2026-05-14T23:19:16.274333+00:00"
}