{
  "state": "SC",
  "state_name": "South Carolina",
  "algorithm": "splitline+kl",
  "districts": 7,
  "total_internal_boundary_km": 1269.8979281592185,
  "population": {
    "ideal": 731203.5714285715,
    "per_district": [
      732873,
      731007,
      730778,
      729869,
      732265,
      731480,
      730153
    ],
    "deviations_pct": [
      0.22831242032460472,
      -0.026883269755839916,
      -0.05820149753098558,
      -0.18251708289171664,
      0.14516184177749308,
      0.03780459809413346,
      -0.1436770100177369
    ],
    "max_abs_deviation_pct": 0.22831242032460472,
    "range_pct": 0.4108295032163214
  },
  "compactness": {
    "polsby_popper": [
      0.4658227651902663,
      0.5893112633779795,
      0.3736442258236996,
      0.36658204829478,
      0.39922502223272804,
      0.3932797560305322,
      0.3391520951084849
    ],
    "reock": [
      0.48963339665956446,
      0.5638234831389812,
      0.50720381200712,
      0.46936559127016764,
      0.511893210003638,
      0.31156639625120114,
      0.4418392056190868
    ],
    "schwartzberg": [
      1.4651754914864958,
      1.3026496560016607,
      1.6359531503751972,
      1.6516362388264039,
      1.582672743648966,
      1.5945906164266033,
      1.7171283078342083
    ],
    "convex_hull_ratio": [
      0.8771649422903977,
      0.9603955310883767,
      0.8930448627267598,
      0.935538381312803,
      0.9270064692444029,
      0.9458663419013013,
      0.8872761488383393
    ]
  },
  "runtime_seconds": 185.4624541249359,
  "seed": 42,
  "districtmaker_version": "0.1.0",
  "generated_at": "2026-05-13T16:41:36.737099+00:00"
}