{
  "state": "MD",
  "state_name": "Maryland",
  "algorithm": "splitline-realized",
  "districts": 8,
  "total_internal_boundary_km": 718.8843228200803,
  "population": {
    "ideal": 772153.0,
    "per_district": [
      772723,
      772773,
      771991,
      772354,
      771349,
      771331,
      772340,
      772363
    ],
    "deviations_pct": [
      0.07381956684750302,
      0.08029496744816118,
      -0.020980297946132438,
      0.0260311104146458,
      -0.1041244416585832,
      -0.10645558587482015,
      0.024217998246461515,
      0.027196682522764273
    ],
    "max_abs_deviation_pct": 0.10645558587482015,
    "range_pct": 0.18675055332298135
  },
  "compactness": {
    "polsby_popper": [
      0.5046748553878908,
      0.27412481850570497,
      0.44477317346012424,
      0.2602371069179997,
      0.30875322197026417,
      0.41312340269728043,
      0.3267121878072799,
      0.1378954389255987
    ],
    "reock": [
      0.5751627259411518,
      0.3952242303120172,
      0.5599188310434589,
      0.2479165072294036,
      0.46886368250522303,
      0.5299315117609628,
      0.3524939168934134,
      0.16832018126543363
    ],
    "schwartzberg": [
      1.4076483201156798,
      1.9099668142418287,
      1.4994455773221016,
      1.9602677223060423,
      1.7996756924019512,
      1.5558226908810426,
      1.7495136370665423,
      2.692929905222283
    ],
    "convex_hull_ratio": [
      0.957770695007163,
      0.8516610171856256,
      0.8593350532720879,
      0.8333053507060734,
      0.9130418711011232,
      0.8784124419103171,
      0.9318940278089886,
      0.574664282548831
    ]
  },
  "runtime_seconds": 49.41094420900117,
  "seed": 42,
  "districtmaker_version": "0.1.0",
  "generated_at": "2026-05-14T17:55:45.527620+00:00"
}