{
  "state": "WI",
  "state_name": "Wisconsin",
  "algorithm": "annealing",
  "districts": 8,
  "total_internal_boundary_km": 1921.2503686841706,
  "population": {
    "ideal": 736714.75,
    "per_district": [
      736828,
      736727,
      736727,
      736685,
      736649,
      736751,
      736695,
      736656
    ],
    "deviations_pct": [
      0.015372299794459119,
      0.0016627873949856442,
      0.0016627873949856442,
      -0.00403819795925085,
      -0.008924756834310701,
      0.004920493311692212,
      -0.0026808204939564465,
      -0.007974592608604619
    ],
    "max_abs_deviation_pct": 0.015372299794459119,
    "range_pct": 0.02429705662876982
  },
  "compactness": {
    "polsby_popper": [
      0.579004091725135,
      0.47555072029079126,
      0.41725514171724626,
      0.4720151514684419,
      0.3954415990200568,
      0.3190733243928112,
      0.3596588676103166,
      0.41047221055133
    ],
    "reock": [
      0.5768025231295885,
      0.5135956668553797,
      0.5684005509488208,
      0.5129863225320693,
      0.446646129912299,
      0.5175078043662863,
      0.51464738014616,
      0.5643022918503844
    ],
    "schwartzberg": [
      1.3141931028258145,
      1.450112105676454,
      1.548100501985578,
      1.4555329128192775,
      1.590225902480541,
      1.7703321295383323,
      1.6674568866238675,
      1.5608390425844962
    ],
    "convex_hull_ratio": [
      0.9770568020247591,
      0.9033901446500864,
      0.9687937717304356,
      0.9620298083400084,
      0.9432616586076656,
      0.864708695059363,
      0.9077119202738292,
      0.8644583568516533
    ]
  },
  "runtime_seconds": 169.81002270799945,
  "seed": 42,
  "districtmaker_version": "0.1.0",
  "generated_at": "2026-05-14T17:30:20.263935+00:00"
}