{
  "state": "CA",
  "state_name": "California",
  "algorithm": "metis+kl",
  "districts": 52,
  "total_internal_boundary_km": 7113.379228496205,
  "population": {
    "ideal": 760350.4423076923,
    "per_district": [
      764148,
      763471,
      763634,
      760894,
      764006,
      764135,
      756993,
      760171,
      756554,
      758918,
      757311,
      761702,
      757721,
      757966,
      760014,
      759111,
      761406,
      763231,
      757697,
      759289,
      762703,
      764128,
      761446,
      762673,
      763690,
      764143,
      760688,
      757529,
      764144,
      759872,
      757985,
      760667,
      761284,
      761203,
      762259,
      761993,
      757189,
      763713,
      760750,
      757718,
      756973,
      757386,
      761710,
      757128,
      759294,
      761388,
      757077,
      758000,
      760728,
      756584,
      759226,
      758580
    ],
    "deviations_pct": [
      0.49944834394808996,
      0.4104104526903063,
      0.4318479361098318,
      0.07148778537670446,
      0.48077274489549726,
      0.49773860600665537,
      -0.4415651153568465,
      -0.02359994782769374,
      -0.49930165045605923,
      -0.18839238172134648,
      -0.39974229494329383,
      0.17775457435202083,
      -0.3458197906365119,
      -0.31359780635563017,
      -0.04424832142809556,
      -0.16300934920620286,
      0.1388251566085881,
      0.37884605992536086,
      -0.3489762299130065,
      -0.1395990912388683,
      0.30940439584248086,
      0.4968179778843445,
      0.144085888736079,
      0.3054588467468627,
      0.43921296108831903,
      0.49879075243215354,
      0.04439501492012626,
      -0.37107130484846834,
      0.49892227073534084,
      -0.06292392048068829,
      -0.311098958595072,
      0.04163313055319354,
      0.12277992361974081,
      0.11212694106157173,
      0.2510102692273317,
      0.2160264005795172,
      -0.4157875279321411,
      0.4422378820616263,
      0.05254914971773718,
      -0.3462143455460738,
      -0.44419548142059195,
      -0.3898784222042483,
      0.178806720777519,
      -0.4238101444265647,
      -0.13894149972293193,
      0.13645782715121718,
      -0.4305175778891156,
      -0.3091261840472629,
      0.04965574704761718,
      -0.49535610136044106,
      -0.14788474433966647,
      -0.23284556819864466
    ],
    "max_abs_deviation_pct": 0.49944834394808996,
    "range_pct": 0.9987499944041491
  },
  "compactness": {
    "polsby_popper": [
      0.19122954004445067,
      0.23859338423860585,
      0.2596722238546238,
      0.45587144026986337,
      0.3652296865814493,
      0.4104603886352813,
      0.4165182952335623,
      0.27947300394369234,
      0.2905343514672307,
      0.43086367179879087,
      0.36288644808387843,
      0.32158858563082254,
      0.3011880214173629,
      0.5413018717912325,
      0.4197619334614177,
      0.2651020857423629,
      0.3478455711691434,
      0.4454408341018209,
      0.35755266079762366,
      0.3685887656553356,
      0.4926608826348052,
      0.32275602598221337,
      0.4442034578541907,
      0.42042352823162593,
      0.45129557130703357,
      0.3566540158452041,
      0.460325564973234,
      0.48570645950883995,
      0.335860222622257,
      0.3657655118442703,
      0.35875077369320424,
      0.47465635382150373,
      0.44498528511415225,
      0.4319027416285605,
      0.4253221635702777,
      0.29437606058897936,
      0.4224239981355688,
      0.37471267353959775,
      0.4018820735796794,
      0.48726658680754825,
      0.4800089576653394,
      0.5040899733760117,
      0.5067822068808417,
      0.44268536707965217,
      0.5111772622421342,
      0.4520491962025859,
      0.4445760166544413,
      0.4295925716671058,
      0.412552521946353,
      0.44748693674204254,
      0.3909226756475218,
      0.21584034132638408
    ],
    "reock": [
      0.37355262377855813,
      0.439246705583364,
      0.32179562978996074,
      0.5229071613794817,
      0.49156176972048543,
      0.590076514573317,
      0.4088257148128871,
      0.14849731411895958,
      0.36110347216829936,
      0.5692837069099939,
      0.45670742553071997,
      0.5571052793215842,
      0.3695949731605185,
      0.666774071462838,
      0.4744134985503577,
      0.5108300279291734,
      0.3686087581873388,
      0.46614236336076414,
      0.4424189220581698,
      0.36133972895060207,
      0.7152980936500906,
      0.4879478510016004,
      0.5289268823862583,
      0.5430222533348575,
      0.510498347182797,
      0.4088284582547745,
      0.37018571056195104,
      0.5040439933373525,
      0.3823254734686242,
      0.3097162702682552,
      0.4273130221335223,
      0.6785071685150479,
      0.47908917778820653,
      0.5310648937765851,
      0.467430931587754,
      0.34921684025645194,
      0.5355991728682037,
      0.4621182755059596,
      0.5302371779130229,
      0.5244865637933982,
      0.5799408576253994,
      0.5918811377413425,
      0.5325439425410062,
      0.47775136922091826,
      0.5448155159801009,
      0.6423763820144085,
      0.5510707387716449,
      0.42757684124003326,
      0.46784144292102026,
      0.5585037168526343,
      0.4733214985687877,
      0.14551829996835303
    ],
    "schwartzberg": [
      2.2867701246883416,
      2.0472496302484076,
      1.9623987174217952,
      1.4810809891285597,
      1.6546912284383213,
      1.5608615197537639,
      1.5494692394125669,
      1.891603323960434,
      1.8552449393375559,
      1.5234565098436619,
      1.660024986601996,
      1.763395333527006,
      1.8221375258348638,
      1.3591902032470038,
      1.5434710006722219,
      1.9421976650933626,
      1.6955350069597663,
      1.4983214143131225,
      1.6723608527225808,
      1.6471340796877398,
      1.4247083174107944,
      1.7602032570522843,
      1.5004068303221314,
      1.5422560896110553,
      1.488570692360074,
      1.6744664131421643,
      1.473898078163081,
      1.434871667888272,
      1.7255228479809668,
      1.6534787708864338,
      1.6695659419372362,
      1.451477642317727,
      1.4990881634901059,
      1.521622843637178,
      1.5333489240659957,
      1.8430993901340043,
      1.538599931032728,
      1.6336191244497373,
      1.5774321309708599,
      1.4325727443992917,
      1.4433622051664836,
      1.4084647115813205,
      1.4047185605650458,
      1.5029772838714723,
      1.3986667032825097,
      1.4873293541508903,
      1.4997780211799512,
      1.5257086850266763,
      1.556898774685248,
      1.494892004836156,
      1.5993907084845624,
      2.152453065785498
    ],