{
  "state": "CO",
  "state_name": "Colorado",
  "algorithm": "metis+kl",
  "districts": 8,
  "total_internal_boundary_km": 1527.353151618025,
  "population": {
    "ideal": 721714.25,
    "per_district": [
      721196,
      725075,
      723602,
      718905,
      721763,
      724679,
      718394,
      720100
    ],
    "deviations_pct": [
      -0.07180819832780079,
      0.4656621370577067,
      0.2615647397844784,
      -0.38924685219946814,
      0.006754750928085457,
      0.41079277567264333,
      -0.4600504978251434,
      -0.22366885509050152
    ],
    "max_abs_deviation_pct": 0.4656621370577067,
    "range_pct": 0.9257126348828502
  },
  "compactness": {
    "polsby_popper": [
      0.5167232418010351,
      0.40332742675356337,
      0.5493525190359839,
      0.3934163578076139,
      0.46969184756793736,
      0.45907966042507187,
      0.47570952633840174,
      0.4477384579449567
    ],
    "reock": [
      0.5060492687427438,
      0.4535359662960781,
      0.5307991187464737,
      0.46027085078229873,
      0.5621462460421023,
      0.5889384684682057,
      0.5550521605231571,
      0.5296573257879871
    ],
    "schwartzberg": [
      1.3911405242408181,
      1.5746031728559589,
      1.3491941201657585,
      1.5943137560227947,
      1.4591283273904745,
      1.4758967422823595,
      1.4498700401073559,
      1.4944720611744078
    ],
    "convex_hull_ratio": [
      0.9060925829235894,
      0.8725263555394762,
      0.9270991505182146,
      0.8754382673010639,
      0.8898219109402471,
      0.8611212859167309,
      0.8695062268392314,
      0.867031168896521
    ]
  },
  "runtime_seconds": 22.30541991700011,
  "seed": 42,
  "districtmaker_version": "0.1.0",
  "generated_at": "2026-05-14T16:46:27.703983+00:00"
}