{
  "state": "IN",
  "state_name": "Indiana",
  "algorithm": "metis",
  "districts": 9,
  "total_internal_boundary_km": 1416.578104762575,
  "population": {
    "ideal": 753947.5555555555,
    "per_district": [
      752529,
      751855,
      755936,
      752569,
      751202,
      756645,
      751001,
      757000,
      756791
    ],
    "deviations_pct": [
      -0.1881504283822797,
      -0.27754656675205724,
      0.2637377666115366,
      -0.18284501957695165,
      -0.3641573654990376,
      0.3577761376859762,
      -0.390817044745811,
      0.4048616408332626,
      0.37714087982542355
    ],
    "max_abs_deviation_pct": 0.4048616408332626,
    "range_pct": 0.7956786855790736
  },
  "compactness": {
    "polsby_popper": [
      0.5545163544512012,
      0.4935163575789699,
      0.5706426462250507,
      0.5426726895832633,
      0.4452084454919482,
      0.441619771647762,
      0.5061340366659187,
      0.23914091467908175,
      0.4458710588969492
    ],
    "reock": [
      0.5516607495466648,
      0.3816706379178873,
      0.4723235001619394,
      0.591148525975938,
      0.5175799091204459,
      0.4612928650057743,
      0.5531281511746902,
      0.3314413733586755,
      0.6117353275321292
    ],
    "schwartzberg": [
      1.3428973607782682,
      1.4234729673719837,
      1.3237863161648658,
      1.3574724272536942,
      1.4987124080249719,
      1.5047894771653165,
      1.4056177348445984,
      2.0449046240784337,
      1.4975983682840674
    ],
    "convex_hull_ratio": [
      0.937091698062807,
      0.9042736812544023,
      0.9214806105955005,
      0.9120858698076025,
      0.87147125213971,
      0.9000791534864464,
      0.9144071052564252,
      0.7850155865340143,
      0.8890926130754221
    ]
  },
  "runtime_seconds": 16.30447416700008,
  "seed": 42,
  "districtmaker_version": "0.1.0",
  "generated_at": "2026-05-14T16:21:48.025121+00:00"
}