{
  "state": "CA",
  "state_name": "California",
  "algorithm": "splitline-realized+kl",
  "districts": 52,
  "total_internal_boundary_km": 7323.702402992173,
  "population": {
    "ideal": 760350.4423076923,
    "per_district": [
      759879,
      759001,
      760755,
      764140,
      757781,
      760173,
      761365,
      759675,
      761212,
      761129,
      758422,
      760804,
      762260,
      763924,
      756587,
      761656,
      756575,
      760039,
      761630,
      757367,
      758235,
      761161,
      761074,
      757480,
      761685,
      762149,
      761286,
      759283,
      759853,
      761363,
      760857,
      763753,
      758454,
      760156,
      760516,
      760257,
      762094,
      756963,
      762508,
      761316,
      762819,
      756869,
      760563,
      761373,
      759576,
      757394,
      762144,
      760916,
      761135,
      759192,
      760410,
      761015
    ],
    "deviations_pct": [
      -0.06200329235837738,
      -0.17747636255680285,
      0.05320674123367354,
      0.4983961975225918,
      -0.3379286924452756,
      -0.023336911221319194,
      0.13343290617790993,
      -0.08883302620858102,
      0.11331060579025719,
      0.10239458662571355,
      -0.25362546010223375,
      0.059651138089849905,
      0.251141787530519,
      0.4699882440341408,
      -0.49496154645087925,
      0.1717047324054063,
      -0.49653976608912653,
      -0.04096036384841374,
      0.16828525652253717,
      -0.3923772699648065,
      -0.27821938279825376,
      0.10660317232770626,
      0.09516107995041354,
      -0.3775157017046447,
      0.17551876319783719,
      0.23654325587673172,
      0.12304296022611536,
      -0.14038820105799193,
      -0.06542276824124647,
      0.13316986957153537,
      0.06662160815877535,
      0.4474986141891172,
      -0.24941687440024102,
      -0.025572722375502833,
      0.021773866771915354,
      -0.012289373753588285,
      0.22930974920143174,
      -0.4455106644524647,
      0.2837583267209627,
      0.12698850932173356,
      0.3246605190122045,
      -0.45787338495206836,
      0.027955227021717176,
      0.1344850526034081,
      -0.10185333822412102,
      -0.3888262757787502,
      0.23588566436079536,
      0.07438118804682445,
      0.10318369644483719,
      -0.15235636664803376,
      0.007832926634064444,
      0.08740150006236445
    ],
    "max_abs_deviation_pct": 0.4983961975225918,
    "range_pct": 0.9949359636117183
  },
  "compactness": {
    "polsby_popper": [
      0.5283245638232598,
      0.4356727396149075,
      0.20324025943863708,
      0.26386428314387894,
      0.3591684304345341,
      0.3580642790557862,
      0.3689424504498927,
      0.4141818889969385,
      0.39595765188278803,
      0.43368590060682743,
      0.45359751276087806,
      0.40168631058903775,
      0.3648530324601527,
      0.40710463998837887,
      0.44707772517661754,
      0.3773147647525633,
      0.3157033543078267,
      0.39980177300314146,
      0.4816722805845472,
      0.41204657463932254,
      0.5230226232835433,
      0.4592135278388119,
      0.42094970008873195,
      0.5151663181519073,
      0.4942588738456882,
      0.22226968187756427,
      0.5545633664334477,
      0.43553658982931825,
      0.31083928754630696,
      0.4647714822149621,
      0.2916226192938805,
      0.29631075209394714,
      0.12534962566880126,
      0.42031372234266173,
      0.36197833671771,
      0.47476018283753935,
      0.23555285499017112,
      0.3543337927806294,
      0.47446188872484574,
      0.4195736404878254,
      0.30803277490622666,
      0.26571535802528196,
      0.3001432566967234,
      0.5620107530815389,
      0.23978378780858076,
      0.22430580358102592,
      0.315542539989315,
      0.35888356214255324,
      0.3422947846722554,
      0.4174077711220127,
      0.239784013911487,
      0.5147471803254193
    ],
    "reock": [
      0.6228951752894237,
      0.4389449171621729,
      0.18360863472066832,
      0.28008551583385494,
      0.3702083756564166,
      0.2881332008680601,
      0.4396976069912363,
      0.46685750630665684,
      0.5895333403426422,
      0.34013656302989836,
      0.5903902172678246,
      0.465689229779929,
      0.45050582146499196,
      0.44398199608175,
      0.5790528950591021,
      0.4680740892970284,
      0.2846995087369426,
      0.42077237293460973,
      0.4326049490211114,
      0.5214877056891553,
      0.49379432459634065,
      0.42856731802315207,
      0.486551701248366,
      0.5931096808909088,
      0.4118062883825393,
      0.16490688217856878,
      0.5608679372815442,
      0.4100306942041847,
      0.32993421193358985,
      0.5284659239542208,
      0.31332411928733833,
      0.37742211678153503,
      0.2271303649369806,
      0.5710041459184715,
      0.515790610183854,
      0.5231352775295954,
      0.2846174285421144,
      0.38921600511173565,
      0.5653269535574806,
      0.5123314153901039,
      0.25713182178735533,
      0.21815370002127152,
      0.39813805803040825,
      0.6212046551469175,
      0.2779222516872708,
      0.2737041587559113,
      0.3651891944620398,
      0.49930391147725034,
      0.3598561062227699,
      0.37016865719423814,
      0.34937414786623794,
      0.5920171589469109
    ],
    "schwartzberg": [
      1.375781921899612,
      1.5150250255547248,
      2.2181715444105796,
      1.9467478158161298,
      1.6685949374670423,
      1.6711656536358743,
      1.6463443820487442,
      1.5538333831061268,
      1.5891892913862375,
      1.5184914411621204,
      1.4847887480912076,
      1.5778164672159964,
      1.6555451140401196,
      1.56728137942677,
      1.4955759878978463,
      1.6279763819263042,
      1.7797557383555058,
      1.5815307562619916,
      1.4408679225119478,
      1.55785433060359,
      1.3827375686571362,
      1.4756816039328606,
      1.5412919061313477,
      1.3932410746266914,
      1.4224033365086135,
      2.1210938562890536,
      1.3428404388747137,
      1.5152618072850967,
      1.7936266477124985,
      1.4668316215095365,
      1.8517800323310771,
      1.8370724937963125,
      2.824479840349952,
      1.5424575316921574,
      1.6621059720012143,
      1.4513189161423972,
      2.0604202702776155,
      1.6799397779732728,
      1.451775066442166,
      1.5438172952407654,
      1.8017790624545829,
      1.939955069740888,
      1.8253060981620959,
      1.333913560059287,
      2.0421615350478324,
      2.1114448618704773,
      1.7802092013801132,
      1.6692570400995657,
      1.7092274500731857,
      1.5478174367451822,
      2.042160572225584,
      1.393808189156616
    ],