{
  "state": "NM",
  "state_name": "New Mexico",
  "algorithm": "splitline-realized",
  "districts": 3,
  "total_internal_boundary_km": 1242.4516867158559,
  "population": {
    "ideal": 705840.6666666666,
    "per_district": [
      705661,
      705453,
      706408
    ],
    "deviations_pct": [
      -0.02545428099447768,
      -0.054922687934287506,
      0.08037696892878168
    ],
    "max_abs_deviation_pct": 0.08037696892878168,
    "range_pct": 0.1352996568630692
  },
  "compactness": {
    "polsby_popper": [
      0.4788927757959328,
      0.41932800703600626,
      0.46688288586917726
    ],
    "reock": [
      0.5027129101599407,
      0.48370026802555266,
      0.5039555969642194
    ],
    "schwartzberg": [
      1.4450432882341262,
      1.544269396754792,
      1.463511106680859
    ],
    "convex_hull_ratio": [
      0.9691808726734055,
      0.9708973085641063,
      0.9173040181579217
    ]
  },
  "runtime_seconds": 45.78534433399909,
  "seed": 42,
  "districtmaker_version": "0.1.0",
  "generated_at": "2026-05-14T14:56:56.507730+00:00"
}