{
  "state": "TX",
  "state_name": "Texas",
  "algorithm": "metis+kl",
  "districts": 38,
  "total_internal_boundary_km": 8967.856258431075,
  "population": {
    "ideal": 766986.9736842106,
    "per_district": [
      768116,
      764270,
      766287,
      763378,
      764142,
      764629,
      765317,
      763180,
      763452,
      766740,
      770710,
      765429,
      765485,
      768893,
      770503,
      767552,
      765220,
      767491,
      765204,
      765912,
      770628,
      770624,
      764100,
      769305,
      764740,
      769893,
      770665,
      770088,
      770816,
      767979,
      764735,
      770115,
      770658,
      766364,
      764304,
      769177,
      763427,
      765977
    ],
    "deviations_pct": [
      0.14720280194149526,
      -0.35423987335268814,
      -0.09126278649143803,
      -0.47053911057640413,
      -0.37092855313366985,
      -0.30743334177946613,
      -0.2177316879566897,
      -0.49635441211261017,
      -0.4608909675780241,
      -0.032200505704057615,
      0.48540932812795184,
      -0.20312909314833075,
      -0.19582779574415127,
      0.24850830342448552,
      0.45842060379464555,
      0.07366830665654482,
      -0.23037857810321488,
      0.06571510769842075,
      -0.23246466307583757,
      -0.14015540303728274,
      0.4747181426432604,
      0.4741966214001047,
      -0.3764045261868044,
      0.30222499146952025,
      -0.2929611272818961,
      0.37888861421340475,
      0.47954221414245046,
      0.40431277481724404,
      0.49922964107157725,
      0.12934069936341333,
      -0.2936130288358407,
      0.40783304320854485,
      0.478629551966928,
      -0.08122350256069125,
      -0.3498069427858649,
      0.2855363116885386,
      -0.46415047534774706,
      -0.13168068283600298
    ],
    "max_abs_deviation_pct": 0.49922964107157725,
    "range_pct": 0.9955840531841874
  },
  "compactness": {
    "polsby_popper": [
      0.1970218790732411,
      0.3585136551996472,
      0.42651238601051233,
      0.38128816545164307,
      0.10098758696795097,
      0.43118705013463365,
      0.3748683530313819,
      0.13718641424729272,
      0.23131917566236046,
      0.2808808913488723,
      0.40054057872256676,
      0.5198450014827394,
      0.2193520790076886,
      0.2468462736499465,
      0.2743598580479732,
      0.4384226670562666,
      0.2592219017537512,
      0.4872192929471943,
      0.41631539510291843,
      0.4555155197612094,
      0.49766933992413953,
      0.4726000559021274,
      0.46294105463389573,
      0.4363129930727883,
      0.5047687600428898,
      0.3784438394945854,
      0.3331808953448949,
      0.4197196730846201,
      0.28533557822067324,
      0.3363279296091951,
      0.453663435897782,
      0.3728343732330339,
      0.4480364026314124,
      0.49741386072181154,
      0.3382034942048691,
      0.5219583140786543,
      0.4572239489799384,
      0.5180031236777373
    ],
    "reock": [
      0.4374322069353016,
      0.5243724536969101,
      0.49438785277447805,
      0.35312670945808305,
      0.2717099116755605,
      0.701092401367564,
      0.5106015455641917,
      0.23870391080952508,
      0.3320365736432181,
      0.3643481706675677,
      0.5204581988587637,
      0.5485161462356996,
      0.39016205561287265,
      0.42514550785837196,
      0.4904581953411902,
      0.5228667608577713,
      0.34862231762053675,
      0.5140909875241995,
      0.5973465380565898,
      0.670930125044177,
      0.6374593388076794,
      0.6219843861169294,
      0.6696605292326272,
      0.5101078968334547,
      0.6435844969333079,
      0.43294891441142347,
      0.45537587843612354,
      0.5757013355377997,
      0.35369573725380676,
      0.5707936754755251,
      0.5468357487376471,
      0.5698175926307586,
      0.5137270859309371,
      0.5639753213839768,
      0.4552282377197005,
      0.5522469829328063,
      0.5931110339964996,
      0.6020827131863049
    ],
    "schwartzberg": [
      2.252904443538269,
      1.6701179704555904,
      1.5312079530601939,
      1.6194716028910927,
      3.146777255098931,
      1.5228851276159563,
      1.63327987548033,
      2.699879912197455,
      2.0791900205217764,
      1.8868566320724636,
      1.5800714992818292,
      1.3869572139609305,
      2.1351535974412865,
      2.0127355259643775,
      1.9091485204956877,
      1.510266190389509,
      1.9641025241656578,
      1.4326422718710379,
      1.5498467767535837,
      1.4816595030800688,
      1.4175211813671882,
      1.4546319277049935,
      1.4697286213234624,
      1.5139130301100026,
      1.4075173780996093,
      1.6255460608939838,
      1.732446988969991,
      1.5435487025628327,
      1.8720697967926752,
      1.724322650511378,
      1.4846808647130214,
      1.6377289552795493,
      1.4939750657763222,
      1.4178851646818658,
      1.7195347420058371,
      1.3841465996487998,
      1.4788887827385935,
      1.389420846659559
    ],
    "convex_hull_ratio": [
      0.5966576983148637,
      0.8149532028679819,
      0.8737553775670366,
      0.8289727552306763,
      0.7644516837126797,
      0.8721695324694949,
      0.8090388141913093,
      0.6864231274289119,
      0.7169741607336675,
      0.7737579009319794,
      0.828768758768427,
      0.9093990713483839,
      0.7509619071874223,
      0.7829517752457653,
      0.7256951520465722,
      0.8313695214469348,
      0.6519219061967698,
      0.8850311210397035,
      0.8359401084802769,
      0.8430181142279948,
      0.8803018030392771,
      0.8877713435194767,
      0.8681402333601679,
      0.8554000415775713,
      0.8809250954576109,
      0.8211341842629808,
      0.7520784861433544,
      0.8354110904790398,
      0.7825292862979076,
      0.8874763051343318,
      0.8501379531082843,
      0.8610061535821762,
      0.880484955966951,
      0.8892216303583239,
      0.7474663319594689,
      0.8987221260212912,
      0.8540862255022943,
      0.885310888998016
    ]
  },
  "runtime_seconds": 330.89046687600785,
  "seed": 42,
  "districtmaker_version": "0.1.0",
  "generated_at": "2026-05-15T19:23:03.586676+00:00"
}