{
  "name": "metis+kl",
  "status": "ok",
  "total_internal_boundary_km": 8967.856258431075,
  "max_abs_deviation_pct": 0.49922964107157725,
  "runtime_seconds": 330.89046687600785,
  "refine_iterations": 149,
  "refine_improvement_pct": 0.16147867994378165,
  "error": null
}