{
  "state": "NV",
  "state_name": "Nevada",
  "algorithm": "metis+kl",
  "districts": 4,
  "total_internal_boundary_km": 927.7616433941281,
  "population": {
    "ideal": 776153.5,
    "per_district": [
      779287,
      778196,
      773988,
      773143
    ],
    "deviations_pct": [
      0.4037216864962923,
      0.26315670804808583,
      -0.2790040887530624,
      -0.38787430579131577
    ],
    "max_abs_deviation_pct": 0.4037216864962923,
    "range_pct": 0.7915959922876081
  },
  "compactness": {
    "polsby_popper": [
      0.49284714819691244,
      0.33234756621973366,
      0.4436956272450854,
      0.5146561442751445
    ],
    "reock": [
      0.5013929746648975,
      0.32840168429667843,
      0.5494156549743735,
      0.6748751276912217
    ],
    "schwartzberg": [
      1.424439066411761,
      1.734617600146095,
      1.5012652280274388,
      1.3939314570735828
    ],
    "convex_hull_ratio": [
      0.8572345248889772,
      0.8635638985370335,
      0.8598795717473758,
      0.9172434092995847
    ]
  },
  "runtime_seconds": 10.485122582998883,
  "seed": 42,
  "districtmaker_version": "0.1.0",
  "generated_at": "2026-05-14T15:20:14.533470+00:00"
}