{
  "state": "CA",
  "state_name": "California",
  "algorithm": "metis+kl",
  "districts": 52,
  "total_internal_boundary_km": 7395.803303859519,
  "population": {
    "ideal": 760350.4423076923,
    "per_district": [
      757079,
      764087,
      763259,
      761978,
      758063,
      764089,
      759846,
      760407,
      757442,
      756579,
      764135,
      763436,
      762355,
      763267,
      762326,
      764137,
      763962,
      764004,
      763048,
      759800,
      762143,
      758712,
      759868,
      758540,
      760176,
      762548,
      757126,
      757398,
      759406,
      756957,
      756826,
      760105,
      757602,
      757357,
      756729,
      758044,
      758894,
      762907,
      757296,
      758275,
      764152,
      763904,
      761238,
      759772,
      758038,
      757601,
      758585,
      758442,
      763034,
      763153,
      762688,
      757408
    ],
    "deviations_pct": [
      -0.4302545412827411,
      0.49142572745366636,
      0.3825285724146045,
      0.2140536260317081,
      -0.3008405309464647,
      0.49168876406004086,
      -0.06634339636355738,
      0.007438371724502626,
      -0.38251339722576105,
      -0.4960136928763775,
      0.49773860600665537,
      0.40580731207875176,
      0.2636360263333099,
      0.38358071884010264,
      0.259821995540879,
      0.49800164261303,
      0.4749859395552572,
      0.48050970828912265,
      0.3547782104420899,
      -0.07239323831017193,
      0.2357541460576081,
      -0.21548515217792466,
      -0.06344999369343737,
      -0.23810630032613556,
      -0.022942356311757377,
      0.2890190588484536,
      -0.42407318103293923,
      -0.38830020256600106,
      -0.12421144976595738,
      -0.44629977427158835,
      -0.46352867198912107,
      -0.03228015583805374,
      -0.3614704687157974,
      -0.3936924529966792,
      -0.47628594739828656,
      -0.3033393787070229,
      -0.191548820997841,
      0.33623412969268446,
      -0.40171506949110286,
      -0.27295865067076286,
      0.499974417160839,
      0.46735787797039535,
      0.11673008167312628,
      -0.07607575079941557,
      -0.3041284885261465,
      -0.36160198701898466,
      -0.2321879766827083,
      -0.2509950940384883,
      0.3529369541974681,
      0.36858763227675356,
      0.3074316212946718,
      -0.38698501953412834
    ],
    "max_abs_deviation_pct": 0.499974417160839,
    "range_pct": 0.9959881100372165
  },
  "compactness": {
    "polsby_popper": [
      0.37639018456503776,
      0.31001656568757585,
      0.43713967045002206,
      0.4492983994604425,
      0.4070607229069303,
      0.39339937286797183,
      0.3811717300778013,
      0.23464465829513312,
      0.45685245485738585,
      0.3320609960112816,
      0.24143335387201076,
      0.2602117833647476,
      0.34676740326550226,
      0.5453684677961276,
      0.5057723677699505,
      0.49809456490526444,
      0.503680765927234,
      0.33650916671078285,
      0.47635658469160924,
      0.5397932225014901,
      0.48664526061429353,
      0.39652196594102046,
      0.34311720397504064,
      0.371381254854939,
      0.4493328045794841,
      0.40360023276143786,
      0.4323817023320459,
      0.5206746852843896,
      0.4428513053924196,
      0.42454670742340234,
      0.4881442778406451,
      0.43426443663656855,
      0.40687766434281086,
      0.3490431224191187,
      0.34752381883930045,
      0.42492118176757415,
      0.22747681161994113,
      0.4562797359314819,
      0.5610222849725304,
      0.44012398291914406,
      0.2539046166417505,
      0.2703410341730574,
      0.4061901699242039,
      0.2877251779684755,
      0.5098674519005567,
      0.29334278424866433,
      0.42340006891001547,
      0.38102616083642077,
      0.3793182160055948,
      0.22355165660339663,
      0.20839171181050414,
      0.4051005305136966
    ],
    "reock": [
      0.4058900533670964,
      0.474325198181705,
      0.3727139465095774,
      0.5683626842662054,
      0.473891203496216,
      0.494225075531698,
      0.48717343312783995,
      0.12867165550639123,
      0.47161562256859063,
      0.41822223429189714,
      0.4370907336280339,
      0.3694283964276842,
      0.3987196488882039,
      0.591097170443633,
      0.6548079244237415,
      0.5770789035088637,
      0.6012811497822664,
      0.36115116098612393,
      0.5995897361679008,
      0.5072048555290106,
      0.5462159444262484,
      0.49152288711479275,
      0.2920605907349901,
      0.35704115758127153,
      0.531157464605002,
      0.509061150240324,
      0.4703360748802931,
      0.741658541186633,
      0.5807827490525634,
      0.4762624616115776,
      0.712991234615739,
      0.4774862487198473,
      0.5274588006848453,
      0.4563741427997514,
      0.5998637188835485,
      0.6353507361624294,
      0.3996636050019509,
      0.47960929990545986,
      0.7135229799096614,
      0.5488618991927641,
      0.3054874164475061,
      0.1276800322779218,
      0.48407862652058015,
      0.30742338094155797,
      0.481593948230258,
      0.2610258953725499,
      0.596952743369889,
      0.5462027178357217,
      0.5905982631899401,
      0.4582100967908646,
      0.2813565636942537,
      0.6369255180904795
    ],
    "schwartzberg": [
      1.6299746692732417,
      1.79600503371805,
      1.5124808678218968,
      1.491875439347088,
      1.5673659227930554,
      1.594348172740899,
      1.6197189315474798,
      2.0644038676360013,
      1.479489947122225,
      1.7353659303200466,
      2.0351731589945805,
      1.9603631056428752,
      1.698168836802684,
      1.3541132506446563,
      1.4061202112528586,
      1.41691598090856,
      1.4090367378282629,
      1.7238582451404256,
      1.4488849909329333,
      1.3610882546686967,
      1.433486974039483,
      1.5880580537302185,
      1.707177793314804,
      1.6409298312752543,
      1.4918183222902637,
      1.5740709211577417,
      1.5207798390851104,
      1.385851730296827,
      1.5026956714217485,
      1.53474865507354,
      1.4312842708840385,
      1.517479621266102,
      1.5677184703959564,
      1.6926238556426403,
      1.6963197245763701,
      1.5340722347164317,
      2.0966765300838097,
      1.4804181783171115,
      1.3350881575565652,
      1.5073443685800163,
      1.984562136700986,
      1.9232866389986865,
      1.569044625124524,
      1.8642796816200384,
      1.4004620846656253,
      1.84634262124584,
      1.5368254285511755,
      1.6200283049775352,
      1.6236714352230133,
      2.115003321499286,
      2.1905833325128468,
      1.57115341614346
    ],