{
  "state": "PA",
  "state_name": "Pennsylvania",
  "algorithm": "splitline-realized+kl",
  "districts": 17,
  "total_internal_boundary_km": 2408.693430365749,
  "population": {
    "ideal": 764864.7058823529,
    "per_district": [
      763300,
      766653,
      763678,
      766814,
      763555,
      765531,
      763713,
      765369,
      764739,
      764759,
      763925,
      764652,
      766359,
      764597,
      765169,
      764990,
      764897
    ],
    "deviations_pct": [
      -0.2045728963984341,
      0.233805286594329,
      -0.1551523914263898,
      0.2548547609342738,
      -0.17123366685380104,
      0.08711267659794363,
      -0.1505764187437931,
      0.06593246018135322,
      -0.016435048105387227,
      -0.013820206572474835,
      -0.12285909849492171,
      -0.027809608773556146,
      0.19536711606051677,
      -0.035000422989065236,
      0.03978404485222927,
      0.01638121313266333,
      0.004222200004620694
    ],
    "max_abs_deviation_pct": 0.2548547609342738,
    "range_pct": 0.45942765733270785
  },
  "compactness": {
    "polsby_popper": [
      0.49744820948082413,
      0.5008031174155352,
      0.26756049989771796,
      0.5428266659339949,
      0.3946140920917241,
      0.39824715256230825,
      0.4636351025872629,
      0.3740461857573997,
      0.4554718086582548,
      0.39088416270010995,
      0.38133508177133946,
      0.4046806446547964,
      0.5043150571111334,
      0.27180767882904017,
      0.5628493422321418,
      0.39298620032320164,
      0.5301086138841057
    ],
    "reock": [
      0.4698931812411522,
      0.5524658681992382,
      0.21230662009758378,
      0.5870482154381266,
      0.36941047981903075,
      0.4322207382197121,
      0.558073854297499,
      0.41300072990980274,
      0.5342532497147129,
      0.4221848329019342,
      0.3340096972692613,
      0.3568553512330439,
      0.5675970825572675,
      0.293809852003276,
      0.5692266864265012,
      0.39675638233002974,
      0.5252103655631291
    ],
    "schwartzberg": [
      1.417836211408281,
      1.4130791492494945,
      1.9332543704666911,
      1.3572798856117978,
      1.5918923835148888,
      1.5846146267134185,
      1.4686281393144307,
      1.635073894811096,
      1.4817305979492479,
      1.5994694987489675,
      1.6193719766198507,
      1.5719682982930274,
      1.4081503665359705,
      1.9180906976314234,
      1.3329194908488091,
      1.595186074730415,
      1.3734649133388663
    ],
    "convex_hull_ratio": [
      0.907250579826468,
      0.918384550444717,
      0.8649684060956367,
      0.9344407642384708,
      0.8313100624074864,
      0.9342356718679392,
      0.9454146135969087,
      0.915022928105178,
      0.9353073110079478,
      0.9242230473551883,
      0.9401667473314129,
      0.9548905728462882,
      0.9705322480043396,
      0.9015090921702203,
      0.9755812117661198,
      0.9321831847533205,
      0.8967694511201498
    ]
  },
  "runtime_seconds": 850.3033119169995,
  "seed": 42,
  "districtmaker_version": "0.1.0",
  "generated_at": "2026-05-14T21:48:16.074446+00:00"
}