{
  "state": "AR",
  "state_name": "Arkansas",
  "algorithm": "annealing",
  "districts": 4,
  "total_internal_boundary_km": 1159.3375817352942,
  "population": {
    "ideal": 752881.0,
    "per_district": [
      752863,
      752893,
      752721,
      753047
    ],
    "deviations_pct": [
      -0.0023908160785037743,
      0.0015938773856691826,
      -0.021251698475589102,
      0.022048637168423695
    ],
    "max_abs_deviation_pct": 0.022048637168423695,
    "range_pct": 0.0433003356440128
  },
  "compactness": {
    "polsby_popper": [
      0.3048935760727382,
      0.47278660793826316,
      0.2178430226647241,
      0.4253618290193693
    ],
    "reock": [
      0.5064324973911222,
      0.49937182625726123,
      0.5191596587333042,
      0.5399005154525829
    ],
    "schwartzberg": [
      1.8110309107484432,
      1.4543449152162642,
      2.142536221534212,
      1.5332774291791615
    ],
    "convex_hull_ratio": [
      0.9264288110763113,
      0.9699034305488814,
      0.8929789517916829,
      0.9550129884601974
    ]
  },
  "runtime_seconds": 90.57538516599925,
  "seed": 42,
  "districtmaker_version": "0.1.0",
  "generated_at": "2026-05-14T15:03:50.457868+00:00"
}