{
  "state": "KY",
  "state_name": "Kentucky",
  "algorithm": "metis+kl",
  "districts": 6,
  "total_internal_boundary_km": 965.2701133605558,
  "population": {
    "ideal": 750972.6666666666,
    "per_district": [
      753029,
      750052,
      754279,
      751875,
      748437,
      748164
    ],
    "deviations_pct": [
      0.27382266021222773,
      -0.12259656143720649,
      0.4402734586878047,
      0.12015528305957503,
      -0.337650993067652,
      -0.374003847454718
    ],
    "max_abs_deviation_pct": 0.4402734586878047,
    "range_pct": 0.8142773061425227
  },
  "compactness": {
    "polsby_popper": [
      0.5275577772186769,
      0.32215834342721106,
      0.45805114788539514,
      0.42633409034201136,
      0.4291163815661224,
      0.33642674389710125
    ],
    "reock": [
      0.4940680612974579,
      0.36907192805049716,
      0.5824226530017372,
      0.5562839819393702,
      0.5817534856451289,
      0.31350938226726577
    ],
    "schwartzberg": [
      1.3767813840875518,
      1.7618353043116004,
      1.47755280967593,
      1.5315281001166403,
      1.5265549891518995,
      1.7240694003890171
    ],
    "convex_hull_ratio": [
      0.8652019184971235,
      0.8164370643685248,
      0.8929906854872903,
      0.812056312047992,
      0.877310992375848,
      0.7595585347695727
    ]
  },
  "runtime_seconds": 24.831654874999003,
  "seed": 42,
  "districtmaker_version": "0.1.0",
  "generated_at": "2026-05-14T15:41:30.087410+00:00"
}