{
  "state": "FL",
  "state_name": "Florida",
  "algorithm": "splitline-realized",
  "districts": 28,
  "total_internal_boundary_km": 4431.899315681026,
  "population": {
    "ideal": 769220.9642857143,
    "per_district": [
      769567,
      769533,
      768577,
      767934,
      769481,
      769461,
      769356,
      769368,
      769728,
      769176,
      769134,
      769316,
      768914,
      769311,
      769464,
      768811,
      770433,
      768383,
      768481,
      770108,
      769327,
      768569,
      770974,
      770129,
      769942,
      768190,
      768228,
      768292
    ],
    "deviations_pct": [
      0.04498521625798434,
      0.040565159918051916,
      -0.08371642422828314,
      -0.1673074897158286,
      0.033805073751096454,
      0.031205040609959732,
      0.01755486661899197,
      0.019114886503674003,
      0.0659154830441349,
      -0.005845431651238478,
      -0.011305501247625584,
      0.01235480033671854,
      -0.03990586580012947,
      0.01170479205143436,
      0.03159504558113024,
      -0.05329603647698356,
      0.15756665126920416,
      -0.1089367456973093,
      -0.09619658330573938,
      0.11531611272573251,
      0.013784818564343732,
      -0.08475643748473782,
      0.22789754773695237,
      0.11804614752392607,
      0.09373583765429777,
      -0.13402706550927862,
      -0.12908700254111885,
      -0.12076689648948136
    ],
    "max_abs_deviation_pct": 0.22789754773695237,
    "range_pct": 0.39520503745278096
  },
  "compactness": {
    "polsby_popper": [
      0.4209175022195915,
      0.30167922647401596,
      0.41895985652802264,
      0.26882080217902177,
      0.3666625270306407,
      0.2672796204480313,
      0.2397132634997678,
      0.22382541295113106,
      0.29584578349355356,
      0.30697678140624407,
      0.36807242746531704,
      0.31053242737400893,
      0.40041668092640575,
      0.32168446174742493,
      0.3790835474067346,
      0.3346824878020564,
      0.21698203599679072,
      0.32679452285410715,
      0.2650755093713109,
      0.2982338731109932,
      0.3915647352547986,
      0.36102223393241395,
      0.3631110886228263,
      0.30636280131386356,
      0.25675806652722916,
      0.38532925223296205,
      0.4660946303195444,
      0.4453606710598204
    ],
    "reock": [
      0.4129246636468536,
      0.4966383012878851,
      0.44282998081304975,
      0.3556672504298821,
      0.39145152577457687,
      0.32525445716445456,
      0.2610851831020542,
      0.3202268426226505,
      0.39329994555506737,
      0.2681567123087897,
      0.6553228727020516,
      0.5790656055819879,
      0.47806804511132645,
      0.31792585503600007,
      0.4734501235078574,
      0.4555514760186017,
      0.38248406038334376,
      0.4742090443291707,
      0.4383563152276211,
      0.622699876360052,
      0.519942864209789,
      0.46871202613922325,
      0.5576723361294815,
      0.4358576678001724,
      0.4162042276737864,
      0.5346402859940003,
      0.4086199358011733,
      0.5051883700918715
    ],
    "schwartzberg": [
      1.5413508551722412,
      1.8206534862981965,
      1.5449477418454924,
      1.928717245163789,
      1.6514549701101573,
      1.9342699152309983,
      2.042461917757739,
      2.1137095168215505,
      1.8385155525064958,
      1.804875442406628,
      1.6482889884892653,
      1.794512636790988,
      1.5803159349466174,
      1.7631325292638471,
      1.6241739177944683,
      1.728556206071204,
      2.146782814561531,
      1.749293230432824,
      1.942295024657486,
      1.8311398569345914,
      1.5980788877509697,
      1.6643054118832286,
      1.65951141566917,
      1.8066831079073935,
      1.973503730508501,
      1.610957229464444,
      1.464748123093633,
      1.498456254012644
    ],
    "convex_hull_ratio": [
      0.9241145927531509,
      0.9297633880347567,
      0.8887496769649165,
      0.7762269862249209,
      0.8354088188970709,
      0.7490930627241564,
      0.5744275194825699,
      0.8253326029084969,
      0.835062871218034,
      0.8714274517774009,
      0.9412356468327474,
      0.9242926279725354,
      0.86484364256301,
      0.864123323665788,
      0.9441480806456513,
      0.8919635503932098,
      0.8804287487902173,
      0.9153697576250761,
      0.8991322901349345,
      0.8917514096013982,
      0.8904040138163444,
      0.9088147810697265,
      0.8802798170859241,
      0.8929095968057595,
      0.9092471885020933,
      0.9223105668355376,
      0.8609203618295265,
      0.865759349650465
    ]
  },
  "runtime_seconds": 416.02085587500187,
  "seed": 42,
  "districtmaker_version": "0.1.0",
  "generated_at": "2026-05-14T23:19:14.980592+00:00"
}