{
  "state": "CA",
  "state_name": "California",
  "algorithm": "metis+kl",
  "districts": 52,
  "total_internal_boundary_km": 9015.238830927572,
  "population": {
    "ideal": 760350.4423076923,
    "per_district": [
      758556,
      759414,
      758111,
      756589,
      758902,
      764097,
      757502,
      758136,
      759906,
      764144,
      763953,
      756842,
      763090,
      760513,
      764103,
      758468,
      762270,
      757636,
      764135,
      756762,
      763085,
      763400,
      760563,
      759585,
      758584,
      758319,
      760371,
      757323,
      756678,
      756561,
      756702,
      756607,
      764132,
      761076,
      760788,
      760281,
      761490,
      758046,
      764142,
      757341,
      758825,
      757473,
      763692,
      763805,
      756930,
      762470,
      762979,
      764141,
      761253,
      764151,
      760362,
      763939
    ],
    "deviations_pct": [
      -0.23600200747513922,
      -0.1231593033404592,
      -0.2945276523934756,
      -0.49469850984450475,
      -0.19049667457234284,
      0.4927409104855391,
      -0.37462229903452465,
      -0.2912396948137938,
      -0.05845229817232102,
      0.49892227073534084,
      0.4738022748265717,
      -0.4614243791381247,
      0.3603019791759554,
      0.021379311862353537,
      0.49353002030466264,
      -0.24757561815561924,
      0.25245697056239175,
      -0.3569988464074301,
      0.49773860600665537,
      -0.47194584339310647,
      0.35964438766001905,
      0.4010726531640099,
      0.027955227021717176,
      -0.10066967349543557,
      -0.23231949498589555,
      -0.26717184533052285,
      0.002703712809760808,
      -0.3981640753050465,
      -0.48299338086083743,
      -0.4983810223337483,
      -0.47983694158434287,
      -0.4923311803871338,
      0.49734405109709356,
      0.09542411655678809,
      0.05754684523885353,
      -0.009132934477093738,
      0.149872694076319,
      -0.3030763421006483,
      0.4986592341289663,
      -0.39579674584767566,
      -0.20062358391776283,
      -0.3784363298269556,
      0.43947599769469353,
      0.4543375659548554,
      -0.4498507684576447,
      0.2787606311998463,
      0.34570344752216814,
      0.49852771582577904,
      0.11870285622093536,
      0.49984289885765176,
      0.0015200480810753534,
      0.47196101858194994
    ],
    "max_abs_deviation_pct": 0.49984289885765176,
    "range_pct": 0.9982239211914001
  },
  "compactness": {
    "polsby_popper": [
      0.26085640163429635,
      0.2857864051559568,
      0.3071607629624931,
      0.14839597176845876,
      0.32459458033020294,
      0.3171717847741526,
      0.4253026605784031,
      0.34274819614877916,
      0.24748079166926037,
      0.373160412263822,
      0.45192215820926684,
      0.3427605968536506,
      0.3043155312138438,
      0.4614117665668837,
      0.32890619874533034,
      0.4005292684159178,
      0.3050617588997568,
      0.3066272090214339,
      0.3372631513353574,
      0.22493500682518597,
      0.34848956194286457,
      0.32078848684467404,
      0.340347197198377,
      0.3217964265091384,
      0.28201671594886335,
      0.43532437081035824,
      0.07417670115560167,
      0.29196033548572187,
      0.29545393054899277,
      0.036103756227351624,
      0.16771442619191976,
      0.33217295109467576,
      0.20666420432678867,
      0.28033050575833535,
      0.4009796638213898,
      0.1357338718338825,
      0.4754715620303085,
      0.35954468050053995,
      0.38482670265328806,
      0.3183616328342859,
      0.16115743657049522,
      0.15353883228573698,
      0.21471074217075986,
      0.30400617142898206,
      0.2341484704131843,
      0.37781855318149454,
      0.35121046428400426,
      0.2858945181965931,
      0.13565836966835054,
      0.286191781628388,
      0.47695509474420505,
      0.33828041365131084
    ],
    "reock": [
      0.3105017406113959,
      0.46839569405322906,
      0.5410136235347334,
      0.11538860611725518,
      0.4214776795034547,
      0.6050795122266495,
      0.5230163359086407,
      0.5575781212828836,
      0.37001930464966276,
      0.36018535160357346,
      0.5466784756193935,
      0.5217859444395756,
      0.452561237184162,
      0.6225668557732384,
      0.42700112082774067,
      0.4257920169931355,
      0.4201917368875663,
      0.4427752161660928,
      0.36658281490008626,
      0.2510274469927931,
      0.40250609145569066,
      0.4754540158008256,
      0.5444584914575963,
      0.30734479079306987,
      0.4391290975025812,
      0.5339797707776123,
      0.28083484763597133,
      0.5016505990502245,
      0.6529780062052598,
      0.26665598293541865,
      0.40496975838543303,
      0.47803181329180194,
      0.2949631081234873,
      0.31531712521207744,
      0.5551458361735777,
      0.17715316176311735,
      0.6610918101704232,
      0.5465412567663325,
      0.5737972644725665,
      0.36547519772879755,
      0.44483385034488826,
      0.3404430114847559,
      0.2927571737288464,
      0.3997696979501832,
      0.3354914097112192,
      0.5983727821975152,
      0.4848733710963971,
      0.14691071219369042,
      0.4154703594638142,
      0.2857874054715257,
      0.5570571591606059,
      0.31202726152771426
    ],
    "schwartzberg": [
      1.9579394205733072,
      1.8705926226159715,
      1.8043348239876522,
      2.5959058906714234,
      1.7552111450463133,
      1.7756310343176365,
      1.5333840808514467,
      1.708096532652059,
      2.0101536354579275,
      1.6370133377745397,
      1.487538388003774,
      1.7080656338370068,
      1.8127501139230893,
      1.4721622167691644,
      1.7436686959682473,
      1.5800938084717342,
      1.8105316244875855,
      1.8059039794562826,
      1.7219302404706922,
      2.1084896564108555,
      1.6939676518151658,
      1.765593061736366,
      1.7141108769565552,
      1.76282577339016,
      1.8830531333948632,
      1.515631104543179,
      3.671691993072218,
      1.8507087274730958,
      1.8397343364614338,
      5.262884098684304,
      2.4418264271872365,
      1.7350734630830478,
      2.199719829692858,
      1.888707999382233,
      1.579206148808588,
      2.7142877158788905,
      1.4502328106604714,
      1.6677216478314834,
      1.6120087699806624,
      1.7723097973076907,
      2.491006292698014,
      2.55206001599199,
      2.1581076958193566,
      1.8136722159124117,
      2.066590066173175,
      1.626890636876192,
      1.687393129232517,
      1.8702389002355848,
      2.715042944230095,
      1.869267352291491,
      1.4479756344163344,
      1.7193392338197688
    ],