{
  "state": "OH",
  "state_name": "Ohio",
  "algorithm": "splitline-realized+kl",
  "districts": 15,
  "total_internal_boundary_km": 2268.96021495986,
  "population": {
    "ideal": 786629.8666666667,
    "per_district": [
      785748,
      787645,
      785830,
      786534,
      786490,
      788152,
      786650,
      785643,
      787688,
      789692,
      785660,
      786115,
      784088,
      786821,
      786692
    ],
    "deviations_pct": [
      -0.11210693923987347,
      0.12904840972221357,
      -0.10168272278500202,
      -0.01218701078220325,
      -0.01778049278237817,
      0.19350057731513823,
      0.002559441763712458,
      -0.12545502128574545,
      0.13451476713147542,
      0.38927244732126054,
      -0.12329390324022332,
      -0.06545221437477809,
      -0.3231337601555638,
      0.024297746809846817,
      0.007898674582061248
    ],
    "max_abs_deviation_pct": 0.38927244732126054,
    "range_pct": 0.7124062074768243
  },
  "compactness": {
    "polsby_popper": [
      0.5333731027822288,
      0.5093005153406234,
      0.3945264191999734,
      0.3591976386900155,
      0.6719640296249627,
      0.35971174621447966,
      0.40301154926427857,
      0.5473087312223489,
      0.5914463212107617,
      0.4290264644991138,
      0.5215243359827676,
      0.4677146496509373,
      0.3423016192351989,
      0.5954380527487935,
      0.5086331861796011
    ],
    "reock": [
      0.5617401270711027,
      0.5740723334598661,
      0.5262695832416034,
      0.40388868349630813,
      0.562578288071259,
      0.34941177445834304,
      0.3394828627969769,
      0.4004301511408246,
      0.7052811898941722,
      0.3750982636361701,
      0.5619080949155796,
      0.5220679189694291,
      0.29078874941902355,
      0.4757733548573967,
      0.3896409832745216
    ],
    "schwartzberg": [
      1.36925534359231,
      1.4012413419993526,
      1.5920692513353962,
      1.6685270949581008,
      1.2199077408331116,
      1.6673343217726457,
      1.575220133182426,
      1.3517108870941876,
      1.3002963174315276,
      1.5267149514937526,
      1.384722377568242,
      1.4622092047498225,
      1.709210386348903,
      1.2959304878900104,
      1.4021602583473323
    ],
    "convex_hull_ratio": [
      0.9539778303503519,
      0.9568615481086163,
      0.8831889358017198,
      0.9202003792979059,
      0.9805456069579022,
      0.9137950644230443,
      0.9236574559151566,
      0.8408620644105056,
      0.9368318380725169,
      0.9374908099020048,
      0.9478325723733321,
      0.8787239403581826,
      0.9080191918298358,
      0.9749640256607455,
      0.8383052680249818
    ]
  },
  "runtime_seconds": 629.9613032079978,
  "seed": 42,
  "districtmaker_version": "0.1.0",
  "generated_at": "2026-05-14T20:34:44.564378+00:00"
}