{
  "state": "WA",
  "state_name": "Washington",
  "algorithm": "metis",
  "districts": 10,
  "total_internal_boundary_km": 2058.6725431671916,
  "population": {
    "ideal": 770528.1,
    "per_district": [
      771652,
      767570,
      769045,
      773628,
      768633,
      771631,
      768026,
      772642,
      769779,
      772675
    ],
    "deviations_pct": [
      0.14586100104590907,
      -0.3839055318034445,
      -0.19247837943872217,
      0.40230849465451335,
      -0.2459482009805972,
      0.14313559752071642,
      -0.32472534097068967,
      0.27434431009070576,
      -0.09721903717722648,
      0.27862708705886563
    ],
    "max_abs_deviation_pct": 0.40230849465451335,
    "range_pct": 0.7862140264579578
  },
  "compactness": {
    "polsby_popper": [
      0.40164068836078026,
      0.49503828453043625,
      0.419238817512844,
      0.4572830411569329,
      0.5319244977226174,
      0.474543287064408,
      0.4340482269655178,
      0.45561756702296874,
      0.4592636685177471,
      0.21259696682121793
    ],
    "reock": [
      0.48336057207988825,
      0.6195473783072326,
      0.476340675645909,
      0.41850807899808007,
      0.6389631058728429,
      0.5194414464480562,
      0.40590285442069923,
      0.5453222153930275,
      0.5600375187833225,
      0.23422736948643788
    ],
    "schwartzberg": [
      1.5779060764875075,
      1.4212831473143317,
      1.5444336531652094,
      1.4787932253121434,
      1.3711185418708578,
      1.4516505497215715,
      1.5178575204276683,
      1.4814935659287347,
      1.4756010470521088,
      2.168809804993478
    ],
    "convex_hull_ratio": [
      0.7610880308326033,
      0.9040917273520096,
      0.8525298991521689,
      0.8365795601596366,
      0.8992680692470332,
      0.8525071259772815,
      0.8834585595215084,
      0.905135014525176,
      0.8672054948462613,
      0.5094384477454099
    ]
  },
  "runtime_seconds": 18.597678999998607,
  "seed": 42,
  "districtmaker_version": "0.1.0",
  "generated_at": "2026-05-14T18:15:04.263237+00:00"
}