{
  "state": "NV",
  "state_name": "Nevada",
  "algorithm": "annealing-from-kl",
  "districts": 4,
  "total_internal_boundary_km": 907.8579292470542,
  "population": {
    "ideal": 776153.5,
    "per_district": [
      777158,
      776616,
      774961,
      775879
    ],
    "deviations_pct": [
      0.12942027575730833,
      0.05958872826058247,
      -0.1536422885421505,
      -0.0353667154757403
    ],
    "max_abs_deviation_pct": 0.1536422885421505,
    "range_pct": 0.28306256429945886
  },
  "compactness": {
    "polsby_popper": [
      0.4662876589682194,
      0.6361096204571964,
      0.43997215784503596,
      0.38435596368852776
    ],
    "reock": [
      0.4866776237013204,
      0.6087227234537907,
      0.3641347094364723,
      0.37962611371200533
    ],
    "schwartzberg": [
      1.4644449115323792,
      1.2538166076747637,
      1.5076044224569938,
      1.6129956196825086
    ],
    "convex_hull_ratio": [
      0.9381075446438707,
      0.9721017152077844,
      0.8861764700157286,
      0.8732775280424367
    ]
  },
  "runtime_seconds": 49.06899712500126,
  "seed": 42,
  "districtmaker_version": "0.1.0",
  "generated_at": "2026-05-14T15:20:14.736512+00:00"
}