{
  "state": "UT",
  "state_name": "Utah",
  "algorithm": "splitline-realized+kl",
  "districts": 4,
  "total_internal_boundary_km": 985.831448251884,
  "population": {
    "ideal": 817904.0,
    "per_district": [
      816540,
      818601,
      818693,
      817782
    ],
    "deviations_pct": [
      -0.16676773802304426,
      0.0852178250748254,
      0.09646608892975214,
      -0.014916175981533285
    ],
    "max_abs_deviation_pct": 0.16676773802304426,
    "range_pct": 0.2632338269527964
  },
  "compactness": {
    "polsby_popper": [
      0.32220949185167935,
      0.679583244341077,
      0.505854294153406,
      0.5739328233969346
    ],
    "reock": [
      0.28269479096030237,
      0.6306380626401057,
      0.4711115868081038,
      0.473278127751166
    ],
    "schwartzberg": [
      1.7616954594609193,
      1.2130499067229055,
      1.406006341498662,
      1.3199864362277658
    ],
    "convex_hull_ratio": [
      0.8752998609319474,
      0.9897736888790791,
      0.9602320586613131,
      0.9615624511185633
    ]
  },
  "runtime_seconds": 56.123087416999624,
  "seed": 42,
  "districtmaker_version": "0.1.0",
  "generated_at": "2026-05-14T15:24:03.022972+00:00"
}