{
  "state": "WI",
  "state_name": "Wisconsin",
  "algorithm": "metis+kl",
  "districts": 8,
  "total_internal_boundary_km": 1614.9789503740321,
  "population": {
    "ideal": 736714.75,
    "per_district": [
      739769,
      735926,
      736466,
      734894,
      736621,
      739074,
      735310,
      735658
    ],
    "deviations_pct": [
      0.4145770123375431,
      -0.10706314757509607,
      -0.033764764449198285,
      -0.24714450199347848,
      -0.012725413737135031,
      0.3202392784995821,
      -0.1906775994372313,
      -0.14344086364498607
    ],
    "max_abs_deviation_pct": 0.4145770123375431,
    "range_pct": 0.6617215143310216
  },
  "compactness": {
    "polsby_popper": [
      0.40160513483285554,
      0.5038820540426328,
      0.44688021107342524,
      0.44290822290373877,
      0.5960649294555751,
      0.47409996926692577,
      0.4440653590586485,
      0.5151987731002968
    ],
    "reock": [
      0.4447644197513095,
      0.41586689689370476,
      0.5204879926965272,
      0.5665628775735247,
      0.5226936933832865,
      0.41877023838370125,
      0.5812240712383575,
      0.5417484788792553
    ],
    "schwartzberg": [
      1.5779759198253116,
      1.408755272475554,
      1.495906462049128,
      1.502599113668397,
      1.2952488487728975,
      1.4523290903213448,
      1.5006401161041378,
      1.3931971903225406
    ],
    "convex_hull_ratio": [
      0.8784552200480358,
      0.8111023586646195,
      0.8456091048065977,
      0.8164571342492996,
      0.9412257111600926,
      0.8782358047378157,
      0.8175992476796299,
      0.894797104786819
    ]
  },
  "runtime_seconds": 28.2218447080013,
  "seed": 42,
  "districtmaker_version": "0.1.0",
  "generated_at": "2026-05-14T17:30:20.115430+00:00"
}