{
  "state": "CA",
  "state_name": "California",
  "algorithm": "metis+kl",
  "districts": 52,
  "total_internal_boundary_km": 8359.971075570955,
  "population": {
    "ideal": 760350.4423076923,
    "per_district": [
      758748,
      756633,
      762488,
      756843,
      756568,
      761846,
      757709,
      761262,
      757023,
      763547,
      762255,
      760487,
      758585,
      763274,
      761725,
      763063,
      761438,
      758465,
      764141,
      761485,
      757827,
      757244,
      763751,
      763286,
      764077,
      764138,
      758070,
      756583,
      756566,
      756823,
      761340,
      756579,
      758910,
      756565,
      762542,
      761700,
      763741,
      761023,
      756590,
      762154,
      759661,
      758273,
      764072,
      764145,
      759443,
      761963,
      757067,
      764148,
      757821,
      763068,
      764137,
      757331
    ],
    "deviations_pct": [
      -0.21075049326318285,
      -0.4889117045042647,
      0.28112796065721724,
      -0.4612928608349374,
      -0.49746039421143745,
      0.1966932100109881,
      -0.34739801027475925,
      0.11988652094962082,
      -0.4376195662612283,
      0.42040584373253903,
      0.25048419601458266,
      0.017959835979484445,
      -0.2321879766827083,
      0.38450134696241356,
      0.18077949532532808,
      0.356750984989899,
      0.14303374231058083,
      -0.24797017306518102,
      0.49852771582577904,
      0.14921510256038265,
      -0.331878850498661,
      -0.40855402125684104,
      0.4472355775827426,
      0.38607956660066084,
      0.4901105444217936,
      0.49813316091621723,
      -0.29991990282415376,
      -0.4954876196636283,
      -0.497723430817812,
      -0.46392322689868287,
      0.1301449485982281,
      -0.4960136928763775,
      -0.18944452814684468,
      -0.49785494912099926,
      0.2882299490293299,
      0.17749153774564627,
      0.4459203945508699,
      0.08845364648786264,
      -0.4945669915413174,
      0.2372008473926681,
      -0.09067428245320283,
      -0.27322168727713736,
      0.4894529529058572,
      0.4990537890385281,
      -0.11934527254802829,
      0.21208085148389902,
      -0.4318327609209883,
      0.49944834394808996,
      -0.33266796031778467,
      0.35740857650583535,
      0.49800164261303,
      -0.3971119288795484
    ],
    "max_abs_deviation_pct": 0.49944834394808996,
    "range_pct": 0.9973032930690893
  },
  "compactness": {
    "polsby_popper": [
      0.3406965872745975,
      0.30406833409626544,
      0.3669371434993911,
      0.3783221305460696,
      0.1893714382383873,
      0.43018112354544,
      0.38040716593849544,
      0.44606138500019715,
      0.27662979432868995,
      0.3607239672157299,
      0.40628518791796714,
      0.2348311820649305,
      0.23105315398155793,
      0.2866612569173774,
      0.31193656187020397,
      0.258747109641018,
      0.2515931931548341,
      0.32262560989077854,
      0.24826679530618903,
      0.30552170724997585,
      0.3177570437135987,
      0.3888763943600144,
      0.39179529893807763,
      0.2268851698585556,
      0.4018224757517293,
      0.3213662355176812,
      0.44851209094375316,
      0.2613254698311772,
      0.26586881847198385,
      0.2572887609764987,
      0.21468597091838976,
      0.2871078785911824,
      0.2639889744400904,
      0.2902664802463825,
      0.196070200749728,
      0.35805086313734685,
      0.4419875184406465,
      0.22214732935854,
      0.20039818851612604,
      0.40944008613420974,
      0.3091918405654307,
      0.4059074071926704,
      0.28035371836393536,
      0.1701843635986507,
      0.33780298982818885,
      0.28489031817066807,
      0.1701690831557747,
      0.19079457395118102,
      0.30460036923048556,
      0.2700342613849531,
      0.1720322576213151,
      0.3880753456935627
    ],
    "reock": [
      0.6053856949360082,
      0.45994366154915556,
      0.5041004102248031,
      0.43068640298761934,
      0.1298189207967124,
      0.6261190291189245,
      0.4813787731485547,
      0.5968147964198188,
      0.3076514014702764,
      0.4809643443623122,
      0.6152638319888,
      0.48758251702008887,
      0.3109775889256513,
      0.34858719874591615,
      0.5877727077821954,
      0.10642677423178504,
      0.4500553080003052,
      0.34830280534969255,
      0.3708543978870838,
      0.4445078891373924,
      0.4766382887427695,
      0.364152806060364,
      0.5643239860579871,
      0.23859294693088884,
      0.5366772864690912,
      0.3906838347389143,
      0.4843664107541159,
      0.433480336190685,
      0.41993894637607987,
      0.37327067472940356,
      0.4036978831812164,
      0.5721754318441805,
      0.2615815363876608,
      0.3247605034511896,
      0.43329032440282705,
      0.48679632648318943,
      0.6045075030090753,
      0.4726396697175664,
      0.3144974065109407,
      0.5018439579098039,
      0.5540256698204915,
      0.4357772724236835,
      0.3272647859769252,
      0.3241984469784919,
      0.44518603619960007,
      0.5077998022946838,
      0.39495767140975585,
      0.46042007798258117,
      0.49063528241564663,
      0.44370737948044786,
      0.2993560667827495,
      0.5900968183343122
    ],
    "schwartzberg": [
      1.7132317267465145,
      1.8134868160324404,
      1.6508368783944574,
      1.625807514793323,
      2.297961568597355,
      1.5246646293849804,
      1.6213458165076988,
      1.4972788354997795,
      1.9012994522215356,
      1.664993340027783,
      1.5688611380141935,
      2.0635838383684724,
      2.080386607759712,
      1.8677360424046467,
      1.7904692200233367,
      1.9659037287964418,
      1.993657525692833,
      1.7605589877006305,
      2.0069690762904386,
      1.809168276701146,
      1.7739950628881211,
      1.6035932124350738,
      1.5976085998491456,
      2.0994084709971177,
      1.5775491080549662,
      1.7640052659204135,
      1.4931826066388223,
      1.956181421993984,
      1.9393951143745585,
      1.9714673646478864,
      2.158232197406863,
      1.8662827627855443,
      1.946288002712576,
      1.8561007944872852,
      2.258365357395953,
      1.671196962053759,
      1.504163332040749,
      2.1216778953876645,
      2.2338453543112684,
      1.56280510083308,
      1.7983987321640047,
      1.5695910429730104,
      1.888629807550721,
      2.4240421796605482,
      1.7205537933522528,
      1.8735321709010846,
      2.4241510114350637,
      2.2893752858072496,
      1.811902345886983,
      1.9243788050921242,
      2.410988037907278,
      1.605247393794773
    ],