{
  "name": "metis+kl",
  "status": "ok",
  "total_internal_boundary_km": 8359.971075570955,
  "max_abs_deviation_pct": 0.49944834394808996,
  "runtime_seconds": 234.1984980829584,
  "refine_iterations": 230,
  "refine_improvement_pct": 0.15373814475296654,
  "error": null
}