{
  "state": "NM",
  "state_name": "New Mexico",
  "algorithm": "annealing-from-kl",
  "districts": 3,
  "total_internal_boundary_km": 1043.4188145756034,
  "population": {
    "ideal": 705840.6666666666,
    "per_district": [
      705610,
      705430,
      706482
    ],
    "deviations_pct": [
      -0.032679707696065666,
      -0.058181213701670335,
      0.0908609213977525
    ],
    "max_abs_deviation_pct": 0.0908609213977525,
    "range_pct": 0.14904213509942282
  },
  "compactness": {
    "polsby_popper": [
      0.5912274608318753,
      0.5080976614732468,
      0.5321603535796642
    ],
    "reock": [
      0.5049147949543706,
      0.48309380690122006,
      0.5040891941398208
    ],
    "schwartzberg": [
      1.3005369667853566,
      1.402898988089283,
      1.3708146652515816
    ],
    "convex_hull_ratio": [
      0.9679073956261066,
      0.9711128043614308,
      0.9169960226186684
    ]
  },
  "runtime_seconds": 91.040704250001,
  "seed": 42,
  "districtmaker_version": "0.1.0",
  "generated_at": "2026-05-14T14:56:56.964660+00:00"
}