{
  "state": "CO",
  "state_name": "Colorado",
  "algorithm": "annealing",
  "districts": 8,
  "total_internal_boundary_km": 2007.7971270221183,
  "population": {
    "ideal": 721714.25,
    "per_district": [
      721193,
      721611,
      721916,
      722083,
      721948,
      721034,
      721858,
      722071
    ],
    "deviations_pct": [
      -0.07222387530799067,
      -0.014306216068201509,
      0.02795427691776905,
      0.051093628815005385,
      0.03238816470646104,
      -0.094254755258054,
      0.01991785530076481,
      0.04943092089424589
    ],
    "max_abs_deviation_pct": 0.094254755258054,
    "range_pct": 0.1453483840730594
  },
  "compactness": {
    "polsby_popper": [
      0.554535413534065,
      0.25369297196296214,
      0.5561358546174384,
      0.17792366641869023,
      0.2685057439562142,
      0.23840172285334327,
      0.15217731377739918,
      0.5703051576405063
    ],
    "reock": [
      0.6087626194102271,
      0.373846805639541,
      0.5519492626742082,
      0.22431383475924252,
      0.4077693127250186,
      0.2850030244011999,
      0.1754231647218975,
      0.6109485542399529
    ],
    "schwartzberg": [
      1.342874283251232,
      1.9853897797528282,
      1.3409406373508013,
      2.370735703767946,
      1.929848468783442,
      2.0480724008739264,
      2.5634511344137603,
      1.3241779457061924
    ],
    "convex_hull_ratio": [
      0.9763786760054043,
      0.897720884844591,
      0.9850226611102595,
      0.8445912448790732,
      0.8885375265204474,
      0.9177252081977513,
      0.8324566680898267,
      0.9834706535943445
    ]
  },
  "runtime_seconds": 114.62526725000134,
  "seed": 42,
  "districtmaker_version": "0.1.0",
  "generated_at": "2026-05-14T16:46:27.878353+00:00"
}