{
  "state": "CA",
  "state_name": "California",
  "algorithm": "metis+kl",
  "districts": 52,
  "total_internal_boundary_km": 8073.369241588127,
  "population": {
    "ideal": 760350.4423076923,
    "per_district": [
      762251,
      764141,
      761042,
      764143,
      760206,
      763919,
      764148,
      758294,
      757427,
      764143,
      761329,
      762747,
      760573,
      764130,
      757063,
      757178,
      761501,
      761286,
      761799,
      763349,
      761139,
      759908,
      764152,
      759251,
      757754,
      756638,
      761595,
      761593,
      764147,
      762602,
      758044,
      760283,
      756700,
      757642,
      758689,
      763419,
      760597,
      761276,
      757820,
      756556,
      763977,
      759282,
      757398,
      758728,
      760541,
      760006,
      759662,
      756554,
      757415,
      756553,
      758247,
      759386
    ],
    "deviations_pct": [
      0.24995812280183355,
      0.49852771582577904,
      0.09095249424842082,
      0.49879075243215354,
      -0.018996807216139194,
      0.4693306525182045,
      0.49944834394808996,
      -0.27045980291020466,
      -0.38448617177357014,
      0.49879075243215354,
      0.1286982472631681,
      0.3151912011827208,
      0.0292704100535899,
      0.49708101449071906,
      -0.4323588341337374,
      -0.41723422926720105,
      0.151319395411379,
      0.12304296022611536,
      0.1905118497611863,
      0.394365219701459,
      0.10370976965758628,
      -0.05818926156594647,
      0.499974417160839,
      -0.14459678675998466,
      -0.34147968663133194,
      -0.4882541129883284,
      0.16368211591098264,
      0.1634190793046081,
      0.4993168256449027,
      0.29612104722056626,
      -0.3033393787070229,
      -0.008869897870719193,
      -0.48009997819071737,
      -0.3562097365883065,
      -0.21851007315123197,
      0.4035715009245681,
      0.03242684933008445,
      0.12172777719424263,
      -0.332799478620972,
      -0.49903861384968473,
      0.47695871410306634,
      -0.1405197193611792,
      -0.38830020256600106,
      -0.21338085932692832,
      0.025061824351597175,
      -0.04530046785359374,
      -0.09054276415001557,
      -0.49930165045605923,
      -0.38606439141181736,
      -0.4994331687592465,
      -0.27664116316000653,
      -0.12684181582970283
    ],
    "max_abs_deviation_pct": 0.499974417160839,
    "range_pct": 0.9994075859200855
  },
  "compactness": {
    "polsby_popper": [
      0.15726916792267878,
      0.3305971976535846,
      0.3227514503691513,
      0.25715199050084914,
      0.39235793509020506,
      0.2289943122247422,
      0.15721881995718487,
      0.12648408447507445,
      0.27049216921356506,
      0.3379758741682889,
      0.2396205528751874,
      0.41394714029367663,
      0.3523885895134395,
      0.3902316550586201,
      0.1907212234332663,
      0.381546892948954,
      0.33435159552660193,
      0.32130706042635465,
      0.3078744737429268,
      0.3305695250325372,
      0.4328351275947238,
      0.31854532280463665,
      0.20023919446330624,
      0.3495008330032657,
      0.27653801060857075,
      0.14565591762363286,
      0.30644446505338774,
      0.3724558726919313,
      0.31074187882048454,
      0.246050649791619,
      0.3247488385520677,
      0.2480031198959885,
      0.4710751179533663,
      0.4109067696467438,
      0.31686714708305497,
      0.3612896948039184,
      0.35302847084845645,
      0.4146325603084509,
      0.33516552628719737,
      0.24207102100300398,
      0.4395388919335031,
      0.3858816629253953,
      0.19900322046522456,
      0.2410574621194798,
      0.4413452448237479,
      0.19044039885248287,
      0.14638978951288836,
      0.2680574788396305,
      0.3879254437627649,
      0.34688150112468336,
      0.41087685108268907,
      0.41598552272011335
    ],
    "reock": [
      0.2782631815015692,
      0.5990156091184657,
      0.4023542344982412,
      0.31964264114478297,
      0.5833478653742241,
      0.3834280496159235,
      0.3204199354812553,
      0.26512401372650224,
      0.5589501004263123,
      0.5602450050840582,
      0.47569638518936663,
      0.4922175095964651,
      0.5225738392325522,
      0.4667708697026482,
      0.1322309280193846,
      0.6833311608876891,
      0.37598259634050685,
      0.3369920147553338,
      0.4948407552894982,
      0.3331140561048722,
      0.4650994652882555,
      0.4147071107035628,
      0.3840014399513035,
      0.5289575620993144,
      0.38084202413443086,
      0.39314759244184033,
      0.5675176200743448,
      0.30859317263220554,
      0.5057821445433505,
      0.37124753312907993,
      0.4869817863426522,
      0.2880517691055052,
      0.6276113432603575,
      0.5166371191861688,
      0.31450884145218094,
      0.5505285097277913,
      0.4959458945891088,
      0.5619559572585245,
      0.5613908432041886,
      0.5671032602353796,
      0.5868182476848258,
      0.5131244074885918,
      0.4510384419549932,
      0.3009382259724286,
      0.4906154362549364,
      0.3695555042908716,
      0.14583106000472099,
      0.5304286159137256,
      0.4699223497128751,
      0.5918019311032323,
      0.5132961630568832,
      0.5356362871419793
    ],
    "schwartzberg": [
      2.5216116685890926,
      1.739203561370838,
      1.760215734115456,
      1.971991573473347,
      1.5964627139770091,
      2.089717849431694,
      2.5220153984181284,
      2.8117846726792997,
      1.9227492544610323,
      1.720113680789405,
      2.042856999910375,
      1.5542739087640955,
      1.6845700741944634,
      1.6008061793356638,
      2.28981548516477,
      1.6189224267635225,
      1.729411330529821,
      1.764167696784621,
      1.802242217233006,
      1.7392763559121478,
      1.5199830683988254,
      1.7717987201430716,
      2.2347320379909483,
      1.6915151520340344,
      1.901614949282601,
      2.6202089949786234,
      1.8064423622808565,
      1.6385608979817436,
      1.7939077511111277,
      2.0159870677671954,
      1.7547942260638634,
      2.0080356915248045,
      1.4569844518207964,
      1.5600134827771852,
      1.776484379629966,
      1.6636892595325075,
      1.6830426990276972,
      1.5529887093123151,
      1.7273101647017506,
      2.0324908494842564,
      1.5083472835868588,
      1.6098037298284,
      2.2416610597124063,
      2.036759309459286,
      1.505257411124721,
      2.2915031512162094,
      2.6136330113383073,
      1.9314614108859387,
      1.6055575132340885,
      1.6978895290798794,
      1.560070279008918,
      1.55046116151833
    ],