{
  "state": "NM",
  "state_name": "New Mexico",
  "algorithm": "splitline-chord",
  "districts": 3,
  "total_internal_boundary_km": 2649.9312408915785,
  "population": {
    "ideal": 705840.6666666666,
    "per_district": [
      705821,
      705841,
      705860
    ],
    "deviations_pct": [
      -0.0027862756561624195,
      4.7225011126987836e-05,
      0.002739050645051925
    ],
    "max_abs_deviation_pct": 0.0027862756561624195,
    "range_pct": 0.005525326301214344
  },
  "compactness": {
    "polsby_popper": [
      0.3323946579924272,
      0.024729104213971648,
      0.27753844541980754
    ],
    "reock": [
      0.3784014909817246,
      0.04060121425871594,
      0.37526991146284594
    ],
    "schwartzberg": [
      1.7344947204469394,
      6.35910224139634,
      1.8981845068692587
    ],
    "convex_hull_ratio": [
      0.9585524994744339,
      0.6463425203455295,
      0.9088030730636218
    ]
  },
  "runtime_seconds": 18.86219466700095,
  "seed": 42,
  "districtmaker_version": "0.1.0",
  "generated_at": "2026-05-14T14:56:56.382902+00:00"
}