{
  "state": "TN",
  "state_name": "Tennessee",
  "algorithm": "annealing-from-kl",
  "districts": 9,
  "total_internal_boundary_km": 1548.242416120075,
  "population": {
    "ideal": 767871.1111111111,
    "per_district": [
      767845,
      768888,
      767681,
      770085,
      765473,
      767541,
      767643,
      768387,
      767297
    ],
    "deviations_pct": [
      -0.003400454937462254,
      0.1324296322878244,
      -0.02475820594891672,
      0.28831516863362316,
      -0.3123064634689866,
      -0.04299043242210956,
      -0.029706953134497633,
      0.06718430755161288,
      -0.07476659856110279
    ],
    "max_abs_deviation_pct": 0.3123064634689866,
    "range_pct": 0.6006216321026098
  },
  "compactness": {
    "polsby_popper": [
      0.34161394605875806,
      0.30156391214989464,
      0.37551478867349464,
      0.470111617632188,
      0.48721077911726085,
      0.3943114650151026,
      0.49019974239533165,
      0.43184047391611685,
      0.24552136559245924
    ],
    "reock": [
      0.38507414098266274,
      0.3965780760985681,
      0.5117969809221944,
      0.5727151903626128,
      0.5894297514779764,
      0.3723087703119915,
      0.5333598872508672,
      0.6636892890190154,
      0.34661221067414105
    ],
    "schwartzberg": [
      1.7109298524758063,
      1.8210015507569777,
      1.6318734527060144,
      1.45847674257827,
      1.4326547892658654,
      1.592503140978095,
      1.428280347887472,
      1.5217325421997052,
      2.0181588862012863
    ],
    "convex_hull_ratio": [
      0.8746613614295083,
      0.8585201934844686,
      0.9260405898243718,
      0.9454310641643836,
      0.9656853133995272,
      0.9260276590018937,
      0.9560424168615881,
      0.9391935979814692,
      0.7256579621516421
    ]
  },
  "runtime_seconds": 343.2068030829978,
  "seed": 42,
  "districtmaker_version": "0.1.0",
  "generated_at": "2026-05-14T16:36:52.989650+00:00"
}