{
  "state": "LA",
  "state_name": "Louisiana",
  "algorithm": "splitline-chord",
  "districts": 6,
  "total_internal_boundary_km": 2149.3895590757206,
  "population": {
    "ideal": 776292.8333333334,
    "per_district": [
      776301,
      776264,
      776272,
      776295,
      776321,
      776304
    ],
    "deviations_pct": [
      0.0010520085096703664,
      -0.003714234126001696,
      -0.0026836951777482773,
      0.0002791042984803022,
      0.0036283558803039137,
      0.0014384606152653984
    ],
    "max_abs_deviation_pct": 0.003714234126001696,
    "range_pct": 0.00734259000630561
  },
  "compactness": {
    "polsby_popper": [
      0.28811441093051887,
      0.20234434077492103,
      0.14595911854603194,
      0.20620992787111367,
      0.1462832424865376,
      0.28004843555734055
    ],
    "reock": [
      0.4518252985473929,
      0.46911669620319885,
      0.29761419748527934,
      0.4206215171930508,
      0.2809191895266762,
      0.40428210707259465
    ],
    "schwartzberg": [
      1.8630199661749591,
      2.2230768121952362,
      2.6174860996951668,
      2.2021414666971624,
      2.614584672415465,
      1.8896589316073644
    ],
    "convex_hull_ratio": [
      0.8175268659889424,
      0.8611782023776982,
      0.8238783879616448,
      0.8962126933111455,
      0.8884806726050711,
      0.912142172725871
    ]
  },
  "runtime_seconds": 26.193915500000003,
  "seed": 42,
  "districtmaker_version": "0.1.0",
  "generated_at": "2026-05-14T18:56:36.134695+00:00"
}