{
  "state": "MT",
  "state_name": "Montana",
  "algorithm": "metis+kl",
  "districts": 2,
  "total_internal_boundary_km": 631.4362295599702,
  "population": {
    "ideal": 542112.5,
    "per_district": [
      541138,
      543087
    ],
    "deviations_pct": [
      -0.1797597362171136,
      0.1797597362171136
    ],
    "max_abs_deviation_pct": 0.1797597362171136,
    "range_pct": 0.3595194724342272
  },
  "compactness": {
    "polsby_popper": [
      0.31191783670804385,
      0.6594593543259566
    ],
    "reock": [
      0.38656938143037145,
      0.5730947400274414
    ],
    "schwartzberg": [
      1.790522962258284,
      1.2314193779424316
    ],
    "convex_hull_ratio": [
      0.8378441494347814,
      0.964677404062924
    ]
  },
  "runtime_seconds": 23.50304537500051,
  "seed": 42,
  "districtmaker_version": "0.1.0",
  "generated_at": "2026-05-14T14:44:46.667508+00:00"
}