{
  "state": "MS",
  "state_name": "Mississippi",
  "algorithm": "splitline+kl",
  "districts": 4,
  "total_internal_boundary_km": 888.4243875760427,
  "population": {
    "ideal": 740319.75,
    "per_district": [
      740460,
      741425,
      739234,
      740160
    ],
    "deviations_pct": [
      0.018944516879361925,
      0.14929359915090742,
      -0.14665960215163787,
      -0.021578513878631495
    ],
    "max_abs_deviation_pct": 0.14929359915090742,
    "range_pct": 0.2959532013025453
  },
  "compactness": {
    "polsby_popper": [
      0.3923201844587591,
      0.33598815926315184,
      0.3373946184109413,
      0.36378760996011267
    ],
    "reock": [
      0.3753290393578554,
      0.37142422654660295,
      0.5668510002244729,
      0.4419483320800326
    ],
    "schwartzberg": [
      1.5965395211719926,
      1.7251942967958438,
      1.7215947295034275,
      1.6579676339472798
    ],
    "convex_hull_ratio": [
      0.9251190033592426,
      0.9384408291874863,
      0.94656345100118,
      0.9292595011438475
    ]
  },
  "runtime_seconds": 108.43086366693024,
  "seed": 42,
  "districtmaker_version": "0.1.0",
  "generated_at": "2026-05-13T16:17:21.030381+00:00"
}