{
  "state": "CA",
  "state_name": "California",
  "algorithm": "metis+kl",
  "districts": 52,
  "total_internal_boundary_km": 7388.416649910274,
  "population": {
    "ideal": 760350.4423076923,
    "per_district": [
      760222,
      762081,
      763931,
      764021,
      759624,
      759665,
      758139,
      762391,
      763729,
      762836,
      764150,
      758126,
      757573,
      762660,
      764143,
      757297,
      762065,
      757257,
      759689,
      758571,
      757697,
      758976,
      763636,
      763334,
      763683,
      760884,
      761313,
      757039,
      756570,
      763927,
      756739,
      757423,
      758923,
      758183,
      757947,
      758837,
      764113,
      759119,
      756963,
      760288,
      762639,
      760314,
      757511,
      756612,
      764125,
      759742,
      763527,
      760933,
      759238,
      764135,
      759019,
      756664
    ],
    "deviations_pct": [
      -0.01689251436514283,
      0.2276000112599972,
      0.4709088721564518,
      0.4827455194433063,
      -0.09554045967113194,
      -0.09014820924045375,
      -0.29084513990423194,
      0.26837068524805174,
      0.4443421749126227,
      0.3268963301663881,
      0.4997113805544645,
      -0.29255487784566653,
      -0.36528449950822833,
      0.3037491088054281,
      0.49879075243215354,
      -0.4015835511879156,
      0.22549571840900082,
      -0.4068442833154065,
      -0.0869917699639592,
      -0.23402923292733013,
      -0.3489762299130065,
      -0.18076432013648466,
      0.43211097271620635,
      0.39239244515364996,
      0.4382923329660081,
      0.07017260234483172,
      0.12659395441217172,
      -0.435515273410232,
      -0.49719735760506284,
      0.4703827989437027,
      -0.47497076436641383,
      -0.38501224498631925,
      -0.18773479020541012,
      -0.28505833456399193,
      -0.3160966541161883,
      -0.19904536427951558,
      0.49484520333653537,
      -0.16195720278070466,
      -0.4455106644524647,
      -0.008212306354782829,
      0.3009872244384954,
      -0.004792830471913738,
      -0.37343863430583923,
      -0.4916735888711974,
      0.49642342297478265,
      -0.08002129989503375,
      0.4177754776687936,
      0.07661699920100809,
      -0.1463065247014192,
      0.49773860600665537,
      -0.17510903309943193,
      -0.4848346371054592
    ],
    "max_abs_deviation_pct": 0.4997113805544645,
    "range_pct": 0.9969087381595274
  },
  "compactness": {
    "polsby_popper": [
      0.09904191316096632,
      0.40512696856870506,
      0.24132920260872698,
      0.2964367929498993,
      0.24644275704859855,
      0.4308210585724404,
      0.38357786798260063,
      0.3623395765342797,
      0.3877352301360349,
      0.2849993776483963,
      0.42265685033408157,
      0.4780613658963379,
      0.4583798698348841,
      0.3416529399008599,
      0.4618145720382385,
      0.36165792565476,
      0.5253210036591723,
      0.4404631807050047,
      0.42699379074965893,
      0.3429193381401474,
      0.3635557987554531,
      0.25306151432357893,
      0.3876705218131513,
      0.5218967550823356,
      0.3697626344730947,
      0.41356591074423865,
      0.5191575471989658,
      0.3758779101160558,
      0.41252558805930245,
      0.4255210489846292,
      0.26129543260492233,
      0.35099284441888556,
      0.4893105580679192,
      0.40040845913233325,
      0.4312017060935428,
      0.5204991861198739,
      0.5424142404107806,
      0.16178129276383169,
      0.43324188932899654,
      0.4134472052069087,
      0.553860546918658,
      0.41648673227847005,
      0.44718760559878123,
      0.31603164333946215,
      0.26345058906491436,
      0.3197699129638534,
      0.37261371202368626,
      0.41522175819954754,
      0.49205907918224606,
      0.4381392030186979,
      0.39358064957654804,
      0.23227484067339485
    ],
    "reock": [
      0.15955858521970193,
      0.5391733802827156,
      0.17439860102557886,
      0.5347758374061332,
      0.4572321815047305,
      0.4048942049260994,
      0.5582831549413687,
      0.3814169601874159,
      0.5165275891430737,
      0.34615318367381004,
      0.49036965742669725,
      0.5660533595115603,
      0.6505780715522902,
      0.5692975963124326,
      0.563055636576522,
      0.4289766554940844,
      0.4575879439046642,
      0.31981999954833834,
      0.4046298224363323,
      0.42874446208400724,
      0.47162655302219064,
      0.25815731617511123,
      0.38029033232596376,
      0.507495025361763,
      0.5274521435128889,
      0.4368757734082222,
      0.6138343412345204,
      0.49536402694657433,
      0.5290219304651456,
      0.4878678093092464,
      0.4874159508302696,
      0.43952915737196496,
      0.5095678984618929,
      0.5197347548859038,
      0.4478448022386064,
      0.5159398823765942,
      0.5586573845575283,
      0.14473200228938315,
      0.46405008105388884,
      0.5038260547000599,
      0.6616473098989794,
      0.5159517145161012,
      0.37650206673338843,
      0.42044301717914684,
      0.2767183191896613,
      0.5068379739898408,
      0.3851147675895228,
      0.4803235494910564,
      0.49719173192486527,
      0.5069958689500057,
      0.42405425081703363,
      0.42737643253587126
    ],
    "schwartzberg": [
      3.1775360727990924,
      1.5711021496006592,
      2.0356122749168293,
      1.8366819032676218,
      2.0143826427735796,
      1.5235318517873244,
      1.6146307884884248,
      1.661277234790177,
      1.6059512889960208,
      1.8731736683796563,
      1.5381760461076919,
      1.446299299990526,
      1.47702290949644,
      1.7108322129936788,
      1.4715200495509804,
      1.6628420809052986,
      1.3797093814649055,
      1.5067638588262762,
      1.530344546303635,
      1.7076702465086246,
      1.6584961281016235,
      1.9878652815031488,
      1.6060853126999823,
      1.3842282289769825,
      1.644517460052139,
      1.5549901170372142,
      1.3878751956530528,
      1.631085016607632,
      1.556949598988665,
      1.5329905441700207,
      1.9562938552172509,
      1.68791615038515,
      1.4295775077731567,
      1.5803321595857238,
      1.5228592470000029,
      1.3860853476868196,
      1.3577957925136666,
      2.486198781510997,
      1.5192693607071468,
      1.5552133289585506,
      1.3436921652351448,
      1.5495279506483608,
      1.4953922343512926,
      1.7788311061027577,
      1.9482756964974233,
      1.768402827547161,
      1.6382138136642448,
      1.5518864760039766,
      1.42557928232721,
      1.5107546617798113,
      1.5939809653130184,
      2.0749083316677006
    ],