{
  "name": "metis+kl",
  "status": "ok",
  "total_internal_boundary_km": 7388.416649910274,
  "max_abs_deviation_pct": 0.4997113805544645,
  "runtime_seconds": 163.93580962502165,
  "refine_iterations": 99,
  "refine_improvement_pct": 0.06344492099971953,
  "error": null
}