{
  "state": "WA",
  "state_name": "Washington",
  "algorithm": "splitline-realized",
  "districts": 10,
  "total_internal_boundary_km": 2363.31177051734,
  "population": {
    "ideal": 770528.1,
    "per_district": [
      770354,
      770534,
      770436,
      770560,
      770636,
      770922,
      770310,
      771085,
      770649,
      769795
    ],
    "deviations_pct": [
      -0.022594893035046575,
      0.000765708609461911,
      -0.011952841174770487,
      0.004140017735890914,
      0.014003382874683386,
      0.051120783265402425,
      -0.02830526232592643,
      0.07227510586570733,
      0.01569053743789789,
      -0.09514253925327015
    ],
    "max_abs_deviation_pct": 0.09514253925327015,
    "range_pct": 0.1674176451189775
  },
  "compactness": {
    "polsby_popper": [
      0.3555156536137094,
      0.4009082273374568,
      0.25589012028348396,
      0.2267116033405044,
      0.3542698076087344,
      0.24715394332828367,
      0.36335048065450326,
      0.26823670858120174,
      0.17733662369069775,
      0.4446019623036817
    ],
    "reock": [
      0.2992022425140464,
      0.5669601654913268,
      0.36722450235496357,
      0.3552562644561877,
      0.4999700314670966,
      0.352690726605194,
      0.533201331999063,
      0.44078823377214754,
      0.20810794461340926,
      0.45928791329867824
    ],
    "schwartzberg": [
      1.6771450939081127,
      1.5793468392484349,
      1.9768478321219778,
      2.1002119528160454,
      1.6800914792755857,
      2.0114823585571546,
      1.658964644317983,
      1.9308160235015446,
      2.374656420376513,
      1.4997342592473695
    ],
    "convex_hull_ratio": [
      0.8683872301696846,
      0.9575840016605586,
      0.8984507512417181,
      0.8851819026523687,
      0.8932876843575378,
      0.8895617181633512,
      0.8591523808824527,
      0.896599661637653,
      0.8661358724689114,
      0.874000663864354
    ]
  },
  "runtime_seconds": 113.93361579200064,
  "seed": 42,
  "districtmaker_version": "0.1.0",
  "generated_at": "2026-05-14T18:15:03.959919+00:00"
}