{
  "state": "CA",
  "state_name": "California",
  "algorithm": "metis+kl",
  "districts": 52,
  "total_internal_boundary_km": 7480.847819237262,
  "population": {
    "ideal": 760350.4423076923,
    "per_district": [
      760065,
      758688,
      763076,
      761460,
      764030,
      756553,
      756554,
      756553,
      756898,
      757757,
      758762,
      760444,
      757377,
      758116,
      763722,
      764128,
      758106,
      757171,
      758164,
      757560,
      756629,
      763769,
      762957,
      763645,
      760574,
      762266,
      763538,
      764040,
      764131,
      761501,
      764147,
      762022,
      764104,
      763076,
      757223,
      764126,
      760717,
      760955,
      762017,
      760732,
      758035,
      763403,
      757261,
      758642,
      762395,
      759704,
      757670,
      759654,
      758576,
      759384,
      758389,
      757757
    ],
    "deviations_pct": [
      -0.03754088796554465,
      -0.21864159145441922,
      0.3584607229313336,
      0.14592714498070083,
      0.48392918417199177,
      -0.4994331687592465,
      -0.49930165045605923,
      -0.4994331687592465,
      -0.45405935415963744,
      -0.34108513172177013,
      -0.20890923701856104,
      0.01230454894243172,
      -0.39106208693293376,
      -0.29387006087753925,
      0.44342154679031176,
      0.4968179778843445,
      -0.295185243909412,
      -0.418154857389512,
      -0.28755718232455013,
      -0.36699423744966286,
      -0.4894377777170138,
      0.4496029070401136,
      0.34281004485204813,
      0.4332946374448918,
      0.029401928356777178,
      0.25193089734964264,
      0.41922217900385356,
      0.4852443672038645,
      0.4972125327939063,
      0.151319395411379,
      0.4993168256449027,
      0.21984043137194811,
      0.4936615386078499,
      0.3584607229313336,
      -0.41131590562377374,
      0.49655494127797,
      0.04820904571255718,
      0.0795104018711281,
      0.21918283985601175,
      0.05018182026036627,
      -0.3045230434357083,
      0.4014672080735718,
      -0.40631821010265745,
      -0.22469143340103376,
      0.26889675846080086,
      -0.08501899541615011,
      -0.3525272240990629,
      -0.09159491057551375,
      -0.23337164141139377,
      -0.1271048524360774,
      -0.2579655641074137,
      -0.34108513172177013
    ],
    "max_abs_deviation_pct": 0.4994331687592465,
    "range_pct": 0.9987499944041491
  },
  "compactness": {
    "polsby_popper": [
      0.41775546015724796,
      0.35142906305599536,
      0.37048030829747275,
      0.5509450148945602,
      0.26841209507224023,
      0.31549148546147404,
      0.3761867928015352,
      0.24435901865542956,
      0.3480912238377986,
      0.406412919429964,
      0.42371747966731005,
      0.23799614589706564,
      0.26457372467091583,
      0.3884885321903082,
      0.30101077129845744,
      0.31463197332044285,
      0.35220898492767644,
      0.4271682824177031,
      0.37320066656990636,
      0.42730937970074456,
      0.3911778748734925,
      0.14427526519453407,
      0.36869150520113014,
      0.3122319450889531,
      0.4683184826506786,
      0.3872599773778008,
      0.31854068479814374,
      0.33896379348091293,
      0.32430522462899447,
      0.3870649572778871,
      0.21335225809121086,
      0.13931245137962234,
      0.45442734394050643,
      0.4438508601125597,
      0.4536204381082389,
      0.3713578234227479,
      0.2701015288878324,
      0.5096103906611363,
      0.3127229875202181,
      0.4686505276479748,
      0.5046835068336228,
      0.34128485003323594,
      0.3396102697092518,
      0.35809983844565463,
      0.4362806105514434,
      0.4539794054189827,
      0.49757867853174986,
      0.4571591969789881,
      0.22126319221508733,
      0.3575596313414192,
      0.5101972956045308,
      0.32167404654177206
    ],
    "reock": [
      0.5950645401922929,
      0.41406902737622037,
      0.5020730098493603,
      0.7134830025264357,
      0.39295034444852983,
      0.4569215598449655,
      0.4371056173521065,
      0.43634523429588834,
      0.6165123153677808,
      0.5826897547874763,
      0.5410003296870025,
      0.547941649288163,
      0.4448696458224276,
      0.39230254792793695,
      0.521209299236037,
      0.49457202522295335,
      0.3557430828740515,
      0.4103492450017518,
      0.5449071572210983,
      0.5056683998237128,
      0.5766457481634846,
      0.19255719178001118,
      0.2917888604669654,
      0.2936086412236769,
      0.5438377694237913,
      0.30932225498950244,
      0.5374889053968984,
      0.5403213592792143,
      0.4444492809032306,
      0.5066340392257446,
      0.40141032599168014,
      0.39992333687338893,
      0.5393898050740794,
      0.5397872677157848,
      0.6028098242222697,
      0.5354693249739778,
      0.32081695088474677,
      0.48414527948740416,
      0.5339423539894492,
      0.6105856045994006,
      0.42285435140869876,
      0.5060743605072836,
      0.306190593640918,
      0.4648782563646883,
      0.4694701726331097,
      0.621171794208214,
      0.4840982526054481,
      0.3928209312155053,
      0.154792353721554,
      0.36191234716084797,
      0.5975657491732621,
      0.3051491255883374
    ],
    "schwartzberg": [
      1.5471731948095517,
      1.6868682445784093,
      1.6429238540895355,
      1.3472427993894884,
      1.9301851011435525,
      1.7803532370636967,
      1.6304152464412365,
      2.02295309811427,
      1.6949366204143335,
      1.5686145799650466,
      1.536249695503133,
      2.0498167513629775,
      1.9441360091658735,
      1.6043935165959977,
      1.8226739294989467,
      1.7827833644863884,
      1.68499953221784,
      1.5300319532825895,
      1.6369250493295975,
      1.5297793246417148,
      1.598868912788994,
      2.632716282206554,
      1.6469045685712942,
      1.7896220938521772,
      1.4612662407292916,
      1.6069364137241242,
      1.7718116189413227,
      1.7176051923400202,
      1.7559939987852273,
      1.6073411848481765,
      2.1649674846715876,
      2.679199372856497,
      1.4834324399538326,
      1.5010026780279822,
      1.4847512280358557,
      1.6409815990409506,
      1.9241391614700365,
      1.4008152555764708,
      1.788216495832833,
      1.460748485930674,
      1.4076362548856123,
      1.711754566116113,
      1.7159696118535122,
      1.6710826780241175,
      1.5139692134587048,
      1.4841641060775437,
      1.4176503153073312,
      1.4789935138889696,
      2.125912635102025,
      1.6723445514956548,
      1.4000093105234608,
      1.76316107250419
    ],