{
  "state": "OH",
  "state_name": "Ohio",
  "algorithm": "metis",
  "districts": 15,
  "total_internal_boundary_km": 2188.9304436501375,
  "population": {
    "ideal": 786629.8666666667,
    "per_district": [
      785195,
      785974,
      785177,
      789815,
      788758,
      788392,
      789790,
      783469,
      786783,
      785444,
      785478,
      783486,
      786593,
      788067,
      787027
    ],
    "deviations_pct": [
      -0.1824068380147992,
      -0.08337678169352045,
      -0.1846950806512344,
      0.4049087720035678,
      0.2705380794084565,
      0.2240104791342742,
      0.4017306572307411,
      -0.4018238819307519,
      0.019467012355150293,
      -0.15075281487744566,
      -0.1464305787864014,
      -0.39966276388522975,
      -0.00468665991833233,
      0.1826949870875276,
      0.05048541253793851
    ],
    "max_abs_deviation_pct": 0.4049087720035678,
    "range_pct": 0.8067326539343197
  },
  "compactness": {
    "polsby_popper": [
      0.5454434409997646,
      0.5291317243628658,
      0.5510236754429536,
      0.3966717389105574,
      0.5085979078361107,
      0.4834888433450191,
      0.5024694466508335,
      0.582474690585596,
      0.5861291980959881,
      0.5137054428189651,
      0.4948509587318835,
      0.42545960567585295,
      0.5294922442710243,
      0.5476785829009246,
      0.4639741973260755
    ],
    "reock": [
      0.6083028783366566,
      0.49212606723866875,
      0.6100321098622811,
      0.4566693267443268,
      0.5919601182979554,
      0.6369254008260467,
      0.5797149886811216,
      0.6435170707610556,
      0.588246524242526,
      0.5202991790024263,
      0.4743543307870078,
      0.5508495883265113,
      0.6441905306882434,
      0.5395742950987163,
      0.5249053305746924
    ],
    "schwartzberg": [
      1.3540201835273837,
      1.374732182635214,
      1.3471466341569562,
      1.5877582206406171,
      1.4022088871685516,
      1.4381585630060525,
      1.410734120580258,
      1.3102720298930393,
      1.3061808787870277,
      1.3952207174045939,
      1.4215521351823384,
      1.5331012345970667,
      1.3742640901198913,
      1.3512543994874398,
      1.4680913690556494
    ],
    "convex_hull_ratio": [
      0.9083945132068483,
      0.894813285914667,
      0.8856355847077134,
      0.8693015655910518,
      0.8602952540204517,
      0.8467183064097682,
      0.8686466801079423,
      0.9241867186592143,
      0.9167822996337904,
      0.8824406631067011,
      0.9031603956959008,
      0.7806051191255095,
      0.9136342248790081,
      0.8540708417151924,
      0.8202463201943222
    ]
  },
  "runtime_seconds": 24.331551834002312,
  "seed": 42,
  "districtmaker_version": "0.1.0",
  "generated_at": "2026-05-14T20:34:44.715688+00:00"
}