{
  "state": "CA",
  "state_name": "California",
  "algorithm": "splitline-realized",
  "districts": 52,
  "total_internal_boundary_km": 8520.756661951506,
  "population": {
    "ideal": 760350.4423076923,
    "per_district": [
      761056,
      760150,
      760262,
      760944,
      759509,
      760227,
      760153,
      760043,
      759253,
      761623,
      759592,
      761151,
      760526,
      759693,
      760355,
      760681,
      760633,
      760248,
      760372,
      760433,
      760470,
      760319,
      760541,
      760174,
      760297,
      760236,
      759738,
      761003,
      760073,
      760413,
      760396,
      760612,
      760188,
      760522,
      760483,
      760050,
      760548,
      760202,
      760395,
      760405,
      760021,
      759293,
      761590,
      760466,
      760668,
      759654,
      760504,
      760457,
      760515,
      760357,
      760389,
      760340
    ],
    "deviations_pct": [
      0.09279375049304263,
      -0.02636183219462647,
      -0.011631782237651921,
      0.07806370053606809,
      -0.11066506453766829,
      -0.016234922849206468,
      -0.02596727728506465,
      -0.04043429063566465,
      -0.1443337501536101,
      0.16736462840022628,
      -0.09974904537312465,
      0.10528798929583354,
      0.02308904980378808,
      -0.08646569675121012,
      0.0005994199587644442,
      0.04347438679781536,
      0.037161508244826266,
      -0.01347303848227374,
      0.0028352311129480807,
      0.010857847607371717,
      0.015724024825300807,
      -0.004135238955977374,
      0.025061824351597175,
      -0.023205392918131923,
      -0.007028641626097376,
      -0.015051258120521013,
      -0.08054737310778284,
      0.08582328042411719,
      -0.036488741540046464,
      0.008227481543626262,
      0.005991670389442627,
      0.03439962387789354,
      -0.021364136673510104,
      0.02256297659103899,
      0.017433762766735354,
      -0.03951366251335374,
      0.025982452473908083,
      -0.019522880428888285,
      0.005860152086255354,
      0.007175335118128081,
      -0.04332769330578465,
      -0.1390730180261192,
      0.16302452439504628,
      0.015197951612551719,
      0.04176464885638081,
      -0.09159491057551375,
      0.020195647133668084,
      0.014014286883866264,
      0.021642348468728083,
      0.0008624565651389897,
      0.005071042267131717,
      -0.0013733545890446469
    ],
    "max_abs_deviation_pct": 0.16736462840022628,
    "range_pct": 0.3116983785538364
  },
  "compactness": {
    "polsby_popper": [
      0.4429522058675685,
      0.35942948257347995,
      0.13840045752607735,
      0.17968161953446216,
      0.27064830125384776,
      0.28308443808405426,
      0.2598651770357734,
      0.349320879534558,
      0.2810470914211326,
      0.37610748688314666,
      0.37584234088809265,
      0.31767308536525196,
      0.27262498837419613,
      0.3230283984812674,
      0.3405300095833778,
      0.28405504014367666,
      0.24167049558805462,
      0.3435753676981779,
      0.40827970328898244,
      0.29977804248285705,
      0.41011736819151634,
      0.3569055456340272,
      0.31881405456754897,
      0.4039710576195456,
      0.40108509798361086,
      0.21784229466963073,
      0.47924509482910144,
      0.34912232564988954,
      0.24832575062841397,
      0.3657037770095748,
      0.18556631647360314,
      0.2068302941405793,
      0.11503195861074784,
      0.3178748289716199,
      0.25214086511001826,
      0.39241088366254195,
      0.18571895443687966,
      0.24781947691356468,
      0.40106069599780153,
      0.31149832663692145,
      0.21876326810866142,
      0.20423261810814738,
      0.19988384506667328,
      0.4892729559920964,
      0.17552678524666498,
      0.16540378590384194,
      0.23969272836941463,
      0.2374860925797481,
      0.220476279010798,
      0.30424113833239097,
      0.218099090352175,
      0.4618140885837126
    ],
    "reock": [
      0.6192775863974687,
      0.43812535508165174,
      0.18231874442587762,
      0.25838654766414054,
      0.3702603304710694,
      0.2899202871945736,
      0.43302054975467896,
      0.47509613587451743,
      0.5794259683511424,
      0.3402802799469028,
      0.583876169776794,
      0.46628648739156037,
      0.4438905611119551,
      0.43837887198914655,
      0.5678060449968816,
      0.43639467118028685,
      0.27667092583741654,
      0.40160176017140176,
      0.4274514750312438,
      0.4480951285227151,
      0.4922437398116087,
      0.40870959470731966,
      0.48665155304433355,
      0.5895011195849164,
      0.4132020881543329,
      0.16472806639792428,
      0.559414506638921,
      0.4115868382053049,
      0.3305206093900995,
      0.5274032674350558,
      0.29097112207059606,
      0.38044956239038763,
      0.23102675930170638,
      0.5717698210083753,
      0.4607659326446078,
      0.5071919539841351,
      0.28752286406412203,
      0.37751156990482765,
      0.5686591904564422,
      0.5007639859786606,
      0.2517212723076026,
      0.21515846777019604,
      0.39902263573824526,
      0.6213227082686844,
      0.2754366348977207,
      0.2799063338392586,
      0.36399532239217197,
      0.4948914851122886,
      0.33134416548072937,
      0.3539487816410203,
      0.34806407974942494,
      0.5905971718204415
    ],
    "schwartzberg": [
      1.5025245114853114,
      1.6679888806197747,
      2.688012209808039,
      2.3591099009909775,
      1.922194575066187,
      1.8794985809868199,
      1.9616700291959603,
      1.6919507899311408,
      1.8862986435824742,
      1.6305871318298262,
      1.6311621966587952,
      1.7742294734545248,
      1.915213392524413,
      1.7594610126133676,
      1.7136507078720358,
      1.876284756300094,
      2.034174396387253,
      1.7060391379574777,
      1.5650243705239157,
      1.8264176285707543,
      1.5615141323304864,
      1.6738762676245165,
      1.7710518287111388,
      1.5733482968146435,
      1.5789985703897451,
      2.142539801542759,
      1.4445120257717277,
      1.692431847179885,
      2.0067308236488253,
      1.653618327731936,
      2.3214023860670716,
      2.1988364377449825,
      2.948429465863014,
      1.7736663645973711,
      1.9914911496300276,
      1.5963550038233674,
      2.320448237450824,
      2.0087795664145918,
      1.5790466056560069,
      1.7917282491267918,
      2.1380250961698932,
      2.2127759758363976,
      2.2367175862878352,
      1.42963244035058,
      2.3868674422568374,
      2.458823057714986,
      2.042549407527913,
      2.0520167855968268,
      2.12970310787548,
      1.8129717267239815,
      2.141278088303155,
      1.471520819788246
    ],