{
  "state": "AZ",
  "state_name": "Arizona",
  "algorithm": "metis",
  "districts": 9,
  "total_internal_boundary_km": 1609.4646543888514,
  "population": {
    "ideal": 794611.3333333334,
    "per_district": [
      793711,
      793632,
      796755,
      791415,
      793987,
      791438,
      797790,
      794948,
      797826
    ],
    "deviations_pct": [
      -0.1133048693826884,
      -0.1232468368183404,
      0.26977549611255996,
      -0.4022511634618902,
      -0.07857090720243592,
      -0.3993566666135358,
      0.4000278542885068,
      0.042368721983153335,
      0.40455837109462667
    ],
    "max_abs_deviation_pct": 0.40455837109462667,
    "range_pct": 0.8068095345565169
  },
  "compactness": {
    "polsby_popper": [
      0.3896831480063984,
      0.3585296803203263,
      0.41202318617798483,
      0.3978814386197978,
      0.4114262473516819,
      0.5035885702459437,
      0.4397081783225051,
      0.555056292984395,
      0.4200837222430743
    ],
    "reock": [
      0.6012844253917926,
      0.45211001731135914,
      0.5907826431398413,
      0.6253366165934343,
      0.4837173239051227,
      0.6814882252803618,
      0.4119034502403444,
      0.6253250270056583,
      0.522304280526182
    ],
    "schwartzberg": [
      1.6019324080672743,
      1.6700806455944075,
      1.5578985457108325,
      1.5853427111394867,
      1.559028314480036,
      1.4091657133098991,
      1.5080569009434721,
      1.3422440410523804,
      1.5428797294839232
    ],
    "convex_hull_ratio": [
      0.7873649201212207,
      0.7801556754929919,
      0.827515668376719,
      0.8253108897301319,
      0.847808158920558,
      0.8808045689696292,
      0.9072044059222961,
      0.9169023069555371,
      0.8539030466856955
    ]
  },
  "runtime_seconds": 18.438355708000017,
  "seed": 42,
  "districtmaker_version": "0.1.0",
  "generated_at": "2026-05-14T16:07:55.888332+00:00"
}