{
  "state": "MA",
  "state_name": "Massachusetts",
  "algorithm": "annealing",
  "districts": 9,
  "total_internal_boundary_km": 722.2920722441922,
  "population": {
    "ideal": 781101.8888888889,
    "per_district": [
      781675,
      781465,
      780144,
      780993,
      781265,
      779961,
      781809,
      781313,
      781292
    ],
    "deviations_pct": [
      0.07337213227410959,
      0.04648703533768772,
      -0.1226330268195184,
      -0.01394042063369857,
      0.020882181112524035,
      -0.14606146843554318,
      0.09052738460496926,
      0.027027346126563323,
      0.024338836432921136
    ],
    "max_abs_deviation_pct": 0.14606146843554318,
    "range_pct": 0.23658885304051244
  },
  "compactness": {
    "polsby_popper": [
      0.3267369202931252,
      0.33357229606719496,
      0.31973047490425294,
      0.4841030496528513,
      0.2469688811039085,
      0.23949414424487453,
      0.3282928281082277,
      0.5152071348396966,
      0.6344814057479834
    ],
    "reock": [
      0.6194702800526581,
      0.4807256995632555,
      0.3999576553204112,
      0.5808613077902915,
      0.36077469136657075,
      0.32577621090747355,
      0.4260224402705558,
      0.5243220137554635,
      0.6124615272213821
    ],
    "schwartzberg": [
      1.7494474207355428,
      1.7314302977818163,
      1.7685118885079922,
      1.437245940765997,
      2.012235853672041,
      2.0433960541950538,
      1.7452968401013587,
      1.3931858845793565,
      1.255424357391746
    ],
    "convex_hull_ratio": [
      0.8512568118997258,
      0.9246502129046313,
      0.8879961197883343,
      0.8855405387627713,
      0.913633709067571,
      0.8269774201939614,
      0.9465555403794316,
      0.9613716088508408,
      0.9603515289963913
    ]
  },
  "runtime_seconds": 79.22294362499815,
  "seed": 42,
  "districtmaker_version": "0.1.0",
  "generated_at": "2026-05-14T18:01:37.153700+00:00"
}