{
  "state": "MN",
  "state_name": "Minnesota",
  "algorithm": "metis+kl",
  "districts": 8,
  "total_internal_boundary_km": 1289.257956969317,
  "population": {
    "ideal": 713311.75,
    "per_district": [
      710950,
      714714,
      710372,
      711896,
      713879,
      713202,
      714696,
      716785
    ],
    "deviations_pct": [
      -0.33109646658701475,
      0.1965830508189442,
      -0.41212695571045904,
      -0.19847563144725994,
      0.07952343417867433,
      -0.0153859795524187,
      0.19405960998118985,
      0.48691893831834404
    ],
    "max_abs_deviation_pct": 0.48691893831834404,
    "range_pct": 0.8990458940288031
  },
  "compactness": {
    "polsby_popper": [
      0.5441567503062538,
      0.451097461460821,
      0.6349544198963205,
      0.5398700377972471,
      0.37335466897610436,
      0.27856313169984365,
      0.6036565171383347,
      0.5251314270838722
    ],
    "reock": [
      0.6543171939497635,
      0.6048447184373799,
      0.6633146868635987,
      0.556873545177538,
      0.3906408138916469,
      0.40537006226963157,
      0.49729192806237,
      0.5448159269365396
    ],
    "schwartzberg": [
      1.3556200685762398,
      1.4888975265424307,
      1.2549566512848087,
      1.3609914201448,
      1.6365874127357398,
      1.8946900824579431,
      1.2870785517482908,
      1.3799584019613587
    ],
    "convex_hull_ratio": [
      0.9076874905555655,
      0.8372029006453762,
      0.9339484051144817,
      0.9124310911584649,
      0.8274517352937049,
      0.8242630511752774,
      0.9474544512316729,
      0.8541866287773147
    ]
  },
  "runtime_seconds": 27.825163582998357,
  "seed": 42,
  "districtmaker_version": "0.1.0",
  "generated_at": "2026-05-14T16:58:33.097837+00:00"
}