{
  "state": "NJ",
  "state_name": "New Jersey",
  "algorithm": "metis+kl",
  "districts": 12,
  "total_internal_boundary_km": 686.887683811959,
  "population": {
    "ideal": 774082.8333333334,
    "per_district": [
      777496,
      771238,
      777953,
      770414,
      772175,
      772507,
      776770,
      773960,
      770920,
      773182,
      775691,
      776688
    ],
    "deviations_pct": [
      0.4409304172227857,
      -0.36751019539899005,
      0.4999680266775879,
      -0.47395875161508844,
      -0.24646371824548993,
      -0.2035742514205571,
      0.34714200482850494,
      -0.015868241490956562,
      -0.4085910702493776,
      -0.11637428121926296,
      0.20775123764747325,
      0.33654882326331065
    ],
    "max_abs_deviation_pct": 0.4999680266775879,
    "range_pct": 0.9739267782926764
  },
  "compactness": {
    "polsby_popper": [
      0.5810239701232687,
      0.49456439963661075,
      0.3185755673378693,
      0.4809674359055041,
      0.45309430493713987,
      0.5776448088904389,
      0.46410255876545053,
      0.6478338419964025,
      0.4826802896053224,
      0.5747352145800533,
      0.5877378258907782,
      0.5221752131964693
    ],
    "reock": [
      0.5382351787813314,
      0.4827653333551234,
      0.32125538769084366,
      0.4822621181878768,
      0.4431279847746651,
      0.6584423885018966,
      0.5407878492417616,
      0.6598396727697955,
      0.4568991569411495,
      0.5782405032707044,
      0.5091650439365609,
      0.5869449428497122
    ],
    "schwartzberg": [
      1.3119067760498795,
      1.4219639113872933,
      1.771714613728963,
      1.4419233123427484,
      1.4856130245970651,
      1.3157384386806128,
      1.4678883327335852,
      1.2424192862216863,
      1.4393626125019048,
      1.3190646940241775,
      1.3043921573083936,
      1.3838590990634094
    ],
    "convex_hull_ratio": [
      0.8931973681544056,
      0.9013939494880431,
      0.7474835590221349,
      0.8350705621709648,
      0.8383884928490998,
      0.9104336078484703,
      0.868689244169246,
      0.91971931459051,
      0.860109406625944,
      0.9052682772203708,
      0.9037173598967436,
      0.8599792372722627
    ]
  },
  "runtime_seconds": 13.308769082999788,
  "seed": 42,
  "districtmaker_version": "0.1.0",
  "generated_at": "2026-05-14T18:38:15.676764+00:00"
}