{
  "state": "CA",
  "state_name": "California",
  "algorithm": "metis+kl",
  "districts": 52,
  "total_internal_boundary_km": 9235.968334604922,
  "population": {
    "ideal": 760350.4423076923,
    "per_district": [
      762611,
      762881,
      763356,
      762486,
      757970,
      758664,
      758041,
      759534,
      759474,
      758393,
      763309,
      763271,
      757958,
      757845,
      756696,
      758669,
      756901,
      757531,
      757487,
      762241,
      759835,
      760371,
      760895,
      758951,
      757922,
      761724,
      763517,
      761430,
      764149,
      762247,
      764097,
      759539,
      764108,
      762980,
      764149,
      760740,
      758199,
      761692,
      759984,
      760580,
      758009,
      756566,
      763108,
      756749,
      760578,
      762013,
      762331,
      757421,
      757233,
      757790,
      761282,
      762716
    ],
    "deviations_pct": [
      0.29730471194925173,
      0.3328146538098154,
      0.39528584782376996,
      0.2808649240508426,
      -0.31307173314288106,
      -0.22179803073091378,
      -0.3037339336165847,
      -0.10737710695798647,
      -0.11526820514922284,
      -0.25743949089466467,
      0.3891044875739681,
      0.38410679205285175,
      -0.3146499527811283,
      -0.32951152104129017,
      -0.48062605140346654,
      -0.22114043921497742,
      -0.4536647992500756,
      -0.3708082682420938,
      -0.3765950735823338,
      0.24864293976996082,
      -0.06779009769861738,
      0.002703712809760808,
      0.07161930367989172,
      -0.1840522777161665,
      -0.3193846116958701,
      0.18064797702214083,
      0.41646029463692086,
      0.14198159588508263,
      0.4995798622512772,
      0.2494320495890845,
      0.4927409104855391,
      -0.1067195154420501,
      0.49418761182059906,
      0.3458349658253554,
      0.4995798622512772,
      0.05123396668586445,
      -0.2829540417129956,
      0.1764393913201481,
      -0.04819387052371374,
      0.03019103817590081,
      -0.3079425193185774,
      -0.497723430817812,
      0.3626693086333263,
      -0.4736555813345411,
      0.029928001569526266,
      0.21865676664326264,
      0.26047958705681534,
      -0.38527528159269375,
      -0.410000722591901,
      -0.33674502771659015,
      0.12251688701336629,
      0.3111141337839154
    ],
    "max_abs_deviation_pct": 0.4995798622512772,
    "range_pct": 0.9973032930690893
  },
  "compactness": {
    "polsby_popper": [
      0.23805646002824324,
      0.2041469441858426,
      0.2444079196248008,
      0.29042480406047194,
      0.17132939734259672,
      0.2440220952645929,
      0.32847493737031636,
      0.33710811118794515,
      0.3302675369923667,
      0.2749353324942135,
      0.31752327640743294,
      0.22488928882138545,
      0.2704470738952003,
      0.047696078426034384,
      0.24296982164168934,
      0.05884313316755386,
      0.11203216013246646,
      0.3051849535874374,
      0.29365564468382677,
      0.18098903746467632,
      0.09639541615635092,
      0.2809133684769696,
      0.41743616743490275,
      0.3193227176107921,
      0.2546523967761666,
      0.2642778962779565,
      0.19650866296448588,
      0.26550077673861844,
      0.35637391227295334,
      0.26309102823376446,
      0.4209836971574219,
      0.31335761521611466,
      0.26291246020835396,
      0.2089114118179405,
      0.3294590129979137,
      0.3013928448114688,
      0.2875156062588385,
      0.2323160107209746,
      0.3447405969151209,
      0.40605953621898583,
      0.4374780469753375,
      0.28601162351643633,
      0.22353785512072666,
      0.43265792259604086,
      0.18749452637805294,
      0.32747973106912415,
      0.29241826201645077,
      0.26271412855861903,
      0.31778877554573404,
      0.2827713919610507,
      0.3824956505869069,
      0.1925627472373841
    ],
    "reock": [
      0.1203627833201012,
      0.49470339325105234,
      0.42158978181031687,
      0.3791056918648587,
      0.2784821515617385,
      0.42346062572065357,
      0.5280060102530725,
      0.4337762181383768,
      0.31048474996082376,
      0.4653840377070584,
      0.4654170666587615,
      0.48761155126871364,
      0.3281478438324099,
      0.21000904302858867,
      0.28084145064945965,
      0.19509240937935676,
      0.5285419461505544,
      0.3789434016760569,
      0.5787665180979507,
      0.2878400021734878,
      0.3075822615932456,
      0.46385392333096237,
      0.5366389710043066,
      0.41066848096506164,
      0.4682172332050658,
      0.4128055228800634,
      0.37597055576911986,
      0.2969430221088607,
      0.5870718614532178,
      0.5399128653288586,
      0.43790724604528397,
      0.3755831181198739,
      0.21575351272034637,
      0.3131470717743698,
      0.43601543593895736,
      0.3699905913185884,
      0.46857802240543195,
      0.3257889082232643,
      0.5551035307314665,
      0.5654105949404465,
      0.39095604236885817,
      0.34802628233040017,
      0.24640655312181944,
      0.4428700016985662,
      0.14425238156431217,
      0.3325938405020712,
      0.4275199225716142,
      0.3838939955478759,
      0.4258978022156638,
      0.3254095791801143,
      0.5192222637045492,
      0.22132704879637682
    ],
    "schwartzberg": [
      2.049557063496626,
      2.2132402426714792,
      2.0227507124544326,
      1.8555948028954365,
      2.415928384808492,
      2.0243491706972696,
      1.7448129694185661,
      1.7223261633527205,
      1.7400713487399073,
      1.9071494291239746,
      1.7746479689548644,
      2.108703964170949,
      1.9229095508442753,
      4.578873690961929,
      2.028728043399341,
      4.122418756270326,
      2.9876426122388935,
      1.8101661569416025,
      1.8453588133322167,
      2.350573657691282,
      3.2208597092491438,
      1.8867475567084966,
      1.547764790305853,
      1.7696406737768777,
      1.9816461869468582,
      1.945223821997415,
      2.255844448567682,
      1.9407388602511142,
      1.6751243343351108,
      1.949606575108578,
      1.541229670390278,
      1.7864047848168265,
      1.9502685412687317,
      2.1878569255102267,
      1.7422051913108838,
      1.8215182678978723,
      1.8649589997190466,
      2.074724470341417,
      1.7031534765091794,
      1.5692969940656918,
      1.5118958247257104,
      1.86985598337193,
      2.115068611852743,
      1.5202943085376708,
      2.309434786265673,
      1.7474621892585056,
      1.849259056251092,
      1.9510045637370188,
      1.7739064922349608,
      1.880538656132284,
      1.6169133599077496,
      2.2788401544558448
    ],