{
  "state": "ID",
  "state_name": "Idaho",
  "algorithm": "metis",
  "districts": 2,
  "total_internal_boundary_km": 744.9691657678211,
  "population": {
    "ideal": 919553.0,
    "per_district": [
      915946,
      923160
    ],
    "deviations_pct": [
      -0.3922558025475421,
      0.3922558025475421
    ],
    "max_abs_deviation_pct": 0.3922558025475421,
    "range_pct": 0.7845116050950842
  },
  "compactness": {
    "polsby_popper": [
      0.19365813053248188,
      0.25386697759827725
    ],
    "reock": [
      0.31584205783925584,
      0.22848088933265598
    ],
    "schwartzberg": [
      2.2723861438473945,
      1.9847092496747805
    ],
    "convex_hull_ratio": [
      0.7289784773562145,
      0.7778453182179438
    ]
  },
  "runtime_seconds": 20.310843624998597,
  "seed": 42,
  "districtmaker_version": "0.1.0",
  "generated_at": "2026-05-14T14:39:54.555709+00:00"
}