{
  "state": "KY",
  "state_name": "Kentucky",
  "algorithm": "metis",
  "districts": 6,
  "total_internal_boundary_km": 965.6791913218082,
  "population": {
    "ideal": 750972.6666666666,
    "per_district": [
      753040,
      750167,
      754010,
      751875,
      748437,
      748307
    ],
    "deviations_pct": [
      0.2752874272388128,
      -0.10728308797745341,
      0.4044532468558606,
      0.12015528305957503,
      -0.337650993067652,
      -0.354961876109112
    ],
    "max_abs_deviation_pct": 0.4044532468558606,
    "range_pct": 0.7594151229649726
  },
  "compactness": {
    "polsby_popper": [
      0.5275163792531091,
      0.3220947676730832,
      0.4576068436632789,
      0.42633409034201136,
      0.4291163815661224,
      0.3361146127064841
    ],
    "reock": [
      0.49408204229570285,
      0.3690741146081996,
      0.5824053468540393,
      0.5562839819393702,
      0.5817534856451289,
      0.3135300093306098
    ],
    "schwartzberg": [
      1.3768354059458283,
      1.7620091731426302,
      1.478269935838254,
      1.5315281001166403,
      1.5265549891518995,
      1.7248697389312653
    ],
    "convex_hull_ratio": [
      0.8641740194461865,
      0.8164419013301466,
      0.8930876137348752,
      0.812056312047992,
      0.877310992375848,
      0.7596085092293382
    ]
  },
  "runtime_seconds": 23.197354415999143,
  "seed": 42,
  "districtmaker_version": "0.1.0",
  "generated_at": "2026-05-14T15:41:29.964060+00:00"
}