{
  "state": "TX",
  "state_name": "Texas",
  "algorithm": "metis+kl",
  "districts": 38,
  "total_internal_boundary_km": 8281.61182756583,
  "population": {
    "ideal": 766986.9736842106,
    "per_district": [
      769074,
      769837,
      767733,
      770044,
      764657,
      763154,
      765351,
      770296,
      766620,
      770813,
      770809,
      764458,
      770818,
      770205,
      767398,
      770785,
      764129,
      764020,
      763153,
      764788,
      765659,
      765866,
      763813,
      770444,
      764422,
      765568,
      763271,
      768359,
      764360,
      769257,
      767407,
      764853,
      765006,
      770818,
      763179,
      770458,
      770157,
      764466
    ],
    "deviations_pct": [
      0.2721071396772799,
      0.3715873168092253,
      0.0972671429093392,
      0.39857604114253153,
      -0.3037826930773764,
      -0.49974430019312205,
      -0.21329875738986645,
      0.43143187946133926,
      -0.04784614299872792,
      0.4988385001392105,
      0.4983169788960548,
      -0.32972837492437135,
      0.49949040169315506,
      0.4195672711795476,
      0.05358973879505126,
      0.4951878514371208,
      -0.3726234971739258,
      -0.38683495104991794,
      -0.49987468050391093,
      -0.28670287236402797,
      -0.1731416216668793,
      -0.14615289733357303,
      -0.41382367538322423,
      0.4507281654580993,
      -0.3344220661127724,
      -0.18500622994867097,
      -0.4844898038308185,
      0.17888521746320266,
      -0.3425056453816854,
      0.2959667365516521,
      0.05476316159215152,
      -0.2782281521627482,
      -0.2582799646120436,
      0.49949040169315506,
      -0.49648479242339905,
      0.45255348980914417,
      0.4133090162616795,
      -0.32868533243806
    ],
    "max_abs_deviation_pct": 0.49987468050391093,
    "range_pct": 0.999365082197066
  },
  "compactness": {
    "polsby_popper": [
      0.3926740817836451,
      0.38125514177238223,
      0.36280073538036206,
      0.45137745909491744,
      0.38714734044793264,
      0.4658334621196775,
      0.34559108358576773,
      0.31094564910207473,
      0.31671694771048703,
      0.21620258323432737,
      0.2780537018011504,
      0.26316424530324184,
      0.3827281090499008,
      0.27677373310636977,
      0.3348543556610649,
      0.3264762647060649,
      0.4315337597679668,
      0.32293594075481713,
      0.33179040256737813,
      0.34287424769755187,
      0.5274293468731811,
      0.4892466986071038,
      0.39695079057766114,
      0.41965972569137844,
      0.4051469437974251,
      0.47272915315819264,
      0.46010598319449086,
      0.4308617435154607,
      0.3618047291830675,
      0.3899364159673194,
      0.34478787529851596,
      0.3794782141914203,
      0.41805846055180845,
      0.40617006594111343,
      0.30979037985725016,
      0.5040124645970843,
      0.3986203343431396,
      0.4147792444192086
    ],
    "reock": [
      0.4996147170797444,
      0.36673251181205935,
      0.5198353125897833,
      0.6106096648611546,
      0.5170327815329923,
      0.5912587075653606,
      0.48513477203009553,
      0.47329401792195686,
      0.3947126757448594,
      0.3498277079378686,
      0.28244546537467247,
      0.4803417987981948,
      0.6109615200066444,
      0.3649540451052767,
      0.3323392159961546,
      0.28614119093987783,
      0.5469853272724703,
      0.4106286854737941,
      0.5142470182560754,
      0.3810527687784512,
      0.6457627125726196,
      0.6330209856071327,
      0.5236759164675222,
      0.5187217365151587,
      0.47888928463367464,
      0.4597899145698219,
      0.4860494959045197,
      0.435136844126055,
      0.466166557654768,
      0.514746056046219,
      0.572442314337439,
      0.548179806397882,
      0.4462139062841714,
      0.605612153433171,
      0.33757245869898134,
      0.6740401037309273,
      0.6101786168040212,
      0.5234063924953531
    ],
    "schwartzberg": [
      1.5958199187673263,
      1.6195417393258185,
      1.6602210678289642,
      1.4884356598195045,
      1.607170158350582,
      1.4651586689844032,
      1.7010564872077945,
      1.7933198589892494,
      1.7769055683502635,
      2.150649119775616,
      1.8964249453229625,
      1.9493353482749203,
      1.616422251108294,
      1.900804993613423,
      1.7281125484340438,
      1.750145652602461,
      1.5222732345390217,
      1.759712864610122,
      1.7360734295982971,
      1.7077825283093204,
      1.3769489987141665,
      1.4296708033133165,
      1.5872000349864288,
      1.5436589447556708,
      1.5710634185771424,
      1.4544332919621616,
      1.4742497390509552,
      1.5234599188867595,
      1.662504694696581,
      1.6014120872676454,
      1.703036701660976,
      1.6233291074383138,
      1.546612413116725,
      1.5690834557264528,
      1.796660568546456,
      1.4085730067038371,
      1.5838727079939523,
      1.5527140826110335
    ],
    "convex_hull_ratio": [
      0.834222895209298,
      0.8300057242687569,
      0.8217403544824667,
      0.8616916776835783,
      0.7719073344967208,
      0.8760945905095663,
      0.8930919419775027,
      0.7975922395357521,
      0.8068192351076011,
      0.7484157164826694,
      0.8208615235275103,
      0.7813099872368943,
      0.8435523723656394,
      0.7304843829113646,
      0.7793156182388504,
      0.7550973561122447,
      0.8514607864558987,
      0.8986778679227457,
      0.8440022696584687,
      0.7637020873798894,
      0.8802471217822954,
      0.8523980062453447,
      0.8072933845291983,
      0.8330066099363951,
      0.799738619764785,
      0.8853382259545716,
      0.8737845886118121,
      0.8024726174635627,
      0.7875412647686576,
      0.852819168569168,
      0.8833118809190029,
      0.8935413064299284,
      0.8727303642996591,
      0.853171396055523,
      0.7746303078875245,
      0.852669694832266,
      0.8354955395642962,
      0.8231512917357803
    ]
  },
  "runtime_seconds": 468.5682004990085,
  "seed": 61,
  "districtmaker_version": "0.1.0",
  "generated_at": "2026-05-15T19:30:20.857540+00:00"
}