{
  "state": "TX",
  "state_name": "Texas",
  "algorithm": "metis",
  "districts": 38,
  "total_internal_boundary_km": 8982.360856169404,
  "population": {
    "ideal": 766986.9736842106,
    "per_district": [
      768116,
      764227,
      766287,
      763893,
      763902,
      763969,
      763894,
      763903,
      765157,
      766979,
      770093,
      765429,
      765501,
      768893,
      769808,
      767552,
      765220,
      767751,
      765051,
      766464,
      770069,
      770081,
      764459,
      769811,
      764740,
      770066,
      770061,
      770040,
      770093,
      768338,
      764991,
      770089,
      770091,
      766425,
      765028,
      769392,
      764396,
      765246
    ],
    "deviations_pct": [
      0.14720280194149526,
      -0.35984622671661165,
      -0.09126278649143803,
      -0.4033932505201107,
      -0.40221982772301046,
      -0.3934843469001528,
      -0.4032628702093218,
      -0.4020894474122215,
      -0.23859253768291677,
      -0.0010396114255059124,
      0.4049646763711886,
      -0.20312909314833075,
      -0.19374171077152855,
      0.24850830342448552,
      0.36780628779634666,
      0.07366830665654482,
      -0.23037857810321488,
      0.09961398850353975,
      -0.2524128506265422,
      -0.06818547148179933,
      0.4018355489122546,
      0.4034001126417216,
      -0.3295979946135824,
      0.3681974287287134,
      -0.2929611272818961,
      0.40144440797988784,
      0.40079250642594316,
      0.3980545198993759,
      0.4049646763711886,
      0.17614723093663534,
      -0.26023566927387737,
      0.40444315512803297,
      0.4047039157496108,
      -0.07327030360256717,
      -0.25541159777468736,
      0.3135680785081562,
      -0.33781195419328436,
      -0.22698869002270297
    ],
    "max_abs_deviation_pct": 0.4049646763711886,
    "range_pct": 0.8083579268912993
  },
  "compactness": {
    "polsby_popper": [
      0.1970218790732411,
      0.35824935743728176,
      0.42651238601051233,
      0.37566039286094255,
      0.1004545552779713,
      0.4255289722431304,
      0.3731930915486576,
      0.1363365792839356,
      0.23014711646811511,
      0.2808582639811174,
      0.40012699084578923,
      0.5198450014827394,
      0.21933107246788147,
      0.2468462736499465,
      0.2743357795037867,
      0.4384226670562666,
      0.2592219017537512,
      0.4874500042116345,
      0.414555472053609,
      0.4553453255764136,
      0.4966566207597485,
      0.47072032519823515,
      0.4625306942666059,
      0.4357696087912624,
      0.5047687600428898,
      0.37826970898148726,
      0.332895711030581,
      0.4196121126066787,
      0.2841217232419121,
      0.3354580974082304,
      0.4532039955681787,
      0.37218983699188585,
      0.445356875229009,
      0.495752124188652,
      0.33780724313117105,
      0.5200741807083193,
      0.4510995058721003,
      0.507311242106897
    ],
    "reock": [
      0.4374322069353016,
      0.5243745656111437,
      0.49438785277447805,
      0.35324531325832564,
      0.27168974461757667,
      0.7010310511666854,
      0.510612200768998,
      0.2387224101007673,
      0.33201287708578076,
      0.3643493874643387,
      0.5203211293976479,
      0.5485161462356996,
      0.3901620944810992,
      0.42514550785837196,
      0.490421200256544,
      0.5228667608577713,
      0.34862231762053675,
      0.5144329589746317,
      0.5977857689820949,
      0.671094109275509,
      0.6371615082334536,
      0.6216312266742103,
      0.6697099990876538,
      0.5102518691112292,
      0.6435844969333079,
      0.43301198070257285,
      0.4552140593640178,
      0.5757413355919941,
      0.3535940019405651,
      0.5708770116993082,
      0.5468497997156405,
      0.5698240018793529,
      0.5136291663952053,
      0.5639882931159278,
      0.4507293931532516,
      0.5523246541405757,
      0.5938170584226848,
      0.6016907124552863
    ],
    "schwartzberg": [
      2.252904443538269,
      1.6707339200048066,
      1.5312079530601939,
      1.6315571688483415,
      3.1551149198958024,
      1.532976272125466,
      1.636941662283308,
      2.708281501565697,
      2.084477592833604,
      1.886932637916872,
      1.5808879021338422,
      1.3869572139609305,
      2.1352558426787045,
      2.0127355259643775,
      1.909232301963141,
      1.510266190389509,
      1.9641025241656578,
      1.4323031952209113,
      1.5531330948439321,
      1.4819363767605096,
      1.4189656600604916,
      1.4575334297720577,
      1.4703804533758735,
      1.5148566253493527,
      1.4075173780996093,
      1.6259201651312436,
      1.7331889044131632,
      1.5437465212066868,
      1.876064562255556,
      1.726556760161198,
      1.4854332295232622,
      1.6391464027209581,
      1.498462639761484,
      1.420259517044141,
      1.7205429616430983,
      1.386651587554669,
      1.4888941526500783,
      1.4039859339418508
    ],
    "convex_hull_ratio": [
      0.5966576983148637,
      0.814956485098497,
      0.8737553775670366,
      0.8272200837158575,
      0.7643949440032733,
      0.8721329825447433,
      0.8086938424565132,
      0.6864763244683179,
      0.7169229922157102,
      0.7737604850155324,
      0.8285504916964449,
      0.9093990713483839,
      0.7509617249233999,
      0.7829517752457653,
      0.7256404131231894,
      0.8313695214469348,
      0.6519219061967698,
      0.8856198405144353,
      0.8359248459559036,
      0.8432241590489089,
      0.8799434372689646,
      0.8872672716489645,
      0.8681229686842166,
      0.855641468721042,
      0.8809250954576109,
      0.8198447079165175,
      0.7518112329827427,
      0.8354691353138023,
      0.7823077364757293,
      0.8875571940109642,
      0.8501597974549608,
      0.8610158380892025,
      0.8803936984280086,
      0.8892420829281381,
      0.7467821439132757,
      0.8986724515125931,
      0.8551029082188674,
      0.8842691886731852
    ]
  },
  "runtime_seconds": 73.37691962499957,
  "seed": 42,
  "districtmaker_version": "0.1.0",
  "generated_at": "2026-05-15T02:01:52.445085+00:00"
}