{
  "state": "UT",
  "state_name": "Utah",
  "algorithm": "splitline-realized",
  "districts": 4,
  "total_internal_boundary_km": 1171.2548750200601,
  "population": {
    "ideal": 817904.0,
    "per_district": [
      818001,
      817819,
      817999,
      817797
    ],
    "deviations_pct": [
      0.011859582542694497,
      -0.010392417692051879,
      0.011615055067587393,
      -0.013082219918230014
    ],
    "max_abs_deviation_pct": 0.013082219918230014,
    "range_pct": 0.024941802460924513
  },
  "compactness": {
    "polsby_popper": [
      0.24711611364795133,
      0.5871848893821158,
      0.42152459635249545,
      0.4923421977601667
    ],
    "reock": [
      0.27935959086611906,
      0.6300745612663,
      0.47488837122848543,
      0.4742605290287566
    ],
    "schwartzberg": [
      2.0116363161876847,
      1.3050061686221521,
      1.5402405021408043,
      1.4251693377594186
    ],
    "convex_hull_ratio": [
      0.8934650795289544,
      0.9895219134652398,
      0.9642174067850994,
      0.9664276968080642
    ]
  },
  "runtime_seconds": 37.980103916999724,
  "seed": 42,
  "districtmaker_version": "0.1.0",
  "generated_at": "2026-05-14T15:24:02.907127+00:00"
}