{
  "state": "TX",
  "state_name": "Texas",
  "algorithm": "metis+kl",
  "districts": 38,
  "total_internal_boundary_km": 8350.949112289976,
  "population": {
    "ideal": 766986.9736842106,
    "per_district": [
      763610,
      765116,
      763780,
      765606,
      764842,
      768323,
      770543,
      767484,
      767539,
      763426,
      764427,
      763518,
      764273,
      763639,
      769690,
      769786,
      767905,
      770672,
      770652,
      764667,
      768027,
      767562,
      766611,
      765760,
      765111,
      766667,
      770550,
      770013,
      766317,
      764228,
      770815,
      769369,
      768270,
      766639,
      770505,
      763884,
      766758,
      768921
    ],
    "deviations_pct": [
      -0.44029087847337484,
      -0.2439381304252625,
      -0.4181262256392586,
      -0.18005177813869205,
      -0.27966233558142634,
      0.17419152627480156,
      0.46363581622620226,
      0.06480244552289831,
      0.07197336261628887,
      -0.46428085565853605,
      -0.33377016455882785,
      -0.4522858670659554,
      -0.3538487324203214,
      -0.43650984946049615,
      0.3524214111232542,
      0.3649379209589904,
      0.11969255636503331,
      0.48045487631797285,
      0.4778472701021945,
      -0.3024788899694872,
      0.13559895428128146,
      0.07497210976443401,
      -0.049019565795828196,
      -0.15997321027719846,
      -0.2445900319792071,
      -0.041718268391648716,
      0.4645484784017247,
      0.3945342515080751,
      -0.08735137716777044,
      -0.35971584640582277,
      0.4990992607607883,
      0.3105693313600111,
      0.16728136980298886,
      -0.045368917093738456,
      0.45868136441622337,
      -0.40456667331721097,
      -0.02985366010985707,
      0.25215895212657524
    ],
    "max_abs_deviation_pct": 0.4990992607607883,
    "range_pct": 0.9633801164193243
  },
  "compactness": {
    "polsby_popper": [
      0.4501611497543145,
      0.3984396782731117,
      0.4268042925698599,
      0.4500694242579549,
      0.3924654421422841,
      0.41585766056493395,
      0.44295002521515087,
      0.3953509239972234,
      0.3246806631721503,
      0.32433332699018663,
      0.27199572365719626,
      0.4195446965983653,
      0.3642432812751185,
      0.37165412594994623,
      0.4371427070755964,
      0.2755643315083305,
      0.4990421447220391,
      0.3882100419728641,
      0.26316045730483273,
      0.5007601348775448,
      0.4414474893147345,
      0.35896027990361806,
      0.26306477600336775,
      0.3571781885594247,
      0.37908066167566185,
      0.27595883590622466,
      0.4530832590602528,
      0.24435232374189406,
      0.44769658026069725,
      0.36137573024050573,
      0.3778690611019662,
      0.32319032029662875,
      0.3352735834064784,
      0.3542772326964371,
      0.42481576176941693,
      0.25685390172713507,
      0.357542855360028,
      0.3270183166515495
    ],
    "reock": [
      0.5383100546313618,
      0.5195664760833131,
      0.42774320623702927,
      0.6182818053612461,
      0.46949178202052894,
      0.6823893915993221,
      0.48411411632764834,
      0.3940746400691481,
      0.5823496851464699,
      0.4770450261547827,
      0.5046324641714077,
      0.5778819346516431,
      0.5489042790668003,
      0.5421455562084158,
      0.6097277959983846,
      0.4713253524040269,
      0.6495126055589878,
      0.5722475334909308,
      0.2915822474139532,
      0.6215254679414872,
      0.5888757750319932,
      0.5139543988167053,
      0.39141939569686196,
      0.5022469314911161,
      0.4347733685918786,
      0.39814019768545245,
      0.5145998888077429,
      0.314765961054041,
      0.5931598523027324,
      0.46429498056231755,
      0.40703432271358614,
      0.4142781026725751,
      0.4512103283948414,
      0.46180915987794735,
      0.45706515803279085,
      0.311599239425392,
      0.4735221017192395,
      0.4106106238027271
    ],
    "schwartzberg": [
      1.4904451368128804,
      1.5842317382407256,
      1.530684239845799,
      1.4905970076662898,
      1.5962440415323516,
      1.5506995003639779,
      1.5025282099608614,
      1.5904082537719963,
      1.7549784493595364,
      1.7559179217334815,
      1.9174275449303966,
      1.5438705473815428,
      1.6569302438851137,
      1.6403273295049612,
      1.512475614564796,
      1.9049715702716317,
      1.415570123693564,
      1.6049688852728636,
      1.9493493778382938,
      1.4131397934788292,
      1.5050830832668471,
      1.6690786519699277,
      1.9497038519940177,
      1.6732372901337929,
      1.6241800997508382,
      1.903609431529409,
      1.4856311336291566,
      2.02298081097393,
      1.4945419562421662,
      1.6634912042396295,
      1.6267819039612867,
      1.7590202029786952,
      1.7270317902470904,
      1.6800738731598173,
      1.534262566473096,
      1.9731355274788642,
      1.6723837844037854,
      1.7486945667570986
    ],
    "convex_hull_ratio": [
      0.8835412992039701,
      0.8414862617143847,
      0.867081689759921,
      0.8737144623851852,
      0.8214657658074297,
      0.8709922192105879,
      0.8462701536107695,
      0.838901853335972,
      0.8941606528317073,
      0.8061545337721534,
      0.7848564928802731,
      0.833607822762131,
      0.7940060932359164,
      0.8110980582466797,
      0.8445837886423707,
      0.7582053873001805,
      0.8955712310531853,
      0.8910324934140905,
      0.757855552458505,
      0.8993494565980185,
      0.8519646521474328,
      0.8011696810805241,
      0.6972513901176732,
      0.8644052732173008,
      0.8101964323739419,
      0.7816570939867447,
      0.8199903780372958,
      0.6030206477473571,
      0.8666785664263096,
      0.8149314095275241,
      0.7801870987703148,
      0.7712663360581362,
      0.8123787922879101,
      0.8287685723623074,
      0.8926914179784574,
      0.6401042729245863,
      0.8459680060673732,
      0.8173416384083051
    ]
  },
  "runtime_seconds": 231.5681117500062,
  "seed": 57,
  "districtmaker_version": "0.1.0",
  "generated_at": "2026-05-15T19:22:15.554570+00:00"
}