{
  "state": "GA",
  "state_name": "Georgia",
  "algorithm": "splitline-realized+kl",
  "districts": 14,
  "total_internal_boundary_km": 2427.016391384714,
  "population": {
    "ideal": 765136.2857142857,
    "per_district": [
      765279,
      765038,
      765411,
      764389,
      765709,
      764818,
      766102,
      765376,
      766099,
      766139,
      765536,
      763371,
      763831,
      764810
    ],
    "deviations_pct": [
      0.018652139282753978,
      -0.012845517343871272,
      0.03590396780854042,
      -0.09766700759565462,
      0.07485127766220981,
      -0.041598564886848675,
      0.12621467622761945,
      0.031329619335794014,
      0.12582258921566977,
      0.13105041604166567,
      0.052240926639777585,
      -0.23071520031725007,
      -0.1705951918182973,
      -0.04264413025204786
    ],
    "max_abs_deviation_pct": 0.23071520031725007,
    "range_pct": 0.36176561635891574
  },
  "compactness": {
    "polsby_popper": [
      0.3930114588287474,
      0.5480377855267489,
      0.2982085534080667,
      0.38922846699682256,
      0.3573515727298818,
      0.38710604214773436,
      0.38780693876655736,
      0.4338672992635572,
      0.40648200338774976,
      0.3237729631571178,
      0.34674376838102816,
      0.353906817304346,
      0.4563442096287445,
      0.5707214668191403
    ],
    "reock": [
      0.4336273460653017,
      0.5731580726531833,
      0.4316712058419999,
      0.39058457183897083,
      0.346014045168269,
      0.4655267706278736,
      0.49279136680650537,
      0.48907128573649533,
      0.475308007002268,
      0.3243978115055656,
      0.4041123038442447,
      0.4093444027167187,
      0.5519606551951016,
      0.5644231662002542
    ],
    "schwartzberg": [
      1.595134813294121,
      1.3508114978298984,
      1.8312175926879133,
      1.6028677914190284,
      1.6728313201026976,
      1.6072558863143442,
      1.6058028054593319,
      1.5181739695462337,
      1.568481276759402,
      1.7574367754330265,
      1.698226711440986,
      1.680952865084462,
      1.4803135956326248,
      1.3236949009713095
    ],
    "convex_hull_ratio": [
      0.8599505464264264,
      0.9618678546336321,
      0.9195973844744997,
      0.9509402673708813,
      0.923553742535682,
      0.9153510269098586,
      0.9382446373190249,
      0.934799692721443,
      0.935192795887743,
      0.9159738141472326,
      0.9006357028452625,
      0.9056309091367076,
      0.9426215962176063,
      0.9723594759228916
    ]
  },
  "runtime_seconds": 520.9783193749972,
  "seed": 42,
  "districtmaker_version": "0.1.0",
  "generated_at": "2026-05-14T19:20:07.827202+00:00"
}