{
  "state": "CA",
  "state_name": "California",
  "algorithm": "metis+kl",
  "districts": 52,
  "total_internal_boundary_km": 8476.476751171002,
  "population": {
    "ideal": 760350.4423076923,
    "per_district": [
      759612,
      757110,
      758012,
      757260,
      756582,
      763731,
      757107,
      756582,
      758272,
      761791,
      757774,
      756562,
      758233,
      763512,
      756582,
      757878,
      756581,
      756698,
      763759,
      764148,
      764149,
      764070,
      758417,
      764112,
      763508,
      759415,
      756587,
      760361,
      756696,
      760044,
      763543,
      764147,
      756895,
      759695,
      761129,
      764043,
      763377,
      757880,
      760833,
      758662,
      764052,
      759866,
      764127,
      763539,
      764137,
      764131,
      762790,
      763470,
      756615,
      758877,
      760332,
      760938
    ],
    "deviations_pct": [
      -0.0971186793093792,
      -0.4261774738839356,
      -0.30754796440901555,
      -0.4064497284058447,
      -0.49561913796681556,
      0.4446052115189972,
      -0.4265720287934974,
      -0.49561913796681556,
      -0.27335320558032467,
      0.18945970333568812,
      -0.3388493205675865,
      -0.49824950403056106,
      -0.2784824194046283,
      0.41580270312098444,
      -0.49561913796681556,
      -0.32517141703611013,
      -0.49575065627000287,
      -0.480363014797092,
      0.44828772400824085,
      0.49944834394808996,
      0.4995798622512772,
      0.48918991629948266,
      -0.25428305161817016,
      0.4947136850333481,
      0.4152766299082354,
      -0.12302778503727194,
      -0.49496154645087925,
      0.0013885297778880807,
      -0.48062605140346654,
      -0.04030277233247738,
      0.4198797705197899,
      0.4993168256449027,
      -0.45445390906919925,
      -0.08620266014483556,
      0.10239458662571355,
      0.4856389221134263,
      0.39804773219070266,
      -0.3249083804297356,
      0.0634651688822808,
      -0.2220610673372883,
      0.48682258684211177,
      -0.06371303029981193,
      0.49668645958115726,
      0.41935369730704086,
      0.49800164261303,
      0.4972125327939063,
      0.3208464882197736,
      0.410278934387119,
      -0.49127903396163564,
      -0.19378463215202466,
      -0.002425501014542829,
      0.07727459071694445
    ],
    "max_abs_deviation_pct": 0.4995798622512772,
    "range_pct": 0.9978293662818383
  },
  "compactness": {
    "polsby_popper": [
      0.3247480360787398,
      0.27916611461465507,
      0.2981386098507452,
      0.30046228449687246,
      0.16918888761707923,
      0.12053740394605127,
      0.3571550979552119,
      0.3084016939483097,
      0.2226559769327365,
      0.23550698840644843,
      0.36474523846463247,
      0.2546666438633722,
      0.42482061177650776,
      0.2862872962205209,
      0.36120284315372087,
      0.43872254205715117,
      0.24174487810990417,
      0.1942140828759368,
      0.47365331324364646,
      0.39527853345960173,
      0.4074585890815386,
      0.2796598045409188,
      0.3723773543934319,
      0.4651482617486338,
      0.3148369619819676,
      0.1601439196855429,
      0.4516179747633048,
      0.29915505273433407,
      0.2467000602630563,
      0.18542060842913619,
      0.3161825756738904,
      0.368461264716149,
      0.3512359661639083,
      0.210581935326038,
      0.35693899839269716,
      0.35828646397721914,
      0.4228158336346133,
      0.16556090790311714,
      0.19115058709838875,
      0.31589058794072733,
      0.4335920551957434,
      0.35152272591811345,
      0.5202880664218573,
      0.40997126542113754,
      0.4796756234058726,
      0.36662134226981663,
      0.3369791681096218,
      0.24605064173067362,
      0.34588484302261946,
      0.1286359309578968,
      0.18652906650868054,
      0.42077383295444903
    ],
    "reock": [
      0.6081651126532147,
      0.5085126204535007,
      0.47830317376862036,
      0.6076458126501886,
      0.4055032403972926,
      0.2745598882994395,
      0.41896460358671844,
      0.5180023076446858,
      0.3962357885228284,
      0.4409685545335229,
      0.45681557593366345,
      0.3665436047493751,
      0.6334444914641535,
      0.5084082226241424,
      0.3017104288726012,
      0.5227881198777535,
      0.2150459414004195,
      0.2850939420953781,
      0.5288461015499862,
      0.5996851328021097,
      0.45199918195570404,
      0.29510503927989384,
      0.38143382228827205,
      0.5320595294705153,
      0.5042796626317768,
      0.25541741319403394,
      0.5579077419793959,
      0.33726027676599635,
      0.43410015836779814,
      0.1088736153454149,
      0.4841918403771936,
      0.5191758199742708,
      0.4758215324366788,
      0.4164334447173531,
      0.49490493643146255,
      0.5457304181807537,
      0.6584094146207614,
      0.3360309550383841,
      0.36323732661965463,
      0.4282224285281921,
      0.7000906254124073,
      0.5097472398408873,
      0.530489552011763,
      0.4558159321689193,
      0.5822211498463555,
      0.5081162120562018,
      0.44865720008814286,
      0.2660956128847032,
      0.35798044995411127,
      0.3315228592692519,
      0.2435888071383469,
      0.5170488639477229
    ],
    "schwartzberg": [
      1.7547963941673406,
      1.8926427649807511,
      1.8314323826501726,
      1.824336795062286,
      2.431163027500651,
      2.880309011388456,
      1.6732913778897742,
      1.8007010698165382,
      2.119253070838249,
      2.060620900922534,
      1.6557897294877308,
      1.981590755500318,
      1.5342538084169206,
      1.8689555026120983,
      1.6638892655339015,
      1.5097499546732185,
      2.0338614245812323,
      2.269131375244348,
      1.4530137035823012,
      1.5905538792336291,
      1.5666005024469771,
      1.8909714640172839,
      1.6387336397326084,
      1.4662374194625245,
      1.7822028896297464,
      2.498876385416734,
      1.488039263092912,
      1.8283183948752109,
      2.0133318883775555,
      2.322314314305164,
      1.7784064856455282,
      1.6474190390545893,
      1.687331870588475,
      2.179161631375336,
      1.6737978269229734,
      1.6706474015811401,
      1.5378868335507123,
      2.457656034340108,
      2.2872423403418924,
      1.779228214684814,
      1.5186557612204463,
      1.686643497468076,
      1.3863665382997552,
      1.5617923484369534,
      1.443863625806291,
      1.6515477263958598,
      1.722655650777856,
      2.0159871007904,
      1.7003339815100273,
      2.7881674515981993,
      2.3154037994235264,
      1.5416139725859415
    ],