{
  "state": "TN",
  "state_name": "Tennessee",
  "algorithm": "annealing",
  "districts": 9,
  "total_internal_boundary_km": 1827.5515487921034,
  "population": {
    "ideal": 767871.1111111111,
    "per_district": [
      768349,
      768245,
      767117,
      767922,
      767880,
      768428,
      767235,
      767938,
      767726
    ],
    "deviations_pct": [
      0.062235560366031964,
      0.04869162070023157,
      -0.09820803259806501,
      0.006627269622793808,
      0.001157601680835956,
      0.0725237453044765,
      -0.08284087028494533,
      0.008710952648301561,
      -0.018897847439676166
    ],
    "max_abs_deviation_pct": 0.09820803259806501,
    "range_pct": 0.17073177790254151
  },
  "compactness": {
    "polsby_popper": [
      0.3049642263930103,
      0.23100632462726045,
      0.31324106847924454,
      0.36944456442965895,
      0.373181306034066,
      0.2892450277013609,
      0.3730448560274153,
      0.38091985605330775,
      0.2301307081388018
    ],
    "reock": [
      0.38684820035591166,
      0.3968915350286337,
      0.5121011427596476,
      0.570855200557382,
      0.5895462379239367,
      0.36714675920334544,
      0.5338712219462024,
      0.6631635956003911,
      0.34439054474352276
    ],
    "schwartzberg": [
      1.810821120035119,
      2.080597463944729,
      1.786737085250715,
      1.6452252241597163,
      1.6369675103727201,
      1.8593752639080656,
      1.6372668628535443,
      1.6202543430026441,
      2.084551903179717
    ],
    "convex_hull_ratio": [
      0.8760200392640295,
      0.8617047572377724,
      0.9274587177647077,
      0.9433793110496713,
      0.9683967562484733,
      0.9240692046881847,
      0.9578571714819143,
      0.9411933327810696,
      0.7322587734615871
    ]
  },
  "runtime_seconds": 162.4047965409991,
  "seed": 42,
  "districtmaker_version": "0.1.0",
  "generated_at": "2026-05-14T16:36:52.804191+00:00"
}