{
  "state": "VA",
  "state_name": "Virginia",
  "algorithm": "splitline+kl",
  "districts": 11,
  "total_internal_boundary_km": 1677.9459309364847,
  "population": {
    "ideal": 784672.0909090909,
    "per_district": [
      784574,
      785662,
      782429,
      786065,
      786407,
      785549,
      786634,
      783587,
      784945,
      781319,
      784222
    ],
    "deviations_pct": [
      -0.012500879058575474,
      0.12615576651416116,
      -0.28586347533938433,
      0.177514799754798,
      0.22109988503593395,
      0.11175484652361038,
      0.2500291667868634,
      -0.1382859058786959,
      0.0347800175475691,
      -0.4273238398483344,
      -0.057360382037990265
    ],
    "max_abs_deviation_pct": 0.4273238398483344,
    "range_pct": 0.6773530066351978
  },
  "compactness": {
    "polsby_popper": [
      0.5662230132440094,
      0.47718280967879434,
      0.38180115177330604,
      0.4004145727265702,
      0.44395431130500623,
      0.2828051608860587,
      0.4203121929060655,
      0.39861390822960807,
      0.2551678104461489,
      0.3202902620546619,
      0.3744962572928534
    ],
    "reock": [
      0.4968287917502589,
      0.4658024443810138,
      0.3388058903109672,
      0.3903904635306154,
      0.5482242372582071,
      0.3521944380336643,
      0.45501955809085154,
      0.49607379400802676,
      0.23636354493889833,
      0.29571156006079047,
      0.5108015511339734
    ],
    "schwartzberg": [
      1.328942656607291,
      1.447630101198854,
      1.618383279796723,
      1.5803200951566045,
      1.50082778439596,
      1.8804263780103658,
      1.5424603380452575,
      1.5838854748651157,
      1.9796438109048524,
      1.7669657547505453,
      1.6340910793099876
    ],
    "convex_hull_ratio": [
      0.9179162157128051,
      0.9332860273234952,
      0.863916435534065,
      0.8982310213831068,
      0.8860059444703741,
      0.8048818782661082,
      0.9530331183547888,
      0.9154379596603215,
      0.8046546454952036,
      0.8431470865921532,
      0.8630469148541547
    ]
  },
  "runtime_seconds": 310.6065038749948,
  "seed": 42,
  "districtmaker_version": "0.1.0",
  "generated_at": "2026-05-13T16:34:58.814597+00:00"
}