{
  "state": "WA",
  "state_name": "Washington",
  "algorithm": "splitline-realized+kl",
  "districts": 10,
  "total_internal_boundary_km": 2041.2237611458756,
  "population": {
    "ideal": 770528.1,
    "per_district": [
      770757,
      770710,
      766741,
      774071,
      770051,
      770161,
      771039,
      772186,
      768803,
      770762
    ],
    "deviations_pct": [
      0.029706898424602984,
      0.023607185772981324,
      -0.4914940804884308,
      0.45980153092405374,
      -0.061918572469969194,
      -0.04764264924276957,
      0.06630517433433294,
      0.21516411925795093,
      -0.22388541053856137,
      0.03035580402583933
    ],
    "max_abs_deviation_pct": 0.4914940804884308,
    "range_pct": 0.9512956114124845
  },
  "compactness": {
    "polsby_popper": [
      0.3849238573784485,
      0.48681095503277083,
      0.3357857792942673,
      0.332851140452598,
      0.438101885787314,
      0.3674268969296435,
      0.4319050881261067,
      0.41187399500478444,
      0.24019879884253414,
      0.5024295537875971
    ],
    "reock": [
      0.30341267221815493,
      0.5797470339342374,
      0.36961096786952574,
      0.36866774918731865,
      0.49481820984501446,
      0.40065515576802524,
      0.5348427386604069,
      0.45001359360118115,
      0.21919592417476072,
      0.4592605716312494
    ],
    "schwartzberg": [
      1.611805321753691,
      1.4332429973965923,
      1.7257141106140614,
      1.733304942239064,
      1.5108190029554776,
      1.6497362885500095,
      1.5216187102184981,
      1.5581806752830625,
      2.0403965679185316,
      1.4107901255523316
    ],
    "convex_hull_ratio": [
      0.8730673841052,
      0.9558768884618865,
      0.8944098428870122,
      0.8865135973841791,
      0.8916322678144962,
      0.8934555573947284,
      0.8617971950576214,
      0.903718164211368,
      0.8600469567813368,
      0.8795603151177028
    ]
  },
  "runtime_seconds": 280.42344312500063,
  "seed": 42,
  "districtmaker_version": "0.1.0",
  "generated_at": "2026-05-14T18:15:04.119890+00:00"
}