{
  "state": "CA",
  "state_name": "California",
  "algorithm": "metis+kl",
  "districts": 52,
  "total_internal_boundary_km": 8967.706935320855,
  "population": {
    "ideal": 760350.4423076923,
    "per_district": [
      764145,
      764116,
      762535,
      758256,
      759470,
      763951,
      762320,
      763406,
      757706,
      764009,
      757495,
      756554,
      757781,
      757374,
      758623,
      756818,
      757814,
      757817,
      756792,
      760157,
      764114,
      764035,
      763514,
      758374,
      762816,
      759222,
      758208,
      763202,
      764146,
      758426,
      764042,
      761261,
      764143,
      760011,
      763019,
      761368,
      756664,
      761780,
      763203,
      757763,
      758694,
      757585,
      764131,
      757462,
      763927,
      757882,
      760154,
      756549,
      757687,
      757473,
      758026,
      762203
    ],
    "deviations_pct": [
      0.4990537890385281,
      0.49523975824609723,
      0.287309320907019,
      -0.27545749843132106,
      -0.11579427836197194,
      0.4735392382201972,
      0.25903288572175537,
      0.4018617629831336,
      -0.347792565184321,
      0.48116729980505907,
      -0.3755429271568356,
      -0.49930165045605923,
      -0.3379286924452756,
      -0.39145664184249557,
      -0.22719028116159196,
      -0.4645808184146193,
      -0.3335885884400956,
      -0.3331940335305338,
      -0.4680002942974883,
      -0.025441204072315555,
      0.4949767216397226,
      0.4845867756879282,
      0.41606573972735905,
      -0.25993833865522287,
      0.32426596410264263,
      -0.14841081755241559,
      -0.2817703769843101,
      0.37503202913292993,
      0.49918530734171546,
      -0.2530993868894847,
      0.48550740381023905,
      0.11975500264643354,
      0.49879075243215354,
      -0.04464287633765738,
      0.35096417964965904,
      0.13382746108747173,
      -0.4848346371054592,
      0.1880130020006281,
      0.3751635474361172,
      -0.3402960219026465,
      -0.2178524816352956,
      -0.36370627986998105,
      0.4972125327939063,
      -0.3798830311620156,
      0.4703827989437027,
      -0.324645343823361,
      -0.025835758981877375,
      -0.49995924197199565,
      -0.3502914129448792,
      -0.3784363298269556,
      -0.30570670816439377,
      0.24364524424884448
    ],
    "max_abs_deviation_pct": 0.49995924197199565,
    "range_pct": 0.9991445493137111
  },
  "compactness": {
    "polsby_popper": [
      0.3600510843532076,
      0.3070325994470386,
      0.4353877254803836,
      0.38463176821167816,
      0.41297869556702743,
      0.3404864305428694,
      0.3487183104731577,
      0.4315160667847978,
      0.32531428955951136,
      0.31921996670064734,
      0.31540672262165964,
      0.32560419776084093,
      0.3377131213511407,
      0.3127995279719761,
      0.2611924066653622,
      0.2870886444940192,
      0.18434055945939198,
      0.3778847830479911,
      0.19195568476029726,
      0.5080407328915025,
      0.27626402738383943,
      0.2775131697601502,
      0.2569560623609489,
      0.27352474832068224,
      0.38685536083234856,
      0.3301952981284974,
      0.3189423705448659,
      0.2878813451447799,
      0.2994886267868862,
      0.29794630788023074,
      0.311102903539086,
      0.33034551571934373,
      0.19438119146780639,
      0.2590232157342671,
      0.15572804092136322,
      0.3023149752212113,
      0.2940670397909196,
      0.3164587395607663,
      0.20704953798976677,
      0.39553655564475365,
      0.25456391138486567,
      0.28305482589929704,
      0.22619247721781896,
      0.43818761106187987,
      0.36449284536370896,
      0.34983530778504096,
      0.1737592249303079,
      0.14995428956314474,
      0.21837421293647896,
      0.16868940865744037,
      0.3272678540481439,
      0.2644669409637653
    ],
    "reock": [
      0.34737794490784746,
      0.32469403142929554,
      0.5269417340294059,
      0.516694591425406,
      0.3966201552059315,
      0.5169130057977859,
      0.4493081757410702,
      0.4281827449111977,
      0.34583317159703003,
      0.47806454703740836,
      0.32253343221395436,
      0.32055402658921156,
      0.4989594517355831,
      0.4614144662432267,
      0.42182296685460646,
      0.43226147600185527,
      0.22043175040267432,
      0.5502902989185817,
      0.13801954335659064,
      0.5888545270716925,
      0.35847496595231576,
      0.43585821920524864,
      0.39495332875250516,
      0.3723410892868446,
      0.5799915512901153,
      0.5019446828618107,
      0.49819929303081123,
      0.3828665217140825,
      0.6162103686691868,
      0.4899189268170699,
      0.5267060418662155,
      0.4834907542896121,
      0.3343993335803341,
      0.4665035791461446,
      0.44658888872893915,
      0.5276100258548369,
      0.537472082045413,
      0.49086108441300647,
      0.28398762475306477,
      0.5030763156560869,
      0.4322532715755896,
      0.1488141733602356,
      0.20474338804485914,
      0.5518761181565871,
      0.3155903217846812,
      0.4384554055610397,
      0.30895962201998634,
      0.243716206881969,
      0.48509036552801205,
      0.23882800551888347,
      0.49200286344537153,
      0.46400218803701493
    ],
    "schwartzberg": [
      1.666548428432499,
      1.8047113731995243,
      1.5155208283499473,
      1.6124172076750622,
      1.556095246003848,
      1.7137603698989334,
      1.693411965225519,
      1.5223044422746246,
      1.7532684988756664,
      1.7699254579055175,
      1.7805924482916018,
      1.7524877962439096,
      1.720782705488034,
      1.7879976987118027,
      1.9566796419711623,
      1.8663452794741453,
      2.3291075832855137,
      1.6267480623719106,
      2.2824407415466172,
      1.4029775869174426,
      1.9025576733275142,
      1.8982709474032486,
      1.9727432487095848,
      1.9120607495013946,
      1.607776550896843,
      1.7402616814061584,
      1.770695530632023,
      1.863773954533214,
      1.8272999096319957,
      1.8320233133603867,
      1.7928665633956133,
      1.739865962938525,
      2.2681557847607134,
      1.9648556707625215,
      2.5340582278402435,
      1.8187381208119593,
      1.8440675477583766,
      1.7776303357375143,
      2.1976719602602697,
      1.5900350079273762,
      1.981990563144,
      1.8795968916294592,
      2.102620631600496,
      1.5106712104281839,
      1.6563629061484217,
      1.6907063365067019,
      2.3989768918726635,
      2.5823824002113356,
      2.1399287998001513,
      2.43475962920734,
      1.7480277614223747,
      1.944528461050197
    ],