{
  "state": "AR",
  "state_name": "Arkansas",
  "algorithm": "metis",
  "districts": 4,
  "total_internal_boundary_km": 987.6822306482526,
  "population": {
    "ideal": 752881.0,
    "per_district": [
      750712,
      754737,
      755881,
      750194
    ],
    "deviations_pct": [
      -0.2880933374597048,
      0.2465197023168336,
      0.3984693464172957,
      -0.3568957112744245
    ],
    "max_abs_deviation_pct": 0.3984693464172957,
    "range_pct": 0.7553650576917201
  },
  "compactness": {
    "polsby_popper": [
      0.47709058935142545,
      0.3005523557307723,
      0.5145311862932712,
      0.35256184678851715
    ],
    "reock": [
      0.4751513766626727,
      0.4918968793758936,
      0.5367125174192163,
      0.6324571332982636
    ],
    "schwartzberg": [
      1.447770005940325,
      1.8240634107816454,
      1.3941007104563192,
      1.684156104433648
    ],
    "convex_hull_ratio": [
      0.9041344448846818,
      0.8370654769237341,
      0.8877338551821603,
      0.9042532317151301
    ]
  },
  "runtime_seconds": 19.456986208999297,
  "seed": 42,
  "districtmaker_version": "0.1.0",
  "generated_at": "2026-05-14T15:03:50.233869+00:00"
}