{
  "state": "CO",
  "state_name": "Colorado",
  "algorithm": "splitline+kl",
  "districts": 8,
  "total_internal_boundary_km": 1751.6866799076527,
  "population": {
    "ideal": 721714.25,
    "per_district": [
      721059,
      720199,
      721397,
      725163,
      721534,
      719251,
      722906,
      722205
    ],
    "deviations_pct": [
      -0.09079078042313839,
      -0.20995151474423568,
      -0.04395784065507921,
      0.47785532847660966,
      -0.024975258559741614,
      -0.34130544048423594,
      0.16512768038042758,
      0.06799782600939361
    ],
    "max_abs_deviation_pct": 0.47785532847660966,
    "range_pct": 0.8191607689608456
  },
  "compactness": {
    "polsby_popper": [
      0.6555569792511622,
      0.3547661714002841,
      0.6223790798558809,
      0.2544443540564598,
      0.3724429748554337,
      0.3041603379332473,
      0.19331174535072906,
      0.6141883145860264
    ],
    "reock": [
      0.6074326217290709,
      0.39201889164502746,
      0.552064770549526,
      0.26123603670468254,
      0.4103831823552022,
      0.28868239442456317,
      0.18276709673952088,
      0.6116159905739333
    ],
    "schwartzberg": [
      1.2350791132548788,
      1.6789157351593245,
      1.2675716194320972,
      1.982456153485813,
      1.6385892697178412,
      1.813212519315034,
      2.27442111746322,
      1.27599574246266
    ],
    "convex_hull_ratio": [
      0.9822965748774007,
      0.9060141522561102,
      0.9864548705086984,
      0.8663862804304607,
      0.8973426720106438,
      0.9030992378583709,
      0.8361503735038904,
      0.9844866448463979
    ]
  },
  "runtime_seconds": 205.41103220789228,
  "seed": 42,
  "districtmaker_version": "0.1.0",
  "generated_at": "2026-05-13T15:55:04.962604+00:00"
}