{
  "state": "KY",
  "state_name": "Kentucky",
  "algorithm": "splitline-realized",
  "districts": 6,
  "total_internal_boundary_km": 1223.9983240967101,
  "population": {
    "ideal": 750972.6666666666,
    "per_district": [
      750870,
      751298,
      751105,
      751009,
      751002,
      750552
    ],
    "deviations_pct": [
      -0.013671158914788891,
      0.04332159448324868,
      0.017621591198619585,
      0.004838169875695273,
      0.0039060454042320414,
      -0.05601624204697569
    ],
    "max_abs_deviation_pct": 0.05601624204697569,
    "range_pct": 0.09933783653022438
  },
  "compactness": {
    "polsby_popper": [
      0.3872869058577251,
      0.2507112211000615,
      0.3029629170878967,
      0.32874647354423764,
      0.29279164868531526,
      0.26754929445542186
    ],
    "reock": [
      0.5874059779487787,
      0.3430060643865799,
      0.4932393763673716,
      0.43729715398571645,
      0.38703316724690023,
      0.4497804722530828
    ],
    "schwartzberg": [
      1.606880546734405,
      1.9971611712704886,
      1.8167922270128127,
      1.7440922351309174,
      1.8480795332672357,
      1.933294854115732
    ],
    "convex_hull_ratio": [
      0.9072430284133084,
      0.9271451066914959,
      0.8349554897621313,
      0.9311365418370355,
      0.8292806407836935,
      0.8494348491987282
    ]
  },
  "runtime_seconds": 88.33634650000022,
  "seed": 42,
  "districtmaker_version": "0.1.0",
  "generated_at": "2026-05-14T15:41:29.680906+00:00"
}