{
  "state": "NC",
  "state_name": "North Carolina",
  "algorithm": "metis",
  "districts": 14,
  "total_internal_boundary_km": 2202.4655568449084,
  "population": {
    "ideal": 745670.5714285715,
    "per_district": [
      746907,
      742685,
      746583,
      748687,
      746935,
      744643,
      743464,
      746575,
      748271,
      742742,
      744981,
      745062,
      743173,
      748680
    ],
    "deviations_pct": [
      0.16581431785080986,
      -0.4003874556631164,
      0.12236349487153174,
      0.4045256292801771,
      0.16956932724408078,
      -0.1378050130908124,
      -0.29591773004318545,
      0.1212906350448829,
      0.34873691829443737,
      -0.3927433293982434,
      -0.09247668541489883,
      -0.0816139796700793,
      -0.33494300623753703,
      0.4035868769318594
    ],
    "max_abs_deviation_pct": 0.4045256292801771,
    "range_pct": 0.8049130849432935
  },
  "compactness": {
    "polsby_popper": [
      0.4601290979246203,
      0.5357507983427061,
      0.5656657602850759,
      0.46057678322327844,
      0.592822670040639,
      0.4797809362805081,
      0.49675995157715,
      0.4574996663036929,
      0.31466609997163186,
      0.40738676237804156,
      0.522453312052012,
      0.4586092341419272,
      0.5047254808311863,
      0.3633702953280147
    ],
    "reock": [
      0.5040409250419762,
      0.5817297256384621,
      0.5736907020288838,
      0.5036528246842901,
      0.6044789372208521,
      0.46401375443369497,
      0.4550746439451262,
      0.5559115269147203,
      0.30476215757154157,
      0.3740267968301912,
      0.5659672519735629,
      0.4626908872670305,
      0.5053641730256044,
      0.36904040500832513
    ],
    "schwartzberg": [
      1.4742127088859516,
      1.3662135444769132,
      1.3295970845253007,
      1.4734960598531215,
      1.2987859996151416,
      1.4437051516333304,
      1.4188180731761357,
      1.478443081090661,
      1.7826866872852056,
      1.5667386006877972,
      1.3834907399682117,
      1.47665351145606,
      1.407577722721677,
      1.6589194118218813
    ],
    "convex_hull_ratio": [
      0.873962720828608,
      0.9119027216049792,
      0.9103446818669041,
      0.8668002270310171,
      0.8694138934858977,
      0.8921389109346485,
      0.8464489781489605,
      0.8475648507541058,
      0.7082344816314924,
      0.8498822040745169,
      0.9136020301137137,
      0.8359952868808329,
      0.9048411919582915,
      0.8854288151660159
    ]
  },
  "runtime_seconds": 32.021999999997206,
  "seed": 42,
  "districtmaker_version": "0.1.0",
  "generated_at": "2026-05-14T20:07:52.701452+00:00"
}