{
  "state": "IN",
  "state_name": "Indiana",
  "algorithm": "metis+kl",
  "districts": 9,
  "total_internal_boundary_km": 1413.280722541537,
  "population": {
    "ideal": 753947.5555555555,
    "per_district": [
      752529,
      751855,
      755936,
      752766,
      751202,
      756888,
      750528,
      757709,
      756115
    ],
    "deviations_pct": [
      -0.1881504283822797,
      -0.27754656675205724,
      0.2637377666115366,
      -0.15671588121071103,
      -0.3641573654990376,
      0.39000649617834404,
      -0.4535535038688152,
      0.4989000119077022,
      0.2874794710153796
    ],
    "max_abs_deviation_pct": 0.4989000119077022,
    "range_pct": 0.9524535157765175
  },
  "compactness": {
    "polsby_popper": [
      0.5545163544512012,
      0.4935163575789699,
      0.5706426462250507,
      0.5433134074590248,
      0.4452084454919482,
      0.44498475912535396,
      0.5081472693267877,
      0.24041273773935495,
      0.44832030562130115
    ],
    "reock": [
      0.5516607495466648,
      0.3816706379178873,
      0.4723235001619394,
      0.5911531119075994,
      0.5175799091204459,
      0.46213901407920766,
      0.5529844982311,
      0.33148785808189496,
      0.6124557073166734
    ],
    "schwartzberg": [
      1.3428973607782682,
      1.4234729673719837,
      1.3237863161648658,
      1.3566717720418322,
      1.4987124080249719,
      1.4990890494792688,
      1.4028305074436462,
      2.039488510069789,
      1.4935019540833856
    ],
    "convex_hull_ratio": [
      0.937091698062807,
      0.9042736812544023,
      0.9214806105955005,
      0.9120929454633547,
      0.87147125213971,
      0.9006929788352429,
      0.9141696245351294,
      0.7849131847739617,
      0.8893125719249807
    ]
  },
  "runtime_seconds": 23.551485999998476,
  "seed": 42,
  "districtmaker_version": "0.1.0",
  "generated_at": "2026-05-14T16:21:48.134014+00:00"
}