{
  "state": "MA",
  "state_name": "Massachusetts",
  "algorithm": "splitline+kl",
  "districts": 9,
  "total_internal_boundary_km": 628.8501366797872,
  "population": {
    "ideal": 781101.8888888889,
    "per_district": [
      781853,
      782903,
      779362,
      780856,
      780572,
      781075,
      778850,
      783207,
      781239
    ],
    "deviations_pct": [
      0.09616045253450527,
      0.2305859372166146,
      -0.22274800683990842,
      -0.03147974577793569,
      -0.06783863877766812,
      -0.0034424304013814613,
      -0.2882964336563274,
      0.2695053156388634,
      0.01755355006325276
    ],
    "max_abs_deviation_pct": 0.2882964336563274,
    "range_pct": 0.5578017492951908
  },
  "compactness": {
    "polsby_popper": [
      0.33917423037640415,
      0.4225579405539026,
      0.3975444378163392,
      0.5422666938511934,
      0.3289372948865134,
      0.31578774651084635,
      0.4530742328113781,
      0.598338750892801,
      0.658204049764443
    ],
    "reock": [
      0.6195913628869071,
      0.4784120170255962,
      0.4003423160639417,
      0.5760524220100183,
      0.36671259383512844,
      0.32841056763684845,
      0.41942645068222545,
      0.5255560709637634,
      0.6121234464421033
    ],
    "schwartzberg": [
      1.717072275105449,
      1.538356058998233,
      1.5860145210559884,
      1.357980502799511,
      1.7435862750170412,
      1.7795179084437658,
      1.4856459320976967,
      1.292785388070006,
      1.232593079348069
    ],
    "convex_hull_ratio": [
      0.8514282925894983,
      0.9277693463597929,
      0.8838663707866484,
      0.8803439788012549,
      0.9123195590374665,
      0.82825249585063,
      0.9438199660325914,
      0.9611837296844322,
      0.9622300553730874
    ]
  },
  "runtime_seconds": 122.66550699993968,
  "seed": 42,
  "districtmaker_version": "0.1.0",
  "generated_at": "2026-05-13T16:24:28.586762+00:00"
}