{
  "state": "OK",
  "state_name": "Oklahoma",
  "algorithm": "splitline-chord",
  "districts": 5,
  "total_internal_boundary_km": 2039.034395643813,
  "population": {
    "ideal": 791870.6,
    "per_district": [
      791854,
      791876,
      791900,
      791835,
      791888
    ],
    "deviations_pct": [
      -0.0020963020978398135,
      0.0006819295980963661,
      0.003712727811844926,
      -0.004495684017057423,
      0.002197328704970646
    ],
    "max_abs_deviation_pct": 0.004495684017057423,
    "range_pct": 0.008208411828902348
  },
  "compactness": {
    "polsby_popper": [
      0.26734958792873303,
      0.18747656220570438,
      0.18866580239105168,
      0.11239457432215179,
      0.3031699102019708
    ],
    "reock": [
      0.31223795720433295,
      0.46950485702157324,
      0.22287842375074207,
      0.10359435603150734,
      0.3032180257862395
    ],
    "schwartzberg": [
      1.9340167918770488,
      2.309545429671588,
      2.3022549028595938,
      2.9828219243583467,
      1.816171902105075
    ],
    "convex_hull_ratio": [
      0.9357419106987227,
      0.8699804948529853,
      0.9321154253051684,
      0.884302361698057,
      0.7165596341156071
    ]
  },
  "runtime_seconds": 24.641429499999504,
  "seed": 42,
  "districtmaker_version": "0.1.0",
  "generated_at": "2026-05-14T15:33:27.974590+00:00"
}