{
  "state": "MN",
  "state_name": "Minnesota",
  "algorithm": "annealing",
  "districts": 8,
  "total_internal_boundary_km": 1533.083970095844,
  "population": {
    "ideal": 713311.75,
    "per_district": [
      713257,
      713459,
      713744,
      713466,
      713355,
      713171,
      713056,
      712986
    ],
    "deviations_pct": [
      -0.0076754658815027235,
      0.020643147964406867,
      0.06059762789551693,
      0.021624486067977993,
      0.006063267568493019,
      -0.019731905439662252,
      -0.035853888569759296,
      -0.04566726960547054
    ],
    "max_abs_deviation_pct": 0.06059762789551693,
    "range_pct": 0.10626489750098747
  },
  "compactness": {
    "polsby_popper": [
      0.32330413472314,
      0.1840065215301073,
      0.502079620106176,
      0.5544600678470526,
      0.39929544449615667,
      0.23448345626666628,
      0.3824989131609655,
      0.2860465754076256
    ],
    "reock": [
      0.4519204510647706,
      0.21836632193915106,
      0.47793698354028963,
      0.5612739983253479,
      0.46543596600214654,
      0.30507615834884766,
      0.4160899252610885,
      0.4193956164657186
    ],
    "schwartzberg": [
      1.7587105572353419,
      2.3312207081243557,
      1.4112816780593163,
      1.342965521876165,
      1.5825331724203329,
      2.0651133610055448,
      1.6169064640570023,
      1.8697417414878532
    ],
    "convex_hull_ratio": [
      0.8184794697179822,
      0.8614995277347662,
      0.9620929925101872,
      0.9879431300867226,
      0.8832624375307053,
      0.90861220977562,
      0.9277592533664969,
      0.827742435053362
    ]
  },
  "runtime_seconds": 158.11038650000046,
  "seed": 42,
  "districtmaker_version": "0.1.0",
  "generated_at": "2026-05-14T16:58:32.843042+00:00"
}