{
  "state": "PA",
  "state_name": "Pennsylvania",
  "algorithm": "annealing",
  "districts": 17,
  "total_internal_boundary_km": 2823.4710119284277,
  "population": {
    "ideal": 764864.7058823529,
    "per_district": [
      764826,
      765114,
      764704,
      764852,
      764901,
      765077,
      764568,
      764851,
      764913,
      764833,
      764600,
      764311,
      765624,
      765018,
      764704,
      764905,
      764899
    ],
    "deviations_pct": [
      -0.005060487437218309,
      0.032593230636720184,
      -0.021011020787983923,
      -0.0016611934444321957,
      0.004745168311203173,
      0.027755773800832252,
      -0.03879194321178821,
      -0.0017919355210778156,
      0.006314073230950609,
      -0.004145292900698971,
      -0.03460819675912838,
      -0.07239265690971249,
      0.09927168972598625,
      0.020041991278740685,
      -0.021011020787983923,
      0.005268136617785651,
      0.004483684157911933
    ],
    "max_abs_deviation_pct": 0.09927168972598625,
    "range_pct": 0.17166434663569874
  },
  "compactness": {
    "polsby_popper": [
      0.4307253273464213,
      0.41099081040951635,
      0.21223016768462935,
      0.44945108627664926,
      0.33336216082718284,
      0.30332272348090716,
      0.34184579159172546,
      0.28692316229182757,
      0.401975879957931,
      0.3201712796787873,
      0.317736325819517,
      0.30185754204349036,
      0.3723418847719007,
      0.2097535346971209,
      0.4739856317629339,
      0.2753887851621236,
      0.4233276821328774
    ],
    "reock": [
      0.4683575826040342,
      0.5522992911266906,
      0.21184827715704022,
      0.5761226301375815,
      0.36988251741674244,
      0.42571572021222664,
      0.5545561105218515,
      0.41259547923616346,
      0.5340649499291099,
      0.4235960673766267,
      0.3242038130506008,
      0.35693854687968307,
      0.5656256544158319,
      0.29287273545978343,
      0.566906306154074,
      0.4002983079675718,
      0.5272537094144204
    ],
    "schwartzberg": [
      1.5237011493183856,
      1.5598539762595518,
      2.1706831817721013,
      1.491622009032484,
      1.7319759164004194,
      1.8157143528906783,
      1.710349563448715,
      1.866883406834792,
      1.5772480629254815,
      1.7672940450569616,
      1.7740528983317314,
      1.8201156517616695,
      1.6388116914911783,
      2.1834605815614845,
      1.4525042492913842,
      1.9055786347951584,
      1.5369568174129096
    ],
    "convex_hull_ratio": [
      0.9117232586393134,
      0.9181333839651876,
      0.8671234057320776,
      0.9376719672397039,
      0.8349797253469117,
      0.9357678405708724,
      0.9502110513790144,
      0.9152744444545419,
      0.9356720594463822,
      0.9234220972806739,
      0.9456640100092428,
      0.9618363238751445,
      0.9694004207918675,
      0.9032105903186318,
      0.975671206306484,
      0.9263778014111111,
      0.8959357205256159
    ]
  },
  "runtime_seconds": 361.7003460410051,
  "seed": 42,
  "districtmaker_version": "0.1.0",
  "generated_at": "2026-05-14T21:48:16.777350+00:00"
}