{
  "state": "AL",
  "state_name": "Alabama",
  "algorithm": "annealing",
  "districts": 7,
  "total_internal_boundary_km": 1930.227390486013,
  "population": {
    "ideal": 717754.1428571428,
    "per_district": [
      717691,
      717833,
      717795,
      717987,
      717570,
      717626,
      717777
    ],
    "deviations_pct": [
      -0.008797282157298263,
      0.010986651019979513,
      0.0056923590429615156,
      0.03244246587421034,
      -0.025655422399908197,
      -0.017853307907460623,
      0.0031845365275319387
    ],
    "max_abs_deviation_pct": 0.03244246587421034,
    "range_pct": 0.058097888274118534
  },
  "compactness": {
    "polsby_popper": [
      0.3893743184975596,
      0.350565746770821,
      0.35698666297068393,
      0.2661072092851244,
      0.3381810528862324,
      0.43542440505977487,
      0.40569247158718247
    ],
    "reock": [
      0.5046276258492257,
      0.47788791103671335,
      0.5239786471211652,
      0.35256938903437646,
      0.541517117519937,
      0.5764383206415015,
      0.5578268898528423
    ],
    "schwartzberg": [
      1.602567562875186,
      1.688944039713837,
      1.6736860811092238,
      1.9385262210235277,
      1.719591794266112,
      1.5154569942645988,
      1.5700067720698478
    ],
    "convex_hull_ratio": [
      0.8989371261016248,
      0.9308047003580583,
      0.9598813137834884,
      0.7306997619679266,
      0.9488983128777526,
      0.9697195876131774,
      0.9403131496750093
    ]
  },
  "runtime_seconds": 143.30537025000012,
  "seed": 42,
  "districtmaker_version": "0.1.0",
  "generated_at": "2026-05-14T15:54:20.658729+00:00"
}