{
  "state": "IA",
  "state_name": "Iowa",
  "algorithm": "metis",
  "districts": 4,
  "total_internal_boundary_km": 980.4458091374183,
  "population": {
    "ideal": 797592.25,
    "per_district": [
      798284,
      799441,
      796495,
      796149
    ],
    "deviations_pct": [
      0.08672977953333925,
      0.23179136958765587,
      -0.1375702935929982,
      -0.18095085552799692
    ],
    "max_abs_deviation_pct": 0.23179136958765587,
    "range_pct": 0.4127422251156528
  },
  "compactness": {
    "polsby_popper": [
      0.45259910573411294,
      0.5240741318911595,
      0.4361836221130541,
      0.444717323532328
    ],
    "reock": [
      0.4720485918027876,
      0.583716226022269,
      0.5553948119741839,
      0.45002677611829456
    ],
    "schwartzberg": [
      1.486425524287041,
      1.3813497015497211,
      1.5141375248540243,
      1.4995397284757799
    ],
    "convex_hull_ratio": [
      0.843671650943776,
      0.9102587787239397,
      0.8927527422481977,
      0.8866793209745829
    ]
  },
  "runtime_seconds": 13.314339083999585,
  "seed": 42,
  "districtmaker_version": "0.1.0",
  "generated_at": "2026-05-14T15:10:51.549916+00:00"
}