{
  "state": "NC",
  "state_name": "North Carolina",
  "algorithm": "metis+kl",
  "districts": 14,
  "total_internal_boundary_km": 2199.1061607653883,
  "population": {
    "ideal": 745670.5714285715,
    "per_district": [
      746879,
      742259,
      747009,
      748914,
      746648,
      744643,
      743552,
      746575,
      748271,
      742742,
      744981,
      745062,
      743029,
      748824
    ],
    "deviations_pct": [
      0.1620593084575389,
      -0.4575172414321672,
      0.17949328064058256,
      0.43496802686133806,
      0.13108048096305358,
      -0.1378050130908124,
      -0.2841162719500482,
      0.1212906350448829,
      0.34873691829443737,
      -0.3927433293982434,
      -0.09247668541489883,
      -0.0816139796700793,
      -0.35425448311721625,
      0.4228983538115386
    ],
    "max_abs_deviation_pct": 0.4575172414321672,
    "range_pct": 0.8924852682935053
  },
  "compactness": {
    "polsby_popper": [
      0.46055750122337974,
      0.5357584973395726,
      0.5656823643562088,
      0.46512139501099625,
      0.593445801989726,
      0.4797809362805081,
      0.5010837554508447,
      0.4574996663036929,
      0.31466609997163186,
      0.40738676237804156,
      0.522453312052012,
      0.4586092341419272,
      0.5052310442253516,
      0.363601931345752
    ],
    "reock": [
      0.5040380360966681,
      0.5817249793769143,
      0.5736949256712722,
      0.5034002705059937,
      0.6044688085691443,
      0.46401375443369497,
      0.4552894036684429,
      0.5559115269147203,
      0.30476215757154157,
      0.3740267968301912,
      0.5659672519735629,
      0.4626908872670305,
      0.5053539276482872,
      0.369044317336254
    ],
    "schwartzberg": [
      1.4735269047024937,
      1.3662037280095694,
      1.329577571024471,
      1.4662797658775022,
      1.2981039427110317,
      1.4437051516333304,
      1.4126833877699938,
      1.478443081090661,
      1.7826866872852056,
      1.5667386006877972,
      1.3834907399682117,
      1.47665351145606,
      1.4068732946285467,
      1.6583909125584655
    ],
    "convex_hull_ratio": [
      0.8739577116510269,
      0.9118952815024156,
      0.9103513840330237,
      0.8663655744124754,
      0.8693993255829076,
      0.8921389109346485,
      0.8468484360198123,
      0.8475648507541058,
      0.7082344816314924,
      0.8498822040745169,
      0.9136020301137137,
      0.8359952868808329,
      0.9048228478810525,
      0.8854382019102195
    ]
  },
  "runtime_seconds": 42.15928824999719,
  "seed": 42,
  "districtmaker_version": "0.1.0",
  "generated_at": "2026-05-14T20:07:53.544087+00:00"
}