{
  "state": "NC",
  "state_name": "North Carolina",
  "algorithm": "splitline+kl",
  "districts": 14,
  "total_internal_boundary_km": 2301.55886084953,
  "population": {
    "ideal": 745670.5714285715,
    "per_district": [
      745543,
      745598,
      745474,
      744831,
      745545,
      747252,
      745939,
      744568,
      746845,
      744930,
      745473,
      745382,
      746877,
      745131
    ],
    "deviations_pct": [
      -0.017108282592817686,
      -0.009732371284606899,
      -0.026361698597663945,
      -0.1125928071645646,
      -0.016840067636155476,
      0.21208139787504116,
      0.03599827882629998,
      -0.14786307396564527,
      0.1574996541942813,
      -0.09931616680978518,
      -0.026495806075995047,
      -0.03869958660412563,
      0.16179109350087667,
      -0.07236056366523304
    ],
    "max_abs_deviation_pct": 0.21208139787504116,
    "range_pct": 0.35994447184068645
  },
  "compactness": {
    "polsby_popper": [
      0.6068979928052551,
      0.41231377321172447,
      0.633730807185702,
      0.3385808057179717,
      0.4721174854961131,
      0.512406787167195,
      0.43929726845414885,
      0.5360135812478009,
      0.2724748173612551,
      0.37179424558784196,
      0.4588177759946401,
      0.31937238695478193,
      0.49422977017769487,
      0.3583517653245619
    ],
    "reock": [
      0.5181599126347355,
      0.4048708129192017,
      0.6727793984197205,
      0.36633908126662373,
      0.4191624534872301,
      0.5446100648673556,
      0.4366160764253429,
      0.5344136268609918,
      0.23960297101726058,
      0.3745396566998968,
      0.4720406396621059,
      0.30800823853403264,
      0.47971946462020254,
      0.3674466786615977
    ],
    "schwartzberg": [
      1.283636771128767,
      1.5573494676321589,
      1.2561676074029349,
      1.7185763576268216,
      1.4553751569404045,
      1.3969876384627133,
      1.5087620392027516,
      1.365878607462241,
      1.9157410925166094,
      1.6400182018979133,
      1.4763178890424953,
      1.7695030596425791,
      1.4224452163664616,
      1.6704951761600542
    ],
    "convex_hull_ratio": [
      0.9172020894647082,
      0.945061406279506,
      0.9341108607172413,
      0.9072060087112974,
      0.9498237285553149,
      0.9557205013381224,
      0.9418691993725891,
      0.9605165304627277,
      0.8895218635643054,
      0.944327964388949,
      0.9485865639425497,
      0.8295627207860151,
      0.9533018538404605,
      0.8902230350858191
    ]
  },
  "runtime_seconds": 598.840352499974,
  "seed": 42,
  "districtmaker_version": "0.1.0",
  "generated_at": "2026-05-13T17:13:12.108956+00:00"
}