{
  "state": "GA",
  "state_name": "Georgia",
  "algorithm": "splitline-realized",
  "districts": 14,
  "total_internal_boundary_km": 2810.5176990575856,
  "population": {
    "ideal": 765136.2857142857,
    "per_district": [
      765203,
      765118,
      765302,
      764959,
      765437,
      764806,
      765095,
      765325,
      765191,
      764817,
      764885,
      765885,
      764483,
      765402
    ],
    "deviations_pct": [
      0.008719268313361781,
      -0.002389863691879489,
      0.021658139707701612,
      -0.02317047532521316,
      0.03930205524543775,
      -0.043166912934647444,
      -0.005395864116827127,
      0.02466414013264925,
      0.007150920265563013,
      -0.04172926055749858,
      -0.03284195495330556,
      0.09785371569659172,
      -0.08538161455456428,
      0.034727706772691345
    ],
    "max_abs_deviation_pct": 0.09785371569659172,
    "range_pct": 0.18323533025115601
  },
  "compactness": {
    "polsby_popper": [
      0.3515229495792704,
      0.4453761219382722,
      0.25219334406533145,
      0.2959701231555984,
      0.2446907937188864,
      0.2629814226268197,
      0.33329095213761045,
      0.3505926711816119,
      0.3353662540111644,
      0.24299067849570624,
      0.27157853982386526,
      0.27232134116362516,
      0.36495938215391244,
      0.48648442749897686
    ],
    "reock": [
      0.4335118789233864,
      0.5725202716745649,
      0.4317452769678605,
      0.3898114045238613,
      0.3462662988502031,
      0.43454269022097247,
      0.501080032843157,
      0.48733571391189245,
      0.4738919024422431,
      0.3244004504310289,
      0.3984313204433909,
      0.39955353536291255,
      0.5510654598104138,
      0.569826304401539
    ],
    "schwartzberg": [
      1.6866429608932998,
      1.4984302617500271,
      1.99128393398572,
      1.8381293236291825,
      2.021581176751518,
      1.9500128120762477,
      1.7321609276462009,
      1.6888791856824195,
      1.7267931613807328,
      2.028640974642398,
      1.918899702508671,
      1.9162808578587873,
      1.6553038823402553,
      1.4337239118638199
    ],
    "convex_hull_ratio": [
      0.8605805737727632,
      0.9621698162714025,
      0.9259396158980845,
      0.9546792348240264,
      0.9260299149476171,
      0.9091938321909311,
      0.9384452477346156,
      0.9376178983630291,
      0.9396919584043513,
      0.9150790159744082,
      0.9009462483819317,
      0.9100925302458025,
      0.9438349164707434,
      0.973992004655309
    ]
  },
  "runtime_seconds": 206.077896625,
  "seed": 42,
  "districtmaker_version": "0.1.0",
  "generated_at": "2026-05-14T19:20:07.585274+00:00"
}