{
  "state": "NJ",
  "state_name": "New Jersey",
  "algorithm": "splitline-realized",
  "districts": 12,
  "total_internal_boundary_km": 828.5032113885051,
  "population": {
    "ideal": 774082.8333333334,
    "per_district": [
      773945,
      774397,
      773902,
      774159,
      775013,
      773035,
      774162,
      774029,
      774111,
      774120,
      774185,
      773936
    ],
    "deviations_pct": [
      -0.017806018606540876,
      0.040585665143066454,
      -0.02336097967121591,
      0.009839601575795337,
      0.12016371202306228,
      -0.13536449695198927,
      0.010227156998912199,
      -0.0069544667592687185,
      0.0036387148059255324,
      0.004801381075276121,
      0.013198415242808147,
      -0.018968684875891463
    ],
    "max_abs_deviation_pct": 0.13536449695198927,
    "range_pct": 0.2555282089750516
  },
  "compactness": {
    "polsby_popper": [
      0.5022166432878552,
      0.3417163695866968,
      0.5422431769301724,
      0.5042793366381083,
      0.2269800995348408,
      0.3547294862579724,
      0.5268147170510995,
      0.4033403419451103,
      0.34319421093375413,
      0.4285566340441645,
      0.37406828671180525,
      0.4365912356602834
    ],
    "reock": [
      0.5815138536326566,
      0.4018921700904788,
      0.5112020479956874,
      0.5814135409116172,
      0.2710795029003415,
      0.4191239953244081,
      0.5157026371624472,
      0.5077746184562916,
      0.45825666649342656,
      0.5954198703825121,
      0.4198852985257151,
      0.5582992104151868
    ],
    "schwartzberg": [
      1.4110891401373489,
      1.7106734225526932,
      1.3580099500801224,
      1.4082002386037091,
      2.098969408257318,
      1.679002547325697,
      1.3777520013524396,
      1.5745779628009873,
      1.7069862517020813,
      1.527551597850548,
      1.6350255918291785,
      1.5134305396478442
    ],
    "convex_hull_ratio": [
      0.9348388069561016,
      0.8988747335291465,
      0.9248323228063609,
      0.9589516624236483,
      0.869672524717286,
      0.916802828553781,
      0.9631925926955459,
      0.9242713886914635,
      0.8191517907751427,
      0.9405750803309191,
      0.9314645004459903,
      0.9222919598805864
    ]
  },
  "runtime_seconds": 94.63149150000027,
  "seed": 42,
  "districtmaker_version": "0.1.0",
  "generated_at": "2026-05-14T18:38:15.375779+00:00"
}