{
  "state": "MO",
  "state_name": "Missouri",
  "algorithm": "metis",
  "districts": 8,
  "total_internal_boundary_km": 1894.1021998383628,
  "population": {
    "ideal": 769364.125,
    "per_district": [
      768275,
      772480,
      767950,
      769064,
      769275,
      767666,
      771333,
      768870
    ],
    "deviations_pct": [
      -0.14156170850830874,
      0.4049935393075418,
      -0.18380438521226863,
      -0.03900948721777221,
      -0.011584241726893622,
      -0.22071798577819055,
      0.2559093849092587,
      -0.06422511577336674
    ],
    "max_abs_deviation_pct": 0.4049935393075418,
    "range_pct": 0.6257115250857324
  },
  "compactness": {
    "polsby_popper": [
      0.42079883584195404,
      0.36089313293202596,
      0.2726642734848938,
      0.509856994584346,
      0.31297333503982916,
      0.22902380001609232,
      0.2601865540967097,
      0.3591324994113424
    ],
    "reock": [
      0.4474212149736368,
      0.49173725250069755,
      0.5265979011309591,
      0.5753853680155232,
      0.43773097530100835,
      0.4059589793016382,
      0.24342406307347106,
      0.42168243451360116
    ],
    "schwartzberg": [
      1.5415681723483612,
      1.664603068255532,
      1.9150754168382955,
      1.400476446535643,
      1.7875011551409499,
      2.0895833150567844,
      1.9604581476936143,
      1.6686784064150895
    ],
    "convex_hull_ratio": [
      0.9150391714658439,
      0.8539114342745433,
      0.7704806688423165,
      0.8985522134129522,
      0.7279564572891567,
      0.6764600868803476,
      0.7405165210226407,
      0.7844002823683767
    ]
  },
  "runtime_seconds": 30.17515233299855,
  "seed": 42,
  "districtmaker_version": "0.1.0",
  "generated_at": "2026-05-14T17:16:32.606931+00:00"
}