{
  "state": "OR",
  "state_name": "Oregon",
  "algorithm": "annealing",
  "districts": 6,
  "total_internal_boundary_km": 1567.6831533275795,
  "population": {
    "ideal": 706209.3333333334,
    "per_district": [
      706490,
      706194,
      706270,
      706064,
      706066,
      706172
    ],
    "deviations_pct": [
      0.03974270140864199,
      -0.0021712164665111766,
      0.008590465150082202,
      -0.020579356073841957,
      -0.02029615392603687,
      -0.005286440092367155
    ],
    "max_abs_deviation_pct": 0.03974270140864199,
    "range_pct": 0.06032205748248394
  },
  "compactness": {
    "polsby_popper": [
      0.4700247226015968,
      0.10266405376561807,
      0.30805922601905794,
      0.2245582824868966,
      0.20662316456219196,
      0.33684586754769213
    ],
    "reock": [
      0.6043114434372888,
      0.17863475206288526,
      0.38199969326815897,
      0.28036474553928636,
      0.32325378087065687,
      0.39145827192222604
    ],
    "schwartzberg": [
      1.4586115530660582,
      3.1209786348902084,
      1.8017017070625956,
      2.110257541564483,
      2.199938274468742,
      1.7229964717212254
    ],
    "convex_hull_ratio": [
      0.9500444491992979,
      0.8573821353074494,
      0.9286489114287134,
      0.7125118053408852,
      0.8969883403726988,
      0.8796500475271906
    ]
  },
  "runtime_seconds": 119.24097204200007,
  "seed": 42,
  "districtmaker_version": "0.1.0",
  "generated_at": "2026-05-14T17:51:36.023804+00:00"
}