{
  "state": "IA",
  "state_name": "Iowa",
  "algorithm": "splitline-realized+kl",
  "districts": 4,
  "total_internal_boundary_km": 919.7653692999074,
  "population": {
    "ideal": 797592.25,
    "per_district": [
      796475,
      798239,
      799148,
      796507
    ],
    "deviations_pct": [
      -0.14007784052565705,
      0.08108779893485675,
      0.19505580702420316,
      -0.13606576543340285
    ],
    "max_abs_deviation_pct": 0.19505580702420316,
    "range_pct": 0.3351336475498602
  },
  "compactness": {
    "polsby_popper": [
      0.5541765298127183,
      0.47675440199152774,
      0.5310003432351375,
      0.5300489986428067
    ],
    "reock": [
      0.4474418676497397,
      0.4972049496600271,
      0.46662681553049884,
      0.5675927091813032
    ],
    "schwartzberg": [
      1.3433090343587133,
      1.448280369557549,
      1.372311172461014,
      1.3735421487834139
    ],
    "convex_hull_ratio": [
      0.9206064075701234,
      0.8757255249918084,
      0.9588195527337142,
      0.9661151986866253
    ]
  },
  "runtime_seconds": 133.09808537499885,
  "seed": 42,
  "districtmaker_version": "0.1.0",
  "generated_at": "2026-05-14T15:10:51.854497+00:00"
}