{
  "state": "OR",
  "state_name": "Oregon",
  "algorithm": "metis+kl",
  "districts": 6,
  "total_internal_boundary_km": 1007.1752743782155,
  "population": {
    "ideal": 706209.3333333334,
    "per_district": [
      704101,
      709351,
      704331,
      707121,
      708576,
      703776
    ],
    "deviations_pct": [
      -0.2985422641445368,
      0.44486337384382174,
      -0.2659740171469515,
      0.12909297904114755,
      0.3351225415693498,
      -0.3445626131628637
    ],
    "max_abs_deviation_pct": 0.44486337384382174,
    "range_pct": 0.7894259870066854
  },
  "compactness": {
    "polsby_popper": [
      0.5004198391753352,
      0.40073886346495,
      0.4622767436742387,
      0.5394213167372982,
      0.5603682663208762,
      0.5988830204092382
    ],
    "reock": [
      0.6352464177410593,
      0.5206852198655038,
      0.5593468399590306,
      0.5697737607342749,
      0.6519738527193186,
      0.6118250631441631
    ],
    "schwartzberg": [
      1.4136201937702613,
      1.5796805428961522,
      1.4707842728673248,
      1.3615573771636114,
      1.335867036360692,
      1.2921978078653742
    ],
    "convex_hull_ratio": [
      0.89222246972732,
      0.8250225574872055,
      0.8626207591762658,
      0.8962775289592779,
      0.9074644676733359,
      0.9418437499756216
    ]
  },
  "runtime_seconds": 28.6274488750023,
  "seed": 42,
  "districtmaker_version": "0.1.0",
  "generated_at": "2026-05-14T17:51:36.307777+00:00"
}