{
  "state": "OR",
  "state_name": "Oregon",
  "algorithm": "splitline+kl",
  "districts": 6,
  "total_internal_boundary_km": 1299.246382947115,
  "population": {
    "ideal": 706209.3333333334,
    "per_district": [
      707047,
      704951,
      706383,
      704627,
      706848,
      707400
    ],
    "deviations_pct": [
      0.11861449957235927,
      -0.17818135132737395,
      0.02459138650106973,
      -0.22406009927179835,
      0.09043588586575291,
      0.16859967865995745
    ],
    "max_abs_deviation_pct": 0.22406009927179835,
    "range_pct": 0.39265977793175577
  },
  "compactness": {
    "polsby_popper": [
      0.534616609677164,
      0.1528808121561796,
      0.37969396595263954,
      0.29892561641676263,
      0.2987407278756778,
      0.3992556203126832
    ],
    "reock": [
      0.6042483113552803,
      0.17865830365889016,
      0.3820014490456097,
      0.27798014518575126,
      0.36778717408082984,
      0.3922394508543332
    ],
    "schwartzberg": [
      1.3676619870808466,
      2.5575463282534154,
      1.6228678334745636,
      1.8290199108304395,
      1.8295858070836188,
      1.5826120961933579
    ],
    "convex_hull_ratio": [
      0.9496744825945574,
      0.8723271991771988,
      0.9245265741791056,
      0.7075188926333993,
      0.8941303759041151,
      0.878220138042636
    ]
  },
  "runtime_seconds": 218.0029306660872,
  "seed": 42,
  "districtmaker_version": "0.1.0",
  "generated_at": "2026-05-13T16:21:01.481380+00:00"
}