{
  "state": "OH",
  "state_name": "Ohio",
  "algorithm": "annealing",
  "districts": 15,
  "total_internal_boundary_km": 2632.136085779345,
  "population": {
    "ideal": 786629.8666666667,
    "per_district": [
      786560,
      786608,
      786524,
      786620,
      786214,
      787077,
      786645,
      786580,
      786816,
      786809,
      786125,
      786650,
      786715,
      786780,
      786725
    ],
    "deviations_pct": [
      -0.008881771418463523,
      -0.0027797910546363326,
      -0.013458256691333914,
      -0.0012542959636795354,
      -0.05286687987438451,
      0.056841642083591826,
      0.0019238188091471257,
      -0.006339279600202192,
      0.023662123855281485,
      0.02277225171889002,
      -0.06418096846564743,
      0.002559441763712458,
      0.010822540173061777,
      0.019085638582411097,
      0.01209378608219244
    ],
    "max_abs_deviation_pct": 0.06418096846564743,
    "range_pct": 0.12102261054923925
  },
  "compactness": {
    "polsby_popper": [
      0.4448400562381914,
      0.387839249145706,
      0.33562117017877185,
      0.23952308334601916,
      0.5911737665343453,
      0.2652591566013385,
      0.3007669987643902,
      0.48139396962820347,
      0.4902096469216673,
      0.3058406416025183,
      0.4164948165320071,
      0.41023656727570207,
      0.22037339933343003,
      0.4837756504171248,
      0.45297305791031395
    ],
    "reock": [
      0.5544511890056045,
      0.5809680732373013,
      0.5263149203465115,
      0.40171967218623345,
      0.5626370238901923,
      0.34647894872792173,
      0.32544450198796526,
      0.4007949036395219,
      0.7049848389216415,
      0.37640012122645045,
      0.5633313306751144,
      0.5172742925173262,
      0.28713885101901065,
      0.4763355544507819,
      0.3890901193791253
    ],
    "schwartzberg": [
      1.4993328504506673,
      1.6057359154034123,
      1.726137256523819,
      2.0432726092424596,
      1.3005960271134958,
      1.9416225523755237,
      1.8234124211729585,
      1.4412843707976442,
      1.428265918844851,
      1.8082247192726237,
      1.5495129122407914,
      1.5612872576538062,
      2.130200167873619,
      1.4377321926436681,
      1.485811837867687
    ],
    "convex_hull_ratio": [
      0.9528084254602036,
      0.9605177062171318,
      0.8827198117505555,
      0.9285531638201835,
      0.9784879285708752,
      0.9113699914520543,
      0.9193853716999951,
      0.8396307783620148,
      0.9403133641018064,
      0.9459312151054642,
      0.9567919109115965,
      0.8852496700939574,
      0.9228271849800787,
      0.9771746937671447,
      0.8379599852380775
    ]
  },
  "runtime_seconds": 268.19237054100086,
  "seed": 42,
  "districtmaker_version": "0.1.0",
  "generated_at": "2026-05-14T20:34:45.060181+00:00"
}