{
  "state": "CA",
  "state_name": "California",
  "algorithm": "metis+kl",
  "districts": 52,
  "total_internal_boundary_km": 7353.03466836898,
  "population": {
    "ideal": 760350.4423076923,
    "per_district": [
      756623,
      759087,
      761475,
      758725,
      759158,
      757971,
      759642,
      761680,
      756697,
      757407,
      762741,
      759221,
      756728,
      761456,
      764131,
      761209,
      757196,
      760971,
      758625,
      758079,
      757516,
      757431,
      763433,
      759562,
      764134,
      757945,
      758009,
      757805,
      761310,
      763723,
      762180,
      759826,
      757411,
      757257,
      761395,
      763267,
      764144,
      758959,
      761419,
      758286,
      761664,
      764116,
      764100,
      756951,
      761047,
      763191,
      761121,
      759122,
      764147,
      762136,
      763095,
      763699
    ],
    "deviations_pct": [
      -0.4902268875361374,
      -0.1661657884826974,
      0.14789991952850992,
      -0.2137754142364901,
      -0.15682798895640102,
      -0.3129402148396938,
      -0.09317313021376102,
      0.17486117168190082,
      -0.48049453310027923,
      -0.3871165378373156,
      0.3144020913635972,
      -0.14854233585560284,
      -0.4764174657014738,
      0.14540107176795172,
      0.4972125327939063,
      0.11291605088069537,
      -0.41486689980983016,
      0.08161469472212445,
      -0.22692724455521737,
      -0.2987362380954683,
      -0.37278104278990287,
      -0.38396009856082103,
      0.40541275716919,
      -0.10369459446874284,
      0.4976070877034681,
      -0.31635969072256287,
      -0.3079425193185774,
      -0.33477225316878106,
      0.12619939950260992,
      0.443553065093499,
      0.24062032327553717,
      -0.06897376242730284,
      -0.3865904646245665,
      -0.4068442833154065,
      0.1373784552735281,
      0.38358071884010264,
      0.49892227073534084,
      -0.1830001312906683,
      0.14053489455002263,
      -0.2715119493357029,
      0.17275687883090446,
      0.49523975824609723,
      0.49313546539510084,
      -0.4470888840907119,
      0.09161008576435718,
      0.37358532779786996,
      0.10134244020021535,
      -0.16156264787114283,
      0.4993168256449027,
      0.23483351793529722,
      0.3609595706918918,
      0.4403966258170045
    ],
    "max_abs_deviation_pct": 0.4993168256449027,
    "range_pct": 0.9895437131810401
  },
  "compactness": {
    "polsby_popper": [
      0.3314993475713214,
      0.41184610631111024,
      0.1681588142427387,
      0.14488842763049925,
      0.31649487498749146,
      0.4369524071594936,
      0.24575006610740613,
      0.2676975130947865,
      0.3015248452248688,
      0.4044437763839555,
      0.3503300093883235,
      0.481924851895651,
      0.4698246593475646,
      0.23851148846477604,
      0.2720028560521288,
      0.5977919396441637,
      0.37247178414699783,
      0.338089268495648,
      0.35115180067508733,
      0.41513041248893917,
      0.4595385151429212,
      0.32924554680140133,
      0.4989979531636824,
      0.4784765044714732,
      0.45319622590909947,
      0.35620245008399215,
      0.3752737124145727,
      0.36165500115933397,
      0.43448026813254675,
      0.46741254004507427,
      0.41008846410863586,
      0.3873689475512396,
      0.45320445582109153,
      0.21054972295398414,
      0.3236259436783542,
      0.4914173178790413,
      0.38504201633773705,
      0.3226396347056539,
      0.2378827299911704,
      0.3675762181029284,
      0.6180153333576267,
      0.5369955344903258,
      0.5008154713012566,
      0.4282383854983034,
      0.4526657250002118,
      0.4473002647016989,
      0.5396831390908899,
      0.2738499170526026,
      0.19917516024822093,
      0.4886661724924671,
      0.4916324727620341,
      0.5124948174072769
    ],
    "reock": [
      0.35784247232648025,
      0.5727722931893507,
      0.4982049387579493,
      0.3465159091433032,
      0.3603120323357542,
      0.4352825289095045,
      0.331587798212721,
      0.1436210073213816,
      0.3962381040032831,
      0.4049350080496247,
      0.4361523044887427,
      0.517895510310764,
      0.48425019833823274,
      0.20268576035545322,
      0.4600484887058761,
      0.5968667213298682,
      0.5350932763136829,
      0.39399079367173545,
      0.4052404748520789,
      0.42963636900767477,
      0.636133374410505,
      0.5476270950631403,
      0.5321985534565232,
      0.7172955262530559,
      0.5401313588907094,
      0.47731637306136826,
      0.4417194586610053,
      0.31233132764757443,
      0.4963682717988753,
      0.5615927431923369,
      0.5280240403428493,
      0.4113728045860672,
      0.5174012128286745,
      0.24718845587696295,
      0.4263820768443167,
      0.5165302987708698,
      0.5349965077930467,
      0.46439645343104874,
      0.3128204447974023,
      0.5511653036927702,
      0.5888215112141207,
      0.5149351507833806,
      0.47304560499706017,
      0.5808087073771725,
      0.6271486606443772,
      0.5197472955456582,
      0.6408236299166497,
      0.33670471475714336,
      0.14897022398582252,
      0.5968707418749329,
      0.5579291688449076,
      0.5645704450567786
    ],
    "schwartzberg": [
      1.7368353948726425,
      1.5582334315034532,
      2.438597823493962,
      2.6271395971848137,
      1.7775288534238598,
      1.5128049326400068,
      2.0172195956917376,
      1.932759567095871,
      1.8211195155416313,
      1.5724285537505147,
      1.6895121901442214,
      1.4404903018173405,
      1.4589220769061453,
      2.0476010739128845,
      1.9174024055984864,
      1.2933765201709106,
      1.6385258991339708,
      1.7198251956027182,
      1.6875340717486975,
      1.5520572059377213,
      1.4751597079544365,
      1.7427698787580954,
      1.415632804175908,
      1.445671740522774,
      1.4854459627055487,
      1.6755274561120193,
      1.6323975272323918,
      1.6628488041141765,
      1.5171026644680283,
      1.4626816739836122,
      1.5615691611140123,
      1.6067103753989056,
      1.4854324752553643,
      2.179328321883414,
      1.7578359215860662,
      1.4265098387856763,
      1.6115579930928146,
      1.7605207224356754,
      2.0503053410982677,
      1.649401166786124,
      1.2720388479426337,
      1.3646292091457213,
      1.4130617205487233,
      1.5281190981084747,
      1.4863161408991192,
      1.4952039043075365,
      1.3612270635238033,
      1.9109252241569497,
      2.2406932835769413,
      1.4305197621067935,
      1.4261976603175175,
      1.396867654382515
    ],