{
  "name": "metis+kl",
  "status": "ok",
  "total_internal_boundary_km": 7353.03466836898,
  "max_abs_deviation_pct": 0.4993168256449027,
  "runtime_seconds": 172.7773560420028,
  "refine_iterations": 116,
  "refine_improvement_pct": 0.1033669297422222,
  "error": null
}