{
  "state": "ME",
  "state_name": "Maine",
  "algorithm": "metis",
  "districts": 2,
  "total_internal_boundary_km": 187.87037521121232,
  "population": {
    "ideal": 681179.5,
    "per_district": [
      681314,
      681045
    ],
    "deviations_pct": [
      0.019745162618663655,
      -0.019745162618663655
    ],
    "max_abs_deviation_pct": 0.019745162618663655,
    "range_pct": 0.03949032523732731
  },
  "compactness": {
    "polsby_popper": [
      0.38319420393926584,
      0.4349499087199169
    ],
    "reock": [
      0.5682738974903471,
      0.45561562401445316
    ],
    "schwartzberg": [
      1.6154388915197107,
      1.5162833914827536
    ],
    "convex_hull_ratio": [
      0.8624205834753285,
      0.8638593147073973
    ]
  },
  "runtime_seconds": 10.691334208000626,
  "seed": 42,
  "districtmaker_version": "0.1.0",
  "generated_at": "2026-05-14T17:33:02.583968+00:00"
}