{
  "state": "FL",
  "state_name": "Florida",
  "algorithm": "annealing",
  "districts": 28,
  "total_internal_boundary_km": 4216.92232982139,
  "population": {
    "ideal": 769220.9642857143,
    "per_district": [
      765675,
      766105,
      766112,
      767949,
      772994,
      769591,
      769382,
      769121,
      773026,
      767868,
      768720,
      770941,
      765407,
      770656,
      769685,
      771081,
      771422,
      772708,
      765528,
      772199,
      771540,
      772058,
      765402,
      765379,
      771256,
      770057,
      765929,
      770396
    ],
    "deviations_pct": [
      -0.4609812330072207,
      -0.4050805204727813,
      -0.4041705088733835,
      -0.16535746485997607,
      0.4905008949917608,
      0.04810525602734839,
      0.020934909702469702,
      -0.012995522789364451,
      0.49466094801757954,
      -0.17588759908157975,
      -0.06512618726915562,
      0.2236074930540768,
      -0.49582167709845276,
      0.18655702079287856,
      0.06032541179069096,
      0.2418077250420338,
      0.2861382900984148,
      0.4533204210735057,
      -0.48009147659457563,
      0.38714957763157626,
      0.30147848563112145,
      0.3688193439865624,
      -0.49647168538373687,
      -0.4994617234960442,
      0.26455801502698006,
      0.10868602821583388,
      -0.42796081211478443,
      0.15275658995810124
    ],
    "max_abs_deviation_pct": 0.4994617234960442,
    "range_pct": 0.9941226715136238
  },
  "compactness": {
    "polsby_popper": [
      0.29384374988781775,
      0.2649040857463726,
      0.40778235015487363,
      0.3702336791256665,
      0.3183837782475454,
      0.27670967856155754,
      0.24578412403211278,
      0.25990241338998704,
      0.3412864546480951,
      0.33990127603616244,
      0.4429538046613266,
      0.3413872028965186,
      0.35233274284375676,
      0.40879331190752743,
      0.389951036063425,
      0.3631446148285779,
      0.25629992630258014,
      0.35011292059389415,
      0.23227044524733922,
      0.3751935542953892,
      0.33681674446994664,
      0.3878992996918888,
      0.3242503868286934,
      0.3180775451311562,
      0.30430896236978217,
      0.43411778921219474,
      0.4793484054190763,
      0.46300685846706263
    ],
    "reock": [
      0.35262562728398206,
      0.5224954013328875,
      0.46424579950357725,
      0.36266269406640983,
      0.38999191603782646,
      0.4425691526106822,
      0.26148461720122723,
      0.3330989952890292,
      0.43607021926911765,
      0.30683264882536454,
      0.6673116605844942,
      0.5786234134692895,
      0.4623278983915437,
      0.4189484001647763,
      0.4688635312167846,
      0.4455807425942504,
      0.4124895643549942,
      0.48799156666395893,
      0.40695276821434906,
      0.6336834255643008,
      0.5214239327359317,
      0.47082642937440783,
      0.55708263853547,
      0.4256448214997764,
      0.42126559900255217,
      0.5347655213671416,
      0.4079958441893334,
      0.5084071787538459
    ],
    "schwartzberg": [
      1.8447680620115836,
      1.942923367940974,
      1.5659784733493893,
      1.6434709754287156,
      1.7722481590929313,
      1.9010249861953972,
      2.0170798293550476,
      1.9615294994186363,
      1.7117505420624142,
      1.7152348912506303,
      1.5025217998831617,
      1.711497942385546,
      1.6847035756965834,
      1.564040911869736,
      1.6013820668087826,
      1.6594348092662554,
      1.9752667777601378,
      1.690035903074631,
      2.0749279640901293,
      1.6325718944702392,
      1.723070960113479,
      1.6056116189030025,
      1.756142480916787,
      1.7731010808411891,
      1.8127696789212226,
      1.5177359061884808,
      1.444356354625654,
      1.4696241766356768
    ],
    "convex_hull_ratio": [
      0.8479432867663115,
      0.8337570955364131,
      0.8683677462654841,
      0.7715533246799283,
      0.8319098408446985,
      0.8074112171505269,
      0.5769910090255203,
      0.81501748356093,
      0.852873987847004,
      0.8945073361236825,
      0.9152238099029978,
      0.894136104458374,
      0.874549684525393,
      0.8864799499084774,
      0.8966824043154684,
      0.8595064517407015,
      0.8546462699814091,
      0.8883587719568153,
      0.8556425939144996,
      0.8778414183867892,
      0.8663524925817047,
      0.8630977422165574,
      0.8382078362340183,
      0.8346406452777757,
      0.8852304447542515,
      0.9093155229122035,
      0.8552820475228168,
      0.8681659240227491
    ]
  },
  "runtime_seconds": 461.0003903340039,
  "seed": 42,
  "districtmaker_version": "0.1.0",
  "generated_at": "2026-05-14T23:19:15.841448+00:00"
}