{
  "state": "OK",
  "state_name": "Oklahoma",
  "algorithm": "metis+kl",
  "districts": 5,
  "total_internal_boundary_km": 1176.489800695397,
  "population": {
    "ideal": 791870.6,
    "per_district": [
      790289,
      789876,
      795829,
      788772,
      794587
    ],
    "deviations_pct": [
      -0.19972960228602712,
      -0.25188458821428356,
      0.4998796520542654,
      -0.39130130604671737,
      0.3430358444927774
    ],
    "max_abs_deviation_pct": 0.4998796520542654,
    "range_pct": 0.8911809581009827
  },
  "compactness": {
    "polsby_popper": [
      0.43734201877348106,
      0.5681830181996108,
      0.3243929804519398,
      0.27961543311255704,
      0.43010272946556105
    ],
    "reock": [
      0.5855554836129736,
      0.60865240075202,
      0.5675509335917087,
      0.2877312115328146,
      0.6049682938877913
    ],
    "schwartzberg": [
      1.5121309318869767,
      1.3266485151812957,
      1.755756464172944,
      1.8911214946781643,
      1.524803572045261
    ],
    "convex_hull_ratio": [
      0.8377363253067414,
      0.9359549234110912,
      0.8903402713355564,
      0.6857209969078107,
      0.8907851690662534
    ]
  },
  "runtime_seconds": 23.06788745800077,
  "seed": 42,
  "districtmaker_version": "0.1.0",
  "generated_at": "2026-05-14T15:33:28.371361+00:00"
}