{
  "state": "IN",
  "state_name": "Indiana",
  "algorithm": "splitline-realized+kl",
  "districts": 9,
  "total_internal_boundary_km": 1365.824505020197,
  "population": {
    "ideal": 753947.5555555555,
    "per_district": [
      754078,
      754016,
      753940,
      754629,
      753653,
      750348,
      754186,
      754976,
      755702
    ],
    "deviations_pct": [
      0.017301527604048877,
      0.009078143955790407,
      -0.0010021327743328793,
      0.0903835338974427,
      -0.03906844095256161,
      -0.4774278434927914,
      0.031626131378434605,
      0.1364079552836635,
      0.23270112510036753
    ],
    "max_abs_deviation_pct": 0.4774278434927914,
    "range_pct": 0.7101289685931589
  },
  "compactness": {
    "polsby_popper": [
      0.4505688742942725,
      0.5069661808547798,
      0.3671311654208081,
      0.5654833250470647,
      0.27568658871603,
      0.652287610486296,
      0.6441662236910013,
      0.5121974738119246,
      0.6450264732171062
    ],
    "reock": [
      0.4453971210579958,
      0.37782967904442466,
      0.32611225244515624,
      0.5802915868216636,
      0.4972089380402209,
      0.6028471369806709,
      0.5542607834118992,
      0.35739038214945745,
      0.5548180896332431
    ],
    "schwartzberg": [
      1.4897706244007158,
      1.404463656869728,
      1.6504006026129519,
      1.3298115433687219,
      1.9045491298256318,
      1.2381704505466125,
      1.2459511790199858,
      1.3972730540662932,
      1.245120060794904
    ],
    "convex_hull_ratio": [
      0.8649812559169465,
      0.9630391687677573,
      0.9278439468070825,
      0.960957721734846,
      0.8284152718187822,
      0.9800101796783723,
      0.9780664934207377,
      0.9736499796711323,
      0.9827055425800797
    ]
  },
  "runtime_seconds": 297.8138244160018,
  "seed": 42,
  "districtmaker_version": "0.1.0",
  "generated_at": "2026-05-14T16:21:48.485769+00:00"
}