{
  "state": "MN",
  "state_name": "Minnesota",
  "algorithm": "metis",
  "districts": 8,
  "total_internal_boundary_km": 1289.8900449107907,
  "population": {
    "ideal": 713311.75,
    "per_district": [
      710950,
      714909,
      710444,
      711896,
      714019,
      713202,
      714875,
      716199
    ],
    "deviations_pct": [
      -0.33109646658701475,
      0.22392032656128263,
      -0.40203319235944174,
      -0.19847563144725994,
      0.09915019625009681,
      -0.0153859795524187,
      0.21915382720108004,
      0.4047669199336756
    ],
    "max_abs_deviation_pct": 0.4047669199336756,
    "range_pct": 0.8068001122931173
  },
  "compactness": {
    "polsby_popper": [
      0.5441567503062538,
      0.45055199597488693,
      0.6349415853789042,
      0.5398700377972471,
      0.37304540145386106,
      0.27856313169984365,
      0.6035504600923134,
      0.5245014983829557
    ],
    "reock": [
      0.6543171939497635,
      0.6051434511737247,
      0.6633492323960143,
      0.556873545177538,
      0.3906517687479024,
      0.40537006226963157,
      0.4973459489144509,
      0.5447769938947215
    ],
    "schwartzberg": [
      1.3556200685762398,
      1.4897985286039472,
      1.2549693348780517,
      1.3609914201448,
      1.637265665936267,
      1.8946900824579431,
      1.2871916307384275,
      1.380786821481441
    ],
    "convex_hull_ratio": [
      0.9076874905555655,
      0.837616395060987,
      0.9339970452931815,
      0.9124310911584649,
      0.8274749397682405,
      0.8242630511752774,
      0.9475182597403349,
      0.8542174108680659
    ]
  },
  "runtime_seconds": 22.908811749999586,
  "seed": 42,
  "districtmaker_version": "0.1.0",
  "generated_at": "2026-05-14T16:58:32.592406+00:00"
}