{
  "state": "MI",
  "state_name": "Michigan",
  "algorithm": "splitline+kl",
  "districts": 13,
  "total_internal_boundary_km": 2208.5955428823663,
  "population": {
    "ideal": 775179.3076923077,
    "per_district": [
      773954,
      775636,
      777555,
      775797,
      775247,
      775271,
      774535,
      772264,
      775386,
      776395,
      774416,
      773660,
      777215
    ],
    "deviations_pct": [
      -0.1580676470783851,
      0.05891440898387978,
      0.3064700365602688,
      0.07968379722765186,
      0.008732470929051566,
      0.011828528803899578,
      -0.08311724602477281,
      -0.376081722432266,
      0.026663806120879638,
      0.15682723927594816,
      -0.09846853298756088,
      -0.1959943560452733,
      0.2626092166665886
    ],
    "max_abs_deviation_pct": 0.376081722432266,
    "range_pct": 0.6825517589925347
  },
  "compactness": {
    "polsby_popper": [
      0.5114138139644363,
      0.322854294030544,
      0.5274978311514932,
      0.23590403665433024,
      0.4328811837588036,
      0.38591513677873374,
      0.3916670447035352,
      0.5105925843565338,
      0.4902226054143978,
      0.5922019079811054,
      0.5851522458533162,
      0.5777352007228025,
      0.6821249130888397
    ],
    "reock": [
      0.5030042673383359,
      0.27038844567923753,
      0.48614629824619593,
      0.17114038506780857,
      0.36490163045640733,
      0.392293069423636,
      0.34142502986704587,
      0.4607313912890705,
      0.5105510840467072,
      0.4948516608919157,
      0.5306775291393699,
      0.49655220354365465,
      0.5824287934906293
    ],
    "schwartzberg": [
      1.3983431929700785,
      1.759935357715171,
      1.3768596121671834,
      2.0588860631426082,
      1.5199022073515593,
      1.6097339120143506,
      1.5978701527415609,
      1.399467278480267,
      1.4282470414046486,
      1.2994665326326282,
      1.3072708038172993,
      1.3156355051389206,
      1.210787822172207
    ],
    "convex_hull_ratio": [
      0.8980670308814727,
      0.8996299826390972,
      0.9620793821216936,
      0.9145967744777678,
      0.9711567749952841,
      0.8582966978892277,
      0.9478529886626367,
      0.9029749336493773,
      0.9290777070655125,
      0.9457405311978608,
      0.9721239111866993,
      0.9616529458204635,
      0.9492776550291808
    ]
  },
  "runtime_seconds": 504.47933004202787,
  "seed": 42,
  "districtmaker_version": "0.1.0",
  "generated_at": "2026-05-13T17:03:10.275540+00:00"
}