{
  "state": "CA",
  "state_name": "California",
  "algorithm": "metis+kl",
  "districts": 52,
  "total_internal_boundary_km": 9335.13838321012,
  "population": {
    "ideal": 760350.4423076923,
    "per_district": [
      758131,
      763458,
      759116,
      758322,
      756556,
      757454,
      763847,
      761033,
      763867,
      756550,
      758243,
      760366,
      757135,
      762582,
      760029,
      757558,
      756556,
      756794,
      760559,
      763530,
      760660,
      756613,
      758070,
      756769,
      762943,
      760330,
      756784,
      764151,
      761010,
      760358,
      760587,
      761686,
      764144,
      762472,
      761711,
      762378,
      763915,
      764038,
      763573,
      756620,
      759928,
      762887,
      760350,
      756587,
      762926,
      763700,
      759686,
      764110,
      756552,
      757767,
      759113,
      764119
    ],
    "deviations_pct": [
      -0.29189728632973017,
      0.40870071474887176,
      -0.1623517576902665,
      -0.26677729042096104,
      -0.49903861384968473,
      -0.3809351775875138,
      0.45986133468872087,
      0.08976882951973536,
      0.4624917007524663,
      -0.4998277236688083,
      -0.2771672363727556,
      0.002046121293824444,
      -0.42288951630425375,
      0.2934906811568208,
      -0.042275546880286466,
      -0.3672572740560374,
      -0.49903861384968473,
      -0.4677372576911138,
      0.027429153808968085,
      0.4181700325783554,
      0.04071250243088263,
      -0.49154207056801014,
      -0.29991990282415376,
      -0.47102521527079566,
      0.3409687886074263,
      -0.0026885376209173743,
      -0.4690524407229865,
      0.49984289885765176,
      0.08674390854642808,
      0.0009939748683262624,
      0.03111166629821172,
      0.17565028150102446,
      0.49892227073534084,
      0.27902366780622084,
      0.17893823908070627,
      0.2666609473066172,
      0.46880457930545544,
      0.48498133059748993,
      0.4238253196154081,
      -0.4906214424456992,
      -0.055558895502201014,
      0.333603763628939,
      -5.8171557171919526e-05,
      -0.49496154645087925,
      0.33873297745324266,
      0.44052814412019176,
      -0.08738632487352102,
      0.49445064842697356,
      -0.4995646870624338,
      -0.3397699486898974,
      -0.1627463125998283,
      0.49563431315565903
    ],
    "max_abs_deviation_pct": 0.49984289885765176,
    "range_pct": 0.99967062252646
  },
  "compactness": {
    "polsby_popper": [
      0.1872444420930281,
      0.30771121772416343,
      0.32248117315390623,
      0.25542781142794435,
      0.2956957927251722,
      0.3548461926263297,
      0.28397433679984113,
      0.3548499870456961,
      0.4533479049428795,
      0.28938062629073213,
      0.24445880976841922,
      0.3011172084678209,
      0.27490164814802576,
      0.3320698484088622,
      0.444903235686637,
      0.2530768236010884,
      0.17706892649211528,
      0.5129977684541925,
      0.3558396483039068,
      0.3625010473111449,
      0.1524519131078546,
      0.41625188781451145,
      0.46923405476591473,
      0.4220666543004203,
      0.3427170225767036,
      0.3163017928276838,
      0.14668732316317162,
      0.14050873664331295,
      0.2695567554511285,
      0.2639649536283481,
      0.2107130758087548,
      0.3555467614487119,
      0.1674328421295155,
      0.3369987756684704,
      0.22095946887547918,
      0.37465193992709206,
      0.2819942739451382,
      0.2681286558687094,
      0.3442359971014014,
      0.11442091120094747,
      0.2737803512652198,
      0.3115525916238853,
      0.3345944618183154,
      0.06861887510563572,
      0.21323470609552997,
      0.1795665953071798,
      0.08942099055239204,
      0.18778255234634494,
      0.23984178239653867,
      0.2330421097876448,
      0.23304967472295093,
      0.27999544892592465
    ],
    "reock": [
      0.24733121046893008,
      0.4311555392160674,
      0.4224108944542441,
      0.41372903879923856,
      0.3711215781009287,
      0.4165412414102008,
      0.34065893619584914,
      0.37633800908265586,
      0.5058885191904858,
      0.5570465216013675,
      0.27481488371552654,
      0.4489980943067795,
      0.4921321782729421,
      0.44048371328256153,
      0.6075396058498063,
      0.4476529121403466,
      0.20226009482642487,
      0.648104912390591,
      0.4073891668560731,
      0.38383963158029494,
      0.15364211607110512,
      0.5644186538772165,
      0.697205202058131,
      0.4917146133060578,
      0.39571127566286074,
      0.4258944723174147,
      0.43378730401757976,
      0.5191314691916559,
      0.5707756897769326,
      0.5188003338512414,
      0.37906800477558306,
      0.6065388181533597,
      0.38282311935074936,
      0.5961764120774098,
      0.4795854173409887,
      0.4848293985768964,
      0.38542446043247447,
      0.5020734871223629,
      0.4325828240703319,
      0.3507625908377994,
      0.2803472550862966,
      0.31717327754127944,
      0.6111263785062043,
      0.3149589223953959,
      0.12841246408291132,
      0.518881836368296,
      0.3078229142780995,
      0.5088906730379318,
      0.4043859284238456,
      0.46838761545992635,
      0.31049518655276054,
      0.4902165269123268
    ],
    "schwartzberg": [
      2.3109765159534126,
      1.8027202431500957,
      1.76095321370396,
      1.9786360107372907,
      1.8389817840295772,
      1.6787264186703181,
      1.8765513502796392,
      1.678717443315528,
      1.4851974451157137,
      1.8589395778554119,
      2.02254015871699,
      1.822351766907728,
      1.9072662692998212,
      1.7353427992655108,
      1.4992263886651065,
      1.9878051550145466,
      2.3764507747073704,
      1.396182731000689,
      1.6763813933855052,
      1.6609071977846441,
      2.5611414250238775,
      1.5499650018177644,
      1.459839929197014,
      1.5392511230534711,
      1.7081742151949026,
      1.7780713049006756,
      2.6109809808560254,
      2.667769699536166,
      1.926082519973653,
      1.9463765568056863,
      2.1784834086658345,
      1.677071723117345,
      2.4438788637074484,
      1.722605535516595,
      2.127373236802624,
      1.6337515294365526,
      1.8831280615912596,
      1.931205032452057,
      1.7044013068087938,
      2.956291801679778,
      1.9111679855052859,
      1.7915722042939684,
      1.7287835676561187,
      3.817492591313556,
      2.1655641539194512,
      2.359865362639429,
      3.3441077458614656,
      2.307662969755807,
      2.0419146191937436,
      2.071489795788089,
      2.0714561746009252,
      1.8898377236647435
    ],