{
  "state": "CA",
  "state_name": "California",
  "algorithm": "metis+kl",
  "districts": 52,
  "total_internal_boundary_km": 22760.670421813247,
  "population": {
    "ideal": 760350.4423076923,
    "per_district": [
      760947,
      760396,
      759486,
      761991,
      762600,
      763128,
      758579,
      761273,
      763848,
      764134,
      759480,
      764014,
      760145,
      761409,
      759711,
      756568,
      760407,
      757651,
      757673,
      761302,
      760376,
      759643,
      758418,
      756629,
      763094,
      757301,
      762218,
      760781,
      761593,
      761649,
      762322,
      758488,
      757589,
      759104,
      760679,
      760051,
      756616,
      762351,
      759888,
      758227,
      757936,
      757670,
      759425,
      762113,
      761232,
      762714,
      761796,
      762532,
      756767,
      761295,
      760918,
      762066
    ],
    "deviations_pct": [
      0.0784582554456299,
      0.005991670389442627,
      -0.11368998551097556,
      0.21576336397314266,
      0.29585801061419176,
      0.36529967469707175,
      -0.2329770865018319,
      0.12133322228468083,
      0.4599928529919081,
      0.4976070877034681,
      -0.11447909533009921,
      0.4818248913209954,
      -0.027019423710562835,
      0.1392197115181499,
      -0.0840983672938392,
      -0.49746039421143745,
      0.007438371724502626,
      -0.35502607185962104,
      -0.35213266918950104,
      0.12514725307711175,
      0.0033613043256971718,
      -0.09304161191057374,
      -0.25415153331498286,
      -0.4894377777170138,
      0.36082805238870447,
      -0.40105747797516655,
      0.24561801879665357,
      0.056626217116542636,
      0.1634190793046081,
      0.17078410428309537,
      0.2592959223281299,
      -0.2449452520918738,
      -0.36318020665723194,
      -0.16392997732851378,
      0.04321135019144081,
      -0.03938214421016647,
      -0.49114751565844833,
      0.2631099531205608,
      -0.060819627629691925,
      -0.279271529223752,
      -0.31754335545124834,
      -0.3525272240990629,
      -0.12171260200539921,
      0.2318085969619899,
      0.11594097185400265,
      0.31085109717754084,
      0.19011729485162449,
      0.2869147659974572,
      -0.47128825187717016,
      0.12422662495480083,
      0.07464422465319899,
      0.22562723671218812
    ],
    "max_abs_deviation_pct": 0.4976070877034681,
    "range_pct": 0.9950674819149056
  },
  "compactness": {
    "polsby_popper": [
      0.11440221906350503,
      0.13192897496719483,
      0.10909815003715842,
      0.33665535844056554,
      0.20937893892584225,
      0.20050326605557467,
      0.08915731006185246,
      0.06613958983746804,
      0.0903189308134605,
      0.2866909590832355,
      0.1685411914970508,
      0.14413478966187804,
      0.225075011921595,
      0.06795974324723728,
      0.16581018554903446,
      0.11711138316587183,
      0.09695432609432761,
      0.07864167641469608,
      0.13102530927475856,
      0.13034343915276445,
      0.1305277278473993,
      0.1169206755340732,
      0.14335200819537633,
      0.007667097733476959,
      0.005553305317091537,
      0.009735539884883864,
      0.18598483645110428,
      0.26654215982413404,
      0.12178965733684204,
      0.25106441856605016,
      0.40440176166149805,
      0.27879292374784875,
      0.1377701504992412,
      0.22257548536474173,
      0.2930039549164281,
      0.320135469616189,
      0.1801431604931046,
      0.3002965533077618,
      0.198995891637156,
      0.2629038414180076,
      0.18202956364666895,
      0.14703839551707337,
      0.20982521533937756,
      0.1733479655157342,
      0.13958944262653095,
      0.39021812650762056,
      0.15318499092809756,
      0.2721172340740358,
      0.015554970462743772,
      0.16895283470407244,
      0.14731133520487372,
      0.19944230321785808
    ],
    "reock": [
      0.4495776174520669,
      0.5119618684480692,
      0.3873712879081818,
      0.4674000954411987,
      0.45858911657525003,
      0.37618741469316325,
      0.35649073136070825,
      0.4760403848661778,
      0.12210676321903251,
      0.5399118738558397,
      0.2200611085615236,
      0.40007255039598866,
      0.4762488367918339,
      0.3908118591783498,
      0.3140591333186769,
      0.35366093887386535,
      0.3296242693923577,
      0.2555858881492987,
      0.2685855722188661,
      0.3361690165137144,
      0.4590449172167376,
      0.43098449337851497,
      0.521951176936721,
      0.1741761918412755,
      0.21576118706099867,
      0.28805073786726854,
      0.27006575213068096,
      0.3632931603777337,
      0.21698298850825154,
      0.27137614122862447,
      0.5790965834328621,
      0.40733557652731694,
      0.2114023437663933,
      0.2548582155477362,
      0.47339558530535597,
      0.45869059187655487,
      0.37858097281278047,
      0.4290258188037299,
      0.33368598677685146,
      0.380360811211233,
      0.11425743331085188,
      0.2191634588325203,
      0.39007112792087345,
      0.40292754444902196,
      0.3659331507904698,
      0.47806473905856917,
      0.4166238028066829,
      0.41022636551871894,
      0.2331513700172354,
      0.37156983157645035,
      0.19576776966627396,
      0.383636370919935
    ],
    "schwartzberg": [
      2.9565333055426826,
      2.7531502040828113,
      3.02754987843753,
      1.72348391397731,
      2.185412902083071,
      2.2332599330877154,
      3.3490491520961014,
      3.8883849304328075,
      3.3274428579939226,
      1.8676392879711738,
      2.4358299724601675,
      2.6339989085456668,
      2.107833774588072,
      3.835960577901838,
      2.4558079297109767,
      2.922136135519838,
      3.2115626906109203,
      3.5659366093967253,
      2.762627962216901,
      2.769844651698224,
      2.767888625327199,
      2.9245182916463137,
      2.641180665216177,
      11.420483754252842,
      13.41912580121965,
      10.134911946281209,
      2.3187889997337106,
      1.9369439060904228,
      2.865462938471856,
      1.99575587351854,
      1.5725102341976431,
      1.89390908260184,
      2.6941541046490505,
      2.1196362365381014,
      1.8474098667081444,
      1.7673928862455903,
      2.3560858501430433,
      1.82484014383288,
      2.2417023384471038,
      1.9503005088843928,
      2.3438457980569924,
      2.6078620980646945,
      2.183087592009722,
      2.401820932633043,
      2.6765398476211213,
      1.6008339284314461,
      2.555005812129496,
      1.916999395944864,
      8.017988049521238,
      2.4328607877216015,
      2.605445043484766,
      2.2391921325515076
    ],