{
  "state": "FL",
  "state_name": "Florida",
  "algorithm": "metis",
  "districts": 28,
  "total_internal_boundary_km": 3570.8487660384244,
  "population": {
    "ideal": 769220.9642857143,
    "per_district": [
      771283,
      767680,
      772313,
      767651,
      768142,
      767705,
      766928,
      772313,
      772299,
      770343,
      766940,
      767294,
      770997,
      772335,
      767134,
      772335,
      769078,
      767509,
      770020,
      766383,
      772175,
      766126,
      771420,
      766151,
      769566,
      766174,
      767584,
      772309
    ],
    "deviations_pct": [
      0.26806805976751463,
      -0.20032791060826488,
      0.4019697665360556,
      -0.2040979586629131,
      -0.14026714504800675,
      -0.197077869181844,
      -0.2980891567150054,
      0.4019697665360556,
      0.4001497433372599,
      0.14586650213408894,
      -0.2965291368303234,
      -0.25050855023220353,
      0.23088758584925959,
      0.40482980299130594,
      -0.27130881536129725,
      0.40482980299130594,
      -0.01858559404280839,
      -0.22255819396498383,
      0.10387596690473097,
      -0.368940059810981,
      0.3840295378622122,
      -0.4023504856745878,
      0.2858782867843011,
      -0.3991004442481669,
      0.0448552146009275,
      -0.3961104061358596,
      -0.21280806968572114,
      0.4014497599078282
    ],
    "max_abs_deviation_pct": 0.40482980299130594,
    "range_pct": 0.8071802886658938
  },
  "compactness": {
    "polsby_popper": [
      0.44778319946660994,
      0.37712185736648496,
      0.42437975030961284,
      0.5286360854605086,
      0.4984360142034674,
      0.5635294688986606,
      0.5053878598645047,
      0.365469900634585,
      0.3903091995864582,
      0.34621318854418137,
      0.5363725406080346,
      0.24737261548235745,
      0.48352706355618813,
      0.43281627941796025,
      0.42644135643820363,
      0.49055194055272755,
      0.4987034961352952,
      0.40990963545895237,
      0.3454714675647267,
      0.5604116772108807,
      0.4319838974704627,
      0.3980420875243502,
      0.4283997051078061,
      0.5715007336372113,
      0.37222913720691037,
      0.34186169349494405,
      0.30188218393740024,
      0.39197772458656044
    ],
    "reock": [
      0.47335411893315654,
      0.4890481360054451,
      0.38776123416972147,
      0.5999517823983246,
      0.5121572557402772,
      0.5538402993701083,
      0.4732370995230619,
      0.4557870344996037,
      0.4433655025409963,
      0.35459320599573035,
      0.5758876221069285,
      0.3156923194124502,
      0.5362486175920905,
      0.6399584763980543,
      0.4466530430120731,
      0.730434029589917,
      0.4114846806231496,
      0.3570518331992911,
      0.6099212483337256,
      0.5702497918674787,
      0.599786048984046,
      0.5053239400874389,
      0.5473487255535726,
      0.49070793688631836,
      0.4568243336864262,
      0.46396446830171406,
      0.3570764401308069,
      0.48310806535083556
    ],
    "schwartzberg": [
      1.4943973971132078,
      1.6283927042788893,
      1.5350505215136325,
      1.3753764927131782,
      1.4164305747194974,
      1.3321148942513779,
      1.4066550099515887,
      1.654147345862988,
      1.6006471516652458,
      1.6995274994055511,
      1.3654214839780263,
      2.01059310808773,
      1.4381017225369614,
      1.5200161639627183,
      1.5313354694418149,
      1.4277675295819834,
      1.41605066921943,
      1.5619097518563916,
      1.7013509485715304,
      1.3358152955579812,
      1.5214799049951573,
      1.5850227584504542,
      1.5278313542272446,
      1.3227921345173028,
      1.6390598693197818,
      1.7103097840144679,
      1.8200413644825764,
      1.5972367946623782
    ],
    "convex_hull_ratio": [
      0.8757901917692268,
      0.7999676214030725,
      0.8552778826007675,
      0.8342362812297729,
      0.9110568283549968,
      0.9152918111494087,
      0.8988051283963658,
      0.7705310041177632,
      0.857331151402309,
      0.7615554845856987,
      0.8579142320135493,
      0.6171708390235827,
      0.8657356064858933,
      0.8755871129343612,
      0.8018314288499931,
      0.8878534235061009,
      0.8653493962907213,
      0.8295212428392742,
      0.8327985439585593,
      0.9111678170341095,
      0.8374354811919246,
      0.8719970253483174,
      0.8778551064701007,
      0.9122031440670215,
      0.7297973156922141,
      0.8227691374184849,
      0.7559358521473459,
      0.7949432280420781
    ]
  },
  "runtime_seconds": 36.55362270800106,
  "seed": 42,
  "districtmaker_version": "0.1.0",
  "generated_at": "2026-05-14T23:19:15.422322+00:00"
}