{
  "state": "WA",
  "state_name": "Washington",
  "algorithm": "metis+kl",
  "districts": 10,
  "total_internal_boundary_km": 2058.470015749714,
  "population": {
    "ideal": 770528.1,
    "per_district": [
      771397,
      767570,
      769007,
      774224,
      768330,
      771631,
      768026,
      772642,
      769779,
      772675
    ],
    "deviations_pct": [
      0.11276681538285539,
      -0.3839055318034445,
      -0.19741006200811842,
      0.4796580423218859,
      -0.28527188041551976,
      0.14313559752071642,
      -0.32472534097068967,
      0.27434431009070576,
      -0.09721903717722648,
      0.27862708705886563
    ],
    "max_abs_deviation_pct": 0.4796580423218859,
    "range_pct": 0.8635635741253305
  },
  "compactness": {
    "polsby_popper": [
      0.4016863626406587,
      0.49503828453043625,
      0.4192438933865901,
      0.45749500231964885,
      0.5322337527255419,
      0.474543287064408,
      0.4340482269655178,
      0.45561756702296874,
      0.4592636685177471,
      0.21259696682121793
    ],
    "reock": [
      0.48331138175005156,
      0.6195473783072326,
      0.4763273207733641,
      0.4185121815880049,
      0.6389554649339817,
      0.5194414464480562,
      0.40590285442069923,
      0.5453222153930275,
      0.5600375187833225,
      0.23422736948643788
    ],
    "schwartzberg": [
      1.5778163649870995,
      1.4212831473143317,
      1.5444243037458325,
      1.4784506171482477,
      1.37072013902672,
      1.4516505497215715,
      1.5178575204276683,
      1.4814935659287347,
      1.4756010470521088,
      2.168809804993478
    ],
    "convex_hull_ratio": [
      0.7610105769122095,
      0.9040917273520096,
      0.8528301618959472,
      0.8365877610595646,
      0.8992573154925928,
      0.8525071259772815,
      0.8834585595215084,
      0.905135014525176,
      0.8672054948462613,
      0.5094384477454099
    ]
  },
  "runtime_seconds": 20.744369666997954,
  "seed": 42,
  "districtmaker_version": "0.1.0",
  "generated_at": "2026-05-14T18:15:04.406922+00:00"
}