{
  "state": "NJ",
  "state_name": "New Jersey",
  "algorithm": "metis",
  "districts": 12,
  "total_internal_boundary_km": 687.0751171971801,
  "population": {
    "ideal": 774082.8333333334,
    "per_district": [
      777058,
      771398,
      777212,
      771039,
      772477,
      772407,
      776962,
      773960,
      771141,
      773182,
      775691,
      776467
    ],
    "deviations_pct": [
      0.38434732544772376,
      -0.3468405728327574,
      0.4042418371677227,
      -0.393218038465742,
      -0.20744980565172577,
      -0.21649276552445254,
      0.3719455519079842,
      -0.015868241490956562,
      -0.38004115407976863,
      -0.11637428121926296,
      0.20775123764747325,
      0.3079989070937018
    ],
    "max_abs_deviation_pct": 0.4042418371677227,
    "range_pct": 0.7974598756334648
  },
  "compactness": {
    "polsby_popper": [
      0.5809547147811716,
      0.49448701528943145,
      0.3180919992379549,
      0.4803513120401748,
      0.4523986382779619,
      0.5766716168652205,
      0.4641141705365672,
      0.6478338419964025,
      0.482851943102445,
      0.5747352145800533,
      0.5877378258907782,
      0.5220398577084071
    ],
    "reock": [
      0.5382064186025628,
      0.48278229552758817,
      0.32115781367835466,
      0.48239021940790144,
      0.4432731031938958,
      0.6584913794378878,
      0.540809944142493,
      0.6598396727697955,
      0.45713383245617545,
      0.5782405032707044,
      0.5091650439365609,
      0.5868475798232062
    ],
    "schwartzberg": [
      1.3119849696187438,
      1.4220751715830746,
      1.7730607955092785,
      1.4428477593534854,
      1.4867548211895973,
      1.3168481919132164,
      1.4678699699135729,
      1.2424192862216863,
      1.4391067436046778,
      1.3190646940241775,
      1.3043921573083936,
      1.3840384922465716
    ],
    "convex_hull_ratio": [
      0.8931496408467221,
      0.9014256203611848,
      0.7472565279032248,
      0.8348552759127723,
      0.8386630537366171,
      0.9104522189965385,
      0.8687247360957809,
      0.91971931459051,
      0.8605511816104503,
      0.9052682772203708,
      0.9037173598967436,
      0.8598365830381762
    ]
  },
  "runtime_seconds": 11.125037750000047,
  "seed": 42,
  "districtmaker_version": "0.1.0",
  "generated_at": "2026-05-14T18:38:15.582406+00:00"
}