{
  "state": "IL",
  "state_name": "Illinois",
  "algorithm": "metis+kl",
  "districts": 17,
  "total_internal_boundary_km": 2054.190140811803,
  "population": {
    "ideal": 753676.9411764706,
    "per_district": [
      752755,
      753341,
      755214,
      756942,
      753033,
      756543,
      749987,
      754877,
      754898,
      751643,
      757428,
      755916,
      751026,
      751121,
      751696,
      755180,
      750908
    ],
    "deviations_pct": [
      -0.12232577727951649,
      -0.04457363070524703,
      0.20394133607565174,
      0.43321729047895824,
      -0.08543994665213268,
      0.3802768357295837,
      -0.48959188942555376,
      0.15922721765324763,
      0.16201355737689893,
      -0.2698690997890517,
      0.49770115265488823,
      0.29708469255199504,
      -0.3517344145268064,
      -0.3391295443483839,
      -0.2628369090579318,
      0.19943011938021632,
      -0.367390990116847
    ],
    "max_abs_deviation_pct": 0.49770115265488823,
    "range_pct": 0.987293042080442
  },
  "compactness": {
    "polsby_popper": [
      0.3504357226248634,
      0.48383400255770675,
      0.4708226476419524,
      0.5353082995959404,
      0.4633642657350476,
      0.5838437393278421,
      0.46581989244270017,
      0.4733424786844437,
      0.48997565881251726,
      0.4781927171150326,
      0.500219311862456,
      0.4369151943161727,
      0.35055014475483554,
      0.4213687441347632,
      0.48106186962569225,
      0.4711490351188912,
      0.5824017691947473
    ],
    "reock": [
      0.40658205863703223,
      0.6320248438831221,
      0.5743922853619804,
      0.575082725401577,
      0.5578311911550675,
      0.5589280093098233,
      0.4505020634033173,
      0.5434260539481939,
      0.6291609945554122,
      0.4418316482621225,
      0.5276907609358691,
      0.5337284789258405,
      0.5563126061861079,
      0.5221039134862604,
      0.48411820495784946,
      0.5702462163153114,
      0.6053034760252254
    ],
    "schwartzberg": [
      1.6892573398795352,
      1.4376454921635073,
      1.4573750405283494,
      1.3667781003598207,
      1.469057283883988,
      1.308734907055873,
      1.46518000940523,
      1.4534907078359518,
      1.4286069126740495,
      1.446100649722313,
      1.413903510556155,
      1.5128693554101622,
      1.6889816244062203,
      1.5405253212080123,
      1.4417817787123464,
      1.4568701563673114,
      1.310354055629603
    ],
    "convex_hull_ratio": [
      0.7685605111564401,
      0.8826744932903565,
      0.8653687014152578,
      0.9080547829384603,
      0.8558601564608157,
      0.9315383840822882,
      0.8698621813620169,
      0.8782219158310061,
      0.8711137470499146,
      0.8894792431205663,
      0.8893901851784876,
      0.8221397912329672,
      0.807766451343814,
      0.8781352523990589,
      0.9021334583491374,
      0.8539885887954933,
      0.9130214398740483
    ]
  },
  "runtime_seconds": 33.350699834001716,
  "seed": 42,
  "districtmaker_version": "0.1.0",
  "generated_at": "2026-05-14T21:10:53.997636+00:00"
}