{
  "state": "CA",
  "state_name": "California",
  "algorithm": "metis+kl",
  "districts": 52,
  "total_internal_boundary_km": 7467.959417623575,
  "population": {
    "ideal": 760350.4423076923,
    "per_district": [
      760360,
      762636,
      757098,
      760637,
      764043,
      756658,
      756781,
      759699,
      760737,
      761120,
      760889,
      762197,
      763967,
      756585,
      764147,
      762999,
      761405,
      764078,
      763038,
      757438,
      760191,
      757353,
      764150,
      764133,
      759431,
      762597,
      757548,
      763606,
      761556,
      760660,
      760948,
      758192,
      760697,
      761592,
      756735,
      761553,
      757993,
      758496,
      756650,
      761603,
      758652,
      764133,
      756723,
      760493,
      763823,
      759495,
      756632,
      757577,
      760846,
      757705,
      759089,
      760859
    ],
    "deviations_pct": [
      0.001257011474700808,
      0.30059266952893354,
      -0.4277556935221829,
      0.03768758145757536,
      0.4856389221134263,
      -0.4856237469245829,
      -0.46944699563254827,
      -0.08567658693208648,
      0.050839411776302634,
      0.10121092189702809,
      0.07083019386076808,
      0.24285613442972084,
      0.4756435310711936,
      -0.4952245830572538,
      0.4993168256449027,
      0.3483338135859136,
      0.13869363830540082,
      0.4902420627249809,
      0.3534630274102172,
      -0.38303947043851017,
      -0.020969581763948284,
      -0.39421852620942827,
      0.4997113805544645,
      0.4974755694002808,
      -0.12092349218627556,
      0.2954634557046299,
      -0.36857245708791014,
      0.4281654236205881,
      0.15855290208667902,
      0.04071250243088263,
      0.07858977374881718,
      -0.2838746698353065,
      0.045578679648811724,
      0.16328756100142083,
      -0.4754968375791629,
      0.1581583471771172,
      -0.31004681216957375,
      -0.2438931056663756,
      -0.486675893350081,
      0.16473426233648084,
      -0.22337625036916103,
      0.4974755694002808,
      -0.4770750572174101,
      0.018748945798608082,
      0.45670489541222625,
      -0.11250632078229011,
      -0.48904322280745194,
      -0.3647584262954792,
      0.06517490682371536,
      -0.3479240834875083,
      -0.16590275187632286,
      0.06688464476514991
    ],
    "max_abs_deviation_pct": 0.4997113805544645,
    "range_pct": 0.9949359636117183
  },
  "compactness": {
    "polsby_popper": [
      0.4549738458515734,
      0.3254758724877085,
      0.3984307390204876,
      0.28221572317165416,
      0.45435564087356883,
      0.32274726985552415,
      0.37155296264904886,
      0.43367426481139354,
      0.36547955448624503,
      0.15053541520205926,
      0.46017884108873286,
      0.2616555039509841,
      0.18043323927344473,
      0.5010046676346425,
      0.13253442782208713,
      0.3350813118940462,
      0.5067544142925785,
      0.4431976057264855,
      0.4177894413749469,
      0.4571182667409267,
      0.5057671041161759,
      0.3475891832171654,
      0.4086417298636215,
      0.2052476485719297,
      0.4616180604563132,
      0.4640635939106224,
      0.27938466316454336,
      0.33427818926100494,
      0.4060631030471689,
      0.3621369985294028,
      0.4044237738524909,
      0.3665937388859475,
      0.5277286161701318,
      0.22285921306624648,
      0.3722458007776024,
      0.4396930354299867,
      0.44476464846603697,
      0.44717115173934224,
      0.23548574247422563,
      0.4389290027637149,
      0.4060049480921827,
      0.3943714864300784,
      0.43805208376131277,
      0.4893076069766487,
      0.4998625246183128,
      0.3978581317939866,
      0.4392544558191056,
      0.4060679449741154,
      0.3249963701922205,
      0.5953384549066137,
      0.3262619917402228,
      0.44126194989110556
    ],
    "reock": [
      0.47858111826453553,
      0.3695693041455282,
      0.4845350325899617,
      0.3219705365614365,
      0.38219510715559574,
      0.43131042099116945,
      0.47065080608150894,
      0.5763016181561326,
      0.5247244943483933,
      0.49532416977154786,
      0.5340917511820239,
      0.37585994109733906,
      0.2725696537635475,
      0.5355649606457037,
      0.18392975706594922,
      0.3670579784506376,
      0.604754420220976,
      0.5129443181918867,
      0.5744089635526572,
      0.7508902266705341,
      0.6082901349993123,
      0.4837363708755049,
      0.5272037620004268,
      0.39778608311298513,
      0.537701668771523,
      0.4694282154201108,
      0.11364399337809225,
      0.40304656601303457,
      0.5792735542014182,
      0.4000615897707516,
      0.5473713856375879,
      0.5000650525593845,
      0.7007029592357452,
      0.4548415135342466,
      0.38000022826036894,
      0.46986642788570093,
      0.5398509807103516,
      0.4432574286543518,
      0.27091928513347324,
      0.519468757956386,
      0.5681382735209843,
      0.4716229029218474,
      0.5575611360724245,
      0.5109259373135002,
      0.5811986525036968,
      0.421334916842023,
      0.4705288300072639,
      0.522027320502758,
      0.26466394731590265,
      0.673131869992006,
      0.4251996253766927,
      0.5354579451001029
    ],
    "schwartzberg": [
      1.4825412433891818,
      1.752833238612781,
      1.5842495101730878,
      1.8823890894914064,
      1.4835494875370485,
      1.7602271340291373,
      1.6405506215389034,
      1.5185118121394823,
      1.6541254992256627,
      2.577393076822151,
      1.4741330290093633,
      1.9549473368832337,
      2.3541911731260035,
      1.4127948853691823,
      2.746854440959389,
      1.7275272093914602,
      1.4047570804360154,
      1.5021084776972702,
      1.5471102732837294,
      1.479059726733649,
      1.406127528168728,
      1.6961602200491683,
      1.5643309685614475,
      2.207297669969573,
      1.471833230499662,
      1.4679499566747656,
      1.8919023606041527,
      1.729601206302277,
      1.5692901017563485,
      1.6617418257844119,
      1.5724674389060864,
      1.6516099034639626,
      1.3765585167656145,
      2.1182865255584185,
      1.6390231826793784,
      1.5080828692271457,
      1.4994599475103263,
      1.4954197459060978,
      2.06071385522225,
      1.5093948394912746,
      1.5694024879820168,
      1.592381950764925,
      1.5109048828218479,
      1.4295818187702496,
      1.41440802202341,
      1.585389145738095,
      1.5088355643586506,
      1.5692807456734872,
      1.7541258342407933,
      1.2960388854588967,
      1.7507202634327939,
      1.5053994745843011
    ],