{
  "state": "PA",
  "state_name": "Pennsylvania",
  "algorithm": "metis+kl",
  "districts": 17,
  "total_internal_boundary_km": 2290.420226408025,
  "population": {
    "ideal": 764864.7058823529,
    "per_district": [
      762521,
      761255,
      761681,
      764090,
      763996,
      768616,
      767870,
      765635,
      762072,
      764588,
      763469,
      764603,
      768023,
      768134,
      764434,
      763359,
      768354
    ],
    "deviations_pct": [
      -0.3064209741053719,
      -0.4719404431387265,
      -0.41624431848769244,
      -0.10128665584839446,
      -0.11357641105308272,
      0.49045198304968063,
      0.39291839387204824,
      0.10070985256908807,
      -0.36512416651925517,
      -0.03617710167887581,
      -0.18247748544532433,
      -0.034215970529191515,
      0.41292193159882806,
      0.42743430210649186,
      -0.05631138148230125,
      -0.19685911387634253,
      0.45619755896852826
    ],
    "max_abs_deviation_pct": 0.49045198304968063,
    "range_pct": 0.9623924261884071
  },
  "compactness": {
    "polsby_popper": [
      0.49850517695090485,
      0.5162352963949949,
      0.3887723519503381,
      0.45708791753328465,
      0.5374116781019543,
      0.40367179143429927,
      0.44601091010146127,
      0.4969218888092053,
      0.5188633442387272,
      0.45168218160155277,
      0.3731137767574432,
      0.45555009468990953,
      0.5053764903570891,
      0.5785331597658684,
      0.44143183673351405,
      0.4533224264993917,
      0.44775468777237737
    ],
    "reock": [
      0.5181702352379507,
      0.5372581433615227,
      0.3854051087897649,
      0.4667994895207871,
      0.5198531655755275,
      0.4571863796374801,
      0.4509290049618937,
      0.5773634129292261,
      0.49610761073444276,
      0.44557837487881374,
      0.434811277741266,
      0.49368590312389427,
      0.6868784075202765,
      0.5828834411843635,
      0.5313317120931433,
      0.5187910678098293,
      0.47752867157450624
    ],
    "schwartzberg": [
      1.4163323133244672,
      1.3917978217056908,
      1.6038077731415714,
      1.479108828387788,
      1.3641007579342348,
      1.5739313976379192,
      1.4973635563640135,
      1.4185868716550043,
      1.3882686124664987,
      1.4879334965874453,
      1.637115639760333,
      1.4816032751873187,
      1.4066708326945576,
      1.31472787739035,
      1.5051097671446398,
      1.4852391814001784,
      1.4944449757590028
    ],
    "convex_hull_ratio": [
      0.8458821873234552,
      0.8572095942132766,
      0.8471718936655541,
      0.8546758859176846,
      0.9243066632495083,
      0.7890679123854625,
      0.8729918009792047,
      0.8890817995927761,
      0.9053721979608753,
      0.8939405579914964,
      0.8138740780655499,
      0.7901671506957945,
      0.8886046389536222,
      0.9360280947190665,
      0.8742761363318619,
      0.8745059467005322,
      0.8947305327085426
    ]
  },
  "runtime_seconds": 55.80818854199606,
  "seed": 42,
  "districtmaker_version": "0.1.0",
  "generated_at": "2026-05-14T21:48:17.221632+00:00"
}