{
  "state": "WI",
  "state_name": "Wisconsin",
  "algorithm": "annealing-from-kl",
  "districts": 8,
  "total_internal_boundary_km": 1629.0134847308511,
  "population": {
    "ideal": 736714.75,
    "per_district": [
      737693,
      736670,
      736019,
      736389,
      737698,
      735896,
      736974,
      736379
    ],
    "deviations_pct": [
      0.132785450542425,
      -0.006074264157192455,
      -0.0944395371478581,
      -0.04421657093196518,
      0.1334641392750722,
      -0.11113527997097927,
      0.0351900107877574,
      -0.04557394839725959
    ],
    "max_abs_deviation_pct": 0.1334641392750722,
    "range_pct": 0.24459941924605147
  },
  "compactness": {
    "polsby_popper": [
      0.6415596199890337,
      0.586129908264439,
      0.5532814864833971,
      0.562910220760424,
      0.5450538542820245,
      0.38081930616593673,
      0.4668095101945181,
      0.4719565684081152
    ],
    "reock": [
      0.5772148167323192,
      0.5167619369446478,
      0.5679354087841663,
      0.5154293379131963,
      0.44917691740671095,
      0.5217505492679826,
      0.5136839557568806,
      0.563947657113131
    ],
    "schwartzberg": [
      1.2484797116410133,
      1.3061800874874205,
      1.3443951306447581,
      1.3328474115295592,
      1.3545040018208927,
      1.6204682313698406,
      1.4636261235056303,
      1.4556232462654293
    ],
    "convex_hull_ratio": [
      0.9770776362143889,
      0.9035715353034306,
      0.9681466699108717,
      0.9623179149207859,
      0.9475066940244834,
      0.8646680357869981,
      0.9097887784368239,
      0.8629359862545125
    ]
  },
  "runtime_seconds": 302.6331094590023,
  "seed": 42,
  "districtmaker_version": "0.1.0",
  "generated_at": "2026-05-14T17:30:20.392044+00:00"
}