{
  "state": "CA",
  "state_name": "California",
  "algorithm": "metis+kl",
  "districts": 52,
  "total_internal_boundary_km": 7284.900654147867,
  "population": {
    "ideal": 760350.4423076923,
    "per_district": [
      757421,
      756587,
      757909,
      758173,
      757410,
      757574,
      757425,
      757045,
      758381,
      763383,
      764136,
      764130,
      758987,
      756976,
      756551,
      764119,
      757710,
      756747,
      762701,
      762481,
      762542,
      763563,
      761048,
      758490,
      764060,
      756629,
      757844,
      763693,
      763949,
      760850,
      759616,
      756586,
      761340,
      764151,
      758031,
      759022,
      761052,
      757110,
      756549,
      763883,
      763474,
      763739,
      764019,
      760919,
      757329,
      763667,
      762010,
      760327,
      760572,
      759930,
      763033,
      763350
    ],
    "deviations_pct": [
      -0.38527528159269375,
      -0.49496154645087925,
      -0.32109434963730465,
      -0.28637351759586466,
      -0.3867219829277538,
      -0.3651529812050411,
      -0.38474920837994464,
      -0.4347261635911083,
      -0.25901771053291195,
      0.39883684200982633,
      0.49787012430984273,
      0.49708101449071906,
      -0.17931761880142466,
      -0.44380092651103015,
      -0.49969620536562104,
      0.49563431315565903,
      -0.34726649197157194,
      -0.4739186179409156,
      0.3091413592361063,
      0.28020733253490626,
      0.2882299490293299,
      0.42251013658353537,
      0.09174160406754446,
      -0.2446822154854992,
      0.48787473326760994,
      -0.4894377777170138,
      -0.3296430393444774,
      0.43960751599788084,
      0.47327620161382267,
      0.06570098003646445,
      -0.0965926060966301,
      -0.4950930647540665,
      0.1301449485982281,
      0.49984289885765176,
      -0.3050491166484574,
      -0.17471447818987013,
      0.09226767728029354,
      -0.4261774738839356,
      -0.49995924197199565,
      0.46459599360346265,
      0.41080500759986815,
      0.4456573579444954,
      0.4824824828369318,
      0.07477574295638627,
      -0.3973749654859229,
      0.4361880401150118,
      0.2182622117337008,
      -0.003083092530479192,
      0.029138891750402626,
      -0.05529585889582647,
      0.3528054358942808,
      0.3944967380046463
    ],
    "max_abs_deviation_pct": 0.49995924197199565,
    "range_pct": 0.9998021408296474
  },
  "compactness": {
    "polsby_popper": [
      0.30384140983705843,
      0.14572632138155772,
      0.07208661846759042,
      0.46628702550987916,
      0.3956590902807668,
      0.25138974971131384,
      0.3974825936890049,
      0.3414969903913738,
      0.36118260490708676,
      0.4377102152334375,
      0.4261356980101012,
      0.40348494400467777,
      0.3119155122421534,
      0.19144224092045992,
      0.15182320149925815,
      0.48577124329265775,
      0.46587493816770803,
      0.4180397882724396,
      0.4049497070810202,
      0.4183130991057021,
      0.41573294250753295,
      0.3848349857105884,
      0.4805304109800923,
      0.4899555667670709,
      0.3740169268948306,
      0.3564218195113597,
      0.3880667208573906,
      0.35827978704426805,
      0.3867822999824612,
      0.5116565694838201,
      0.2522466713476678,
      0.3736099293671581,
      0.22305193160732284,
      0.3236155055205571,
      0.41908156258415863,
      0.4080762009193292,
      0.3044435013042894,
      0.25044395721415563,
      0.2952955719591977,
      0.38421535342977925,
      0.3785232454720864,
      0.24249976617464875,
      0.3646926571601075,
      0.4684232107372629,
      0.41390554375355876,
      0.4781641703853728,
      0.29971715177860964,
      0.41055579192980174,
      0.28760760204790325,
      0.36144633256878494,
      0.5378709813914058,
      0.47965850371648694
    ],
    "reock": [
      0.46067797537931876,
      0.4893461053067518,
      0.19122221890460425,
      0.5455940675865839,
      0.3110472328945479,
      0.37141959353940796,
      0.5259198925275037,
      0.5559037724706181,
      0.3787351711251703,
      0.4874718367228601,
      0.41214343489126776,
      0.5166734960889334,
      0.45889012678072344,
      0.5425982289649904,
      0.4644092926827686,
      0.5985833909344442,
      0.5652107978929604,
      0.604644564240928,
      0.5769156245297485,
      0.5127419545633987,
      0.471536909317865,
      0.5204543466539088,
      0.5989946897906934,
      0.6494117523203795,
      0.49912939216746177,
      0.470355376782899,
      0.51262129348998,
      0.48547410996546586,
      0.46582823968024667,
      0.6340135791196124,
      0.4041519715193657,
      0.5693837303731637,
      0.43328872352659625,
      0.4193021702040613,
      0.5887199301458923,
      0.54780044127631,
      0.4651227181415949,
      0.38548987000685764,
      0.511808181266225,
      0.4595138310966509,
      0.47514474808663526,
      0.15796699978546289,
      0.5033870284946829,
      0.42482064067201275,
      0.39249396755483545,
      0.4745451508849461,
      0.4457410966396242,
      0.4429591292909935,
      0.488583546392465,
      0.4688575649562234,
      0.6110733632432989,
      0.6084901908029552
    ],
    "schwartzberg": [
      1.8141638918536793,
      2.619575976714763,
      3.7245402611156098,
      1.464445906267893,
      1.5897887739181036,
      1.994464071158771,
      1.5861378998788247,
      1.7112228064673864,
      1.6639358814688392,
      1.5114948050944264,
      1.5318845688147256,
      1.574295786696023,
      1.7905296339396113,
      2.28549941979063,
      2.5664388886569247,
      1.4347759854897568,
      1.465093447248967,
      1.5466469534372802,
      1.5714459767835771,
      1.5461416089502729,
      1.5509320844424754,
      1.6119914217231566,
      1.442578851724502,
      1.4286362044534457,
      1.6351378484230208,
      1.6750117524541959,
      1.605265232117563,
      1.6706629686730035,
      1.6079283933863187,
      1.3980114315684202,
      1.9910734349274766,
      1.6360282368546306,
      2.11737122008881,
      1.7578642706924326,
      1.5447233903506477,
      1.565414550680103,
      1.8123690872668945,
      1.9982265328247806,
      1.8402275688601248,
      1.613290744516183,
      1.6253755497752636,
      2.0306933092934045,
      1.65590909087918,
      1.461102879725188,
      1.5543520072502155,
      1.446143815679479,
      1.8266031471623696,
      1.5606801558733112,
      1.8646607077138417,
      1.6633287290983017,
      1.3635182113772624,
      1.4438893923423182
    ],