{
  "state": "TX",
  "state_name": "Texas",
  "algorithm": "metis+kl",
  "districts": 38,
  "total_internal_boundary_km": 7882.246944237723,
  "population": {
    "ideal": 766986.9736842106,
    "per_district": [
      770479,
      769095,
      766292,
      769640,
      764106,
      763521,
      768512,
      765254,
      770106,
      763162,
      763938,
      763196,
      763997,
      765819,
      768755,
      770094,
      769738,
      765987,
      763819,
      763866,
      763176,
      764916,
      769430,
      764337,
      764899,
      767950,
      770403,
      764177,
      770590,
      770810,
      770087,
      770820,
      766410,
      769437,
      767878,
      765032,
      768606,
      767171
    ],
    "deviations_pct": [
      0.45529147633571143,
      0.2748451262038472,
      -0.09061088493749343,
      0.3459023955838082,
      -0.37562224432207086,
      -0.45189472613358866,
      0.1988334050139073,
      -0.22594564753639163,
      0.40665962041144454,
      -0.4987012577068107,
      -0.39752613653460933,
      -0.4942683271399875,
      -0.3898336981980631,
      -0.15228077194065223,
      0.2305158205356147,
      0.40509505668197754,
      0.3586796660411223,
      -0.13037687972811382,
      -0.41304139351849073,
      -0.4069135189114116,
      -0.4968759333557658,
      -0.2700141925830463,
      0.31852253031813516,
      -0.34550439252983056,
      -0.27223065786645795,
      0.12555967035053467,
      0.4453825727157536,
      -0.3663652422560576,
      0.4697636908332815,
      0.49844735920684374,
      0.4041823945064551,
      0.49975116231473293,
      -0.07522600826440096,
      0.3194351924936576,
      0.11617228797373248,
      -0.2548900765315317,
      0.2110891542280657,
      0.02399340824596658
    ],
    "max_abs_deviation_pct": 0.49975116231473293,
    "range_pct": 0.9984524200215437
  },
  "compactness": {
    "polsby_popper": [
      0.3805321344462922,
      0.5084182139566833,
      0.41494919386258,
      0.45031245565139744,
      0.31543051418860923,
      0.2960288704967818,
      0.38961059323906005,
      0.35658730983309894,
      0.2679338710039979,
      0.4314205040968058,
      0.3948698116027055,
      0.31782076459463016,
      0.4280536301860587,
      0.4752925909778314,
      0.37216686359352996,
      0.4017900351197119,
      0.5081587532396483,
      0.343089390750162,
      0.2950437800964054,
      0.3595079490283048,
      0.41440733142609754,
      0.3659973868079945,
      0.5036703999144997,
      0.40833036100511266,
      0.3878708040900005,
      0.6462854785337147,
      0.3121553526410073,
      0.3093829104438199,
      0.3022565935139897,
      0.4374180437005488,
      0.48909928204980857,
      0.4290995681452577,
      0.3192194737488446,
      0.580063329400813,
      0.36353944225726864,
      0.2990089670445365,
      0.2997858267876624,
      0.36983216955380377
    ],
    "reock": [
      0.4665107739364116,
      0.5038019840987085,
      0.6025749228546255,
      0.5787393622892322,
      0.594298739914982,
      0.5405802313443197,
      0.6688045804756513,
      0.4108263742676469,
      0.44038215409834547,
      0.5431191466005337,
      0.49212338067569816,
      0.4076681726709563,
      0.5562830580863413,
      0.627348103364065,
      0.6424207985802859,
      0.47676856505477816,
      0.5027787561500106,
      0.5231601474170023,
      0.43612554274127946,
      0.5551218516728958,
      0.5687122275877983,
      0.48296154446675743,
      0.5341055565163381,
      0.5362343184912429,
      0.5501864828666302,
      0.6418728150876714,
      0.35025888929333454,
      0.39982969850292416,
      0.261572734339267,
      0.495599531518091,
      0.6414136133373127,
      0.4782624237014452,
      0.36263298482156336,
      0.644539953161854,
      0.535933573103572,
      0.4576330936093595,
      0.4845414298950517,
      0.45526275938604055
    ],
    "schwartzberg": [
      1.6210795659248913,
      1.4024566616266418,
      1.55239607992189,
      1.4901947194837029,
      1.7805252958104936,
      1.8379469249186804,
      1.6020815600982798,
      1.6746230252123437,
      1.9319068869183704,
      1.5224730335307122,
      1.591376841610163,
      1.7738172170588415,
      1.52844884377977,
      1.4505058269757662,
      1.6391969931762738,
      1.5776127926323171,
      1.4028146560249493,
      1.7072469897966602,
      1.8410126311859583,
      1.667806842480094,
      1.5534106738529234,
      1.6529549132194108,
      1.4090512374073716,
      1.5649272885690557,
      1.6056705973420853,
      1.243906682941469,
      1.7898416369879089,
      1.797843315420952,
      1.8189137595109395,
      1.5119995191103324,
      1.4298862414434128,
      1.5265848963832187,
      1.7699268245007287,
      1.3129926486247718,
      1.6585334375110476,
      1.8287649676679278,
      1.826393915835618,
      1.6443628533963737
    ],
    "convex_hull_ratio": [
      0.8657946942431978,
      0.830719725573863,
      0.8348948634867237,
      0.8772559565130755,
      0.81350271944708,
      0.8729868393176613,
      0.8885020554246905,
      0.7761863322840635,
      0.6922121880172389,
      0.8687605966299463,
      0.8509337830325687,
      0.824708869655036,
      0.8806121181986138,
      0.8762144214851033,
      0.872283664905584,
      0.8420323038481978,
      0.8962109648056124,
      0.8175738020145581,
      0.7456733706462207,
      0.8336161406200174,
      0.8595781779582726,
      0.8422690031337015,
      0.8804418153185337,
      0.8504461136725473,
      0.8749321604383125,
      0.943790173935212,
      0.8404353963709078,
      0.736777158298914,
      0.725126608207449,
      0.8641605792069031,
      0.8488266748637622,
      0.8407345009557791,
      0.743511109219125,
      0.9022113837069532,
      0.7508843817911828,
      0.8876667769561046,
      0.7891042670305055,
      0.8617391900470371
    ]
  },
  "runtime_seconds": 199.58253195800353,
  "seed": 46,
  "districtmaker_version": "0.1.0",
  "generated_at": "2026-05-15T19:21:04.292557+00:00"
}