{
  "state": "LA",
  "state_name": "Louisiana",
  "algorithm": "splitline-realized",
  "districts": 6,
  "total_internal_boundary_km": 1621.7112905139845,
  "population": {
    "ideal": 776292.8333333334,
    "per_district": [
      776406,
      776617,
      775980,
      776323,
      776326,
      776105
    ],
    "deviations_pct": [
      0.014577832205496489,
      0.04175829696568041,
      -0.04029836678899806,
      0.003885990617367268,
      0.004272442722962301,
      -0.024196195722538397
    ],
    "max_abs_deviation_pct": 0.04175829696568041,
    "range_pct": 0.08205666375467847
  },
  "compactness": {
    "polsby_popper": [
      0.3353841948614925,
      0.38454853948010703,
      0.2541439636786475,
      0.17079019202814186,
      0.35847618030877926,
      0.30001625337285376
    ],
    "reock": [
      0.4780515550589439,
      0.6851255603816271,
      0.4116087741275622,
      0.3823025927428755,
      0.4989584848573822,
      0.4538190458658069
    ],
    "schwartzberg": [
      1.7267469747201056,
      1.6125916878312623,
      1.9836274087054473,
      2.419739068689338,
      1.6702052647536327,
      1.8256924029214912
    ],
    "convex_hull_ratio": [
      0.8057527645376227,
      0.9222547547937474,
      0.8922550139259025,
      0.8025119873477792,
      0.9471371559595053,
      0.8548590672333093
    ]
  },
  "runtime_seconds": 92.86772375000146,
  "seed": 42,
  "districtmaker_version": "0.1.0",
  "generated_at": "2026-05-14T18:56:36.292665+00:00"
}