{
  "state": "SC",
  "state_name": "South Carolina",
  "algorithm": "metis",
  "districts": 7,
  "total_internal_boundary_km": 1202.0173403966849,
  "population": {
    "ideal": 731203.5714285715,
    "per_district": [
      729309,
      728347,
      730157,
      730886,
      734164,
      731405,
      734157
    ],
    "deviations_pct": [
      -0.2591031420798458,
      -0.3906670508994534,
      -0.14312996673782166,
      -0.043431328973274966,
      0.4048706389172382,
      0.027547536595723305,
      0.40391331317738655
    ],
    "max_abs_deviation_pct": 0.4048706389172382,
    "range_pct": 0.7955376898166916
  },
  "compactness": {
    "polsby_popper": [
      0.37711592830013113,
      0.4330086644889552,
      0.5385957475055885,
      0.36507167689020065,
      0.4044050840873923,
      0.4697714379255816,
      0.5475842218053076
    ],
    "reock": [
      0.4749613706170365,
      0.466784271332925,
      0.6582630765356681,
      0.5222472931099912,
      0.6447948038268821,
      0.3787249038645156,
      0.6321893924396416
    ],
    "schwartzberg": [
      1.6284055051309894,
      1.5196784560480827,
      1.36260048738869,
      1.655049279996301,
      1.5725037746356134,
      1.459004716783949,
      1.3513708202570278
    ],
    "convex_hull_ratio": [
      0.8936480281928466,
      0.8421551077229975,
      0.9123392056819416,
      0.8200151698188729,
      0.8953570449654781,
      0.8613570952359699,
      0.8750268531186842
    ]
  },
  "runtime_seconds": 17.240948624999874,
  "seed": 42,
  "districtmaker_version": "0.1.0",
  "generated_at": "2026-05-14T18:46:49.605670+00:00"
}