{
  "state": "CA",
  "state_name": "California",
  "algorithm": "metis",
  "districts": 52,
  "total_internal_boundary_km": 7472.84600058597,
  "population": {
    "ideal": 760350.4423076923,
    "per_district": [
      760360,
      762496,
      757320,
      761326,
      763354,
      757304,
      757826,
      759873,
      759754,
      761536,
      760900,
      762197,
      763428,
      757894,
      763421,
      763391,
      761405,
      763427,
      763422,
      757466,
      759813,
      757366,
      763427,
      763426,
      759726,
      763217,
      757548,
      762870,
      761556,
      760676,
      760948,
      758192,
      760117,
      761592,
      757315,
      761553,
      757993,
      758496,
      757386,
      761436,
      759152,
      763425,
      757289,
      759927,
      763115,
      759495,
      757331,
      757475,
      760846,
      757705,
      758851,
      760859
    ],
    "deviations_pct": [
      0.001257011474700808,
      0.28218010708271535,
      -0.39855863021460836,
      0.12830369235360628,
      0.3950228112173954,
      -0.40066292306560464,
      -0.3320103688018483,
      -0.06279240217750101,
      -0.07844308025678648,
      0.15592253602293354,
      0.0722768951958281,
      0.24285613442972084,
      0.4047551656532536,
      -0.3230671241851138,
      0.4038345375309426,
      0.39988898843532444,
      0.13869363830540082,
      0.4046236473500663,
      0.4039660558341299,
      -0.3793569579492665,
      -0.07068350036873738,
      -0.3925087882679938,
      0.4046236473500663,
      0.40449212904687903,
      -0.08212559274603011,
      0.377004803680739,
      -0.36857245708791014,
      0.33136795247475537,
      0.15855290208667902,
      0.04281679528187899,
      0.07858977374881718,
      -0.2838746698353065,
      -0.030701936199806466,
      0.16328756100142083,
      -0.39921622173054466,
      0.1581583471771172,
      -0.31004681216957375,
      -0.2438931056663756,
      -0.3898784222042483,
      0.14277070570420627,
      -0.15761709877552466,
      0.4043606107436918,
      -0.4026356976134138,
      -0.055690413805388285,
      0.3635899367556372,
      -0.11250632078229011,
      -0.3971119288795484,
      -0.378173293220581,
      0.06517490682371536,
      -0.3479240834875083,
      -0.19720410803489374,
      0.06688464476514991
    ],
    "max_abs_deviation_pct": 0.4047551656532536,
    "range_pct": 0.8073908632666673
  },
  "compactness": {
    "polsby_popper": [
      0.4549738458515734,
      0.32507434825491843,
      0.398068250841654,
      0.28224888518977115,
      0.45434415483261814,
      0.3224671092549815,
      0.36964890042005444,
      0.43352979774322925,
      0.3635689145515677,
      0.1505450562762798,
      0.46017057041767884,
      0.2616555039509841,
      0.18036454612852462,
      0.49740637814450545,
      0.13205801744371773,
      0.3337770297567716,
      0.5067544142925785,
      0.44217679297889045,
      0.4176635248470775,
      0.4555579525278441,
      0.505233486268679,
      0.3471540598485372,
      0.40723735682497025,
      0.20496962612079925,
      0.4608880659917099,
      0.46261896488649223,
      0.27938466316454336,
      0.3339656519981292,
      0.4060631030471689,
      0.3621541802474287,
      0.4044237738524909,
      0.3665937388859475,
      0.5276836113698308,
      0.22285921306624648,
      0.37229243179516786,
      0.4396930354299867,
      0.44476464846603697,
      0.44717115173934224,
      0.2355277588035683,
      0.4362305336419242,
      0.40599771058550377,
      0.39386076268731607,
      0.43816120929005004,
      0.4891725094982725,
      0.4970175410409147,
      0.3978581317939866,
      0.4348433433782016,
      0.4059000431375291,
      0.3249963701922205,
      0.5953384549066137,
      0.32399930611658606,
      0.44126194989110556
    ],
    "reock": [
      0.47858111826453553,
      0.36954821071326477,
      0.484556157999889,
      0.32201032355849524,
      0.38218668749321183,
      0.4313888845648944,
      0.4709041500627215,
      0.5763150103174012,
      0.5246072345139323,
      0.49540742116954684,
      0.5340919504404248,
      0.37585994109733906,
      0.27251436423420766,
      0.5358276056728547,
      0.1839275950519221,
      0.3670871443130883,
      0.604754420220976,
      0.5128499252390193,
      0.5745430794381936,
      0.753361490249035,
      0.6083902674132038,
      0.4837126403978398,
      0.5271592050015963,
      0.39778420719412266,
      0.537704507012206,
      0.4698805338056442,
      0.11364399337809225,
      0.40282730966779445,
      0.5792735542014182,
      0.40008267919632506,
      0.5473713856375879,
      0.5000650525593845,
      0.7006444481508771,
      0.4548415135342466,
      0.3800485304484262,
      0.46986642788570093,
      0.5398509807103516,
      0.4432574286543518,
      0.27105211423952946,
      0.519368263705833,
      0.5681938736972549,
      0.47125400886546026,
      0.5577920628318009,
      0.5108412314605707,
      0.5808456102529966,
      0.421334916842023,
      0.4710683947408401,
      0.5219949664947682,
      0.26466394731590265,
      0.673131869992006,
      0.4248131204105705,
      0.5354579451001029
    ],
    "schwartzberg": [
      1.4825412433891818,
      1.7539154338526723,
      1.5849706692236694,
      1.882278503306573,
      1.4835682398444026,
      1.7609916138962167,
      1.6447704342271359,
      1.518764801297132,
      1.6584662125995175,
      2.577310545929363,
      1.4741462762869761,
      1.9549473368832337,
      2.35463943583637,
      1.4178958293978026,
      2.7518047342656455,
      1.7308991999880097,
      1.4047570804360154,
      1.503841367729504,
      1.5473434658681433,
      1.4815904971767941,
      1.4068698945672022,
      1.6972228719292426,
      1.5670259736137389,
      2.208794160843989,
      1.4729983778348223,
      1.4702401677458137,
      1.8919023606041527,
      1.7304103290559398,
      1.5692901017563485,
      1.661702406222673,
      1.5724674389060864,
      1.6516099034639626,
      1.3766172171108066,
      2.1182865255584185,
      1.6389205325773235,
      1.5080828692271457,
      1.4994599475103263,
      1.4954197459060978,
      2.0605300393224413,
      1.5140561087099655,
      1.5694164763741576,
      1.5934140462087754,
      1.510716723124154,
      1.4297792129024776,
      1.4184503598439653,
      1.585389145738095,
      1.5164691748939307,
      1.5696052810874925,
      1.7541258342407933,
      1.2960388854588967,
      1.756822803536225,
      1.5053994745843011
    ],