{
  "state": "SC",
  "state_name": "South Carolina",
  "algorithm": "metis+kl",
  "districts": 7,
  "total_internal_boundary_km": 1199.631499279511,
  "population": {
    "ideal": 731203.5714285715,
    "per_district": [
      729309,
      728347,
      729611,
      730840,
      734855,
      731315,
      734148
    ],
    "deviations_pct": [
      -0.2591031420798458,
      -0.3906670508994534,
      -0.2178013744462476,
      -0.049722326692299854,
      0.4993723655225904,
      0.015239062797631122,
      0.4026824657975774
    ],
    "max_abs_deviation_pct": 0.4993723655225904,
    "range_pct": 0.8900394164220438
  },
  "compactness": {
    "polsby_popper": [
      0.37711592830013113,
      0.4330086644889552,
      0.5401689061581714,
      0.36572257148452536,
      0.4067697498077497,
      0.47017406173850096,
      0.5494127437092746
    ],
    "reock": [
      0.4749613706170365,
      0.466784271332925,
      0.6582218074769662,
      0.5222369281844406,
      0.6448449568688066,
      0.3787214082237088,
      0.6321840804554324
    ],
    "schwartzberg": [
      1.6284055051309894,
      1.5196784560480827,
      1.3606148587125633,
      1.6535758374811866,
      1.5679264116092886,
      1.4583798887657617,
      1.3491201712058372
    ],
    "convex_hull_ratio": [
      0.8936480281928466,
      0.8421551077229975,
      0.9122820076078321,
      0.8199988951606838,
      0.8954266870890608,
      0.8613491448873642,
      0.8750195006877799
    ]
  },
  "runtime_seconds": 22.04889358299988,
  "seed": 42,
  "districtmaker_version": "0.1.0",
  "generated_at": "2026-05-14T18:46:49.723930+00:00"
}