{
  "state": "AL",
  "state_name": "Alabama",
  "algorithm": "splitline-realized+kl",
  "districts": 7,
  "total_internal_boundary_km": 1680.9392333745595,
  "population": {
    "ideal": 717754.1428571428,
    "per_district": [
      718290,
      715686,
      718110,
      718251,
      716648,
      717596,
      719698
    ],
    "deviations_pct": [
      0.07465747821727488,
      -0.28814084568153725,
      0.04957925306297912,
      0.06922386276717747,
      -0.1541116645791343,
      -0.022033012099843256,
      0.27082492831309957
    ],
    "max_abs_deviation_pct": 0.28814084568153725,
    "range_pct": 0.5589657739946368
  },
  "compactness": {
    "polsby_popper": [
      0.45446487577781775,
      0.45748849428679755,
      0.4344819408299791,
      0.2884180194377274,
      0.43188655335589793,
      0.5341491234086051,
      0.4887178126365212
    ],
    "reock": [
      0.5077406699535507,
      0.47649334339999777,
      0.5243730443964052,
      0.3526300306507143,
      0.5437874128030379,
      0.578653742505448,
      0.5577374590020854
    ],
    "schwartzberg": [
      1.4833711842908444,
      1.4784611330093973,
      1.5170997441439191,
      1.8620391369514837,
      1.5216513606336817,
      1.3682603437380094,
      1.4304441825021634
    ],
    "convex_hull_ratio": [
      0.8979702021434643,
      0.9333829833658155,
      0.9608208817263867,
      0.7306671737962335,
      0.9452266378640481,
      0.9675996764359904,
      0.9387350842066546
    ]
  },
  "runtime_seconds": 260.7051650409994,
  "seed": 42,
  "districtmaker_version": "0.1.0",
  "generated_at": "2026-05-14T15:54:20.234553+00:00"
}