{
  "state": "CA",
  "state_name": "California",
  "algorithm": "metis+kl",
  "districts": 52,
  "total_internal_boundary_km": 8366.943747483492,
  "population": {
    "ideal": 760350.4423076923,
    "per_district": [
      762106,
      764077,
      758963,
      762032,
      764018,
      764082,
      762639,
      756645,
      761316,
      764069,
      763444,
      757469,
      757416,
      758467,
      760680,
      764140,
      760215,
      756623,
      756932,
      764126,
      756552,
      760429,
      758911,
      758833,
      764139,
      760429,
      762698,
      762607,
      759940,
      757027,
      763126,
      757869,
      762758,
      759942,
      764059,
      756551,
      758533,
      757551,
      756724,
      757282,
      764137,
      758314,
      760392,
      761460,
      758907,
      756935,
      762795,
      758656,
      756895,
      757211,
      763127,
      763975
    ],
    "deviations_pct": [
      0.23088796883967902,
      0.4901105444217936,
      -0.18247405807791922,
      0.22115561440382084,
      0.4823509645337445,
      0.49076813593772994,
      0.3009872244384954,
      -0.4873334848660174,
      0.12698850932173356,
      0.4890583979962954,
      0.40685945850425,
      -0.3789624030397047,
      -0.3859328731086301,
      -0.2477071364588065,
      0.04334286849462809,
      0.4983961975225918,
      -0.01781314248745374,
      -0.4902268875361374,
      -0.4495877318512701,
      0.49655494127797,
      -0.4995646870624338,
      0.010331774394622626,
      -0.1893130098436574,
      -0.19957143749226466,
      0.4982646792194045,
      0.010331774394622626,
      0.3087468043265445,
      0.2967786387365026,
      -0.05398067586395375,
      -0.4370934930484792,
      0.3650366380906972,
      -0.3263550817647956,
      0.31663790251778084,
      -0.0537176392575792,
      0.4877432149644227,
      -0.49969620536562104,
      -0.2390269284484465,
      -0.3681779021783483,
      -0.47694353891422286,
      -0.40355632573572464,
      0.49800164261303,
      -0.2678294368464592,
      0.005465597176693536,
      0.14592714498070083,
      -0.18983908305640648,
      -0.44919317694170835,
      0.32150407973570994,
      -0.22285017715641195,
      -0.45445390906919925,
      -0.41289412526202107,
      0.3651681563938845,
      0.4766956774966918
    ],
    "max_abs_deviation_pct": 0.49969620536562104,
    "range_pct": 0.9980924028882128
  },
  "compactness": {
    "polsby_popper": [
      0.36062622394555466,
      0.4890887119668937,
      0.4840812518675663,
      0.3446588862091442,
      0.4446796917482233,
      0.322506939386482,
      0.4185294101501417,
      0.5525253052540908,
      0.3226859839008465,
      0.40938480341291067,
      0.2494605977486611,
      0.29538269201321604,
      0.45300032509343235,
      0.48724039683345843,
      0.4945697012821526,
      0.392108945477562,
      0.24271262469248586,
      0.28219551451694463,
      0.24993573830118507,
      0.17564697063720858,
      0.23536403216523583,
      0.1952596604755178,
      0.31138112171850124,
      0.2038297737307793,
      0.1791299556740637,
      0.36253139929765654,
      0.3821540208703266,
      0.31328437925091895,
      0.18025487458143213,
      0.36033324205889944,
      0.29875515395696267,
      0.3005166167403986,
      0.21496907006506036,
      0.22723307878262444,
      0.3114249837640599,
      0.13101982292310427,
      0.24503728533318808,
      0.3539416403573309,
      0.20564705618439283,
      0.22404063878347674,
      0.26297567984164266,
      0.33510765995517955,
      0.23340648827560248,
      0.25658493944656335,
      0.5339242230889166,
      0.4243961653909406,
      0.40190644826486743,
      0.31922283534734097,
      0.33817784749614704,
      0.4487284886925374,
      0.3517521503669934,
      0.5434762609112518
    ],
    "reock": [
      0.439304147328275,
      0.5075107816614828,
      0.5849991927449616,
      0.4258889820717055,
      0.49063434176758886,
      0.33255493684465304,
      0.5528153851005174,
      0.668578887094429,
      0.5490521504533582,
      0.5769095443722513,
      0.31314044175920397,
      0.5147769992711922,
      0.5285748882313951,
      0.5600589198127551,
      0.5072826657288071,
      0.4177219793729658,
      0.3587983232543624,
      0.40530087008450427,
      0.12268476538777247,
      0.3564530000463109,
      0.5274925228066459,
      0.43966004421796484,
      0.4181365260599687,
      0.3275722827897656,
      0.19686961473058442,
      0.6177477158550133,
      0.4129062717739805,
      0.5464993495633335,
      0.38314191628526445,
      0.5261860745918003,
      0.39748234973433894,
      0.5285903440873181,
      0.31810264549320383,
      0.1475990072336346,
      0.4782122658837792,
      0.3356221623094821,
      0.5911247425704695,
      0.4019814563727122,
      0.3401800318003038,
      0.36951786075139803,
      0.3507846565049806,
      0.5350050464303343,
      0.33077827124252224,
      0.43595755201228836,
      0.6704060759628607,
      0.5718095229101606,
      0.576074754023874,
      0.6501351173892004,
      0.47116135259922287,
      0.5419954052502177,
      0.5566771524381451,
      0.6330003992052664
    ],
    "schwartzberg": [
      1.6652189626493084,
      1.4299016925610748,
      1.4372782994099522,
      1.7033553538308441,
      1.4996031776983747,
      1.7608828678744453,
      1.545742006529313,
      1.3453147797188405,
      1.7603942811692324,
      1.5629106167213223,
      2.002161106752362,
      1.839956170852529,
      1.485767119894107,
      1.4326112454545588,
      1.4219562898439442,
      1.596969511327224,
      2.029802656858624,
      1.8824564893403832,
      2.0002570963606683,
      2.3860507026251576,
      2.061246599545382,
      2.2630478411359207,
      1.7920654237196347,
      2.214961535730253,
      2.362739766267088,
      1.6608376687891484,
      1.6176359249279375,
      1.786613575044301,
      2.3553556375004647,
      1.66589580814238,
      1.8295416336662744,
      1.8241718710846277,
      2.1568106092111425,
      2.09780068850719,
      1.7919392192928114,
      2.7626858030439094,
      2.0201513765500088,
      1.6808701715781509,
      2.2051531219481313,
      2.1126939997225533,
      1.9500341038617508,
      1.7274592940724478,
      2.069872229062429,
      1.9741694151858198,
      1.368548483681326,
      1.5350208343664946,
      1.5773842964626699,
      1.769917505306804,
      1.7195999437493912,
      1.4928225221688407,
      1.6860933652632801,
      1.3564684924773533
    ],