{
  "name": "metis+kl",
  "status": "ok",
  "total_internal_boundary_km": 8366.943747483492,
  "max_abs_deviation_pct": 0.49969620536562104,
  "runtime_seconds": 181.49421262502437,
  "refine_iterations": 148,
  "refine_improvement_pct": 0.08854624788279761,
  "error": null
}