{
  "state": "OK",
  "state_name": "Oklahoma",
  "algorithm": "splitline-realized+kl",
  "districts": 5,
  "total_internal_boundary_km": 1285.2515168401192,
  "population": {
    "ideal": 791870.6,
    "per_district": [
      791955,
      792517,
      791364,
      791995,
      791522
    ],
    "deviations_pct": [
      0.010658307051685374,
      0.08162949855696415,
      -0.0639750989618729,
      0.015709637407932974,
      -0.044022344054694885
    ],
    "max_abs_deviation_pct": 0.08162949855696415,
    "range_pct": 0.14560459751883703
  },
  "compactness": {
    "polsby_popper": [
      0.34707080253998224,
      0.2710412190103849,
      0.5443811180697299,
      0.4007891143077442,
      0.35544821936877125
    ],
    "reock": [
      0.5350310643215673,
      0.22979850931740656,
      0.4216454670002243,
      0.5144522688039854,
      0.2647438044358493
    ],
    "schwartzberg": [
      1.6974264294367938,
      1.9208008049587457,
      1.3553406790281393,
      1.579581509808528,
      1.6773041770647092
    ],
    "convex_hull_ratio": [
      0.9148633699219112,
      0.9107957747624186,
      0.9676273889493187,
      0.9211629764061426,
      0.7331772497689141
    ]
  },
  "runtime_seconds": 171.2392584170011,
  "seed": 42,
  "districtmaker_version": "0.1.0",
  "generated_at": "2026-05-14T15:33:28.193546+00:00"
}