{
  "state": "TX",
  "state_name": "Texas",
  "algorithm": "metis+kl",
  "districts": 38,
  "total_internal_boundary_km": 8153.84897728219,
  "population": {
    "ideal": 766986.9736842106,
    "per_district": [
      767289,
      763188,
      767083,
      763314,
      764798,
      767063,
      764885,
      766024,
      763278,
      770356,
      764824,
      765336,
      770444,
      770702,
      767235,
      769918,
      765935,
      769865,
      765212,
      763773,
      763285,
      763185,
      767773,
      765377,
      763321,
      768070,
      769116,
      770581,
      770006,
      766822,
      768791,
      769608,
      765592,
      766674,
      769957,
      767709,
      768296,
      770820
    ],
    "deviations_pct": [
      0.03937828491905905,
      -0.4953113696262988,
      0.012519940896541688,
      -0.47888345046689496,
      -0.2853990692561388,
      0.009912334680763305,
      -0.2740559822175028,
      -0.12555280822892378,
      -0.48357714165529603,
      0.43925469810867435,
      -0.2820091811756269,
      -0.21525446205170026,
      0.4507281654580993,
      0.4843662856416404,
      0.032337748136457414,
      0.38214812198312775,
      -0.13715665588913759,
      0.37523796551131505,
      -0.23142162058952623,
      -0.41903888781478105,
      -0.4826644794797736,
      -0.49570251055866554,
      0.10248235534089598,
      -0.20990886930935454,
      -0.4779707882913725,
      0.141205307645205,
      0.27758311273041447,
      0.46859026803618126,
      0.39362158933255265,
      -0.021509320219366232,
      0.23520951172401575,
      0.34173022563856276,
      -0.18187710248973693,
      -0.04080560621612628,
      0.38723295410389563,
      0.09413801545040514,
      0.17067125788350074,
      0.49975116231473293
    ],
    "max_abs_deviation_pct": 0.49975116231473293,
    "range_pct": 0.9954536728733985
  },
  "compactness": {
    "polsby_popper": [
      0.39225459579682,
      0.3879620573424757,
      0.2633199704012941,
      0.4162136566820857,
      0.49836956629201334,
      0.3565856024826591,
      0.49240253989466604,
      0.4296458297050576,
      0.4119419339957037,
      0.4102100015611348,
      0.3081276921827132,
      0.43454564432446324,
      0.43327111027109544,
      0.509035091045124,
      0.36753326504718015,
      0.3181767957975269,
      0.4162266698822897,
      0.3626510372265185,
      0.3506137883218199,
      0.4180979076671055,
      0.25537372427508065,
      0.37678936979013544,
      0.4435534438702372,
      0.4594061659897539,
      0.2613114572851,
      0.33555083911385447,
      0.2518153994904731,
      0.3820082014139553,
      0.27002956578410575,
      0.3747057229883332,
      0.3499397153066138,
      0.49713448035242336,
      0.3538859619379893,
      0.5134240348508532,
      0.5681097398551973,
      0.25145333569105555,
      0.1909212430315733,
      0.31744008484643293
    ],
    "reock": [
      0.6022459069870801,
      0.4620091783469042,
      0.3455025962153696,
      0.5423357275884795,
      0.5988183253613386,
      0.47511767087696716,
      0.5455584429662584,
      0.5925076455898812,
      0.5016782477942007,
      0.5516644893174715,
      0.4969708256776765,
      0.47305163259040695,
      0.5797571780377968,
      0.5543823496515357,
      0.44282258201886104,
      0.5038974830752284,
      0.49146361684652323,
      0.5744063538453164,
      0.39817962582110217,
      0.6138938383823053,
      0.41365048982933933,
      0.5011269257844139,
      0.5814210944781526,
      0.6311452073333267,
      0.39549641162148524,
      0.5138084685434868,
      0.3194134795683628,
      0.6008840503017847,
      0.4187849789291386,
      0.5237155603880876,
      0.46664690414786736,
      0.69508819929239,
      0.42851449038081185,
      0.5405943418798796,
      0.5082966720954727,
      0.38439910629986707,
      0.32963436430942156,
      0.5133453310165492
    ],
    "schwartzberg": [
      1.5966729938133402,
      1.6054817499037641,
      1.9487588531997486,
      1.5500361858786382,
      1.416524998338789,
      1.6746270342986842,
      1.4250820104329585,
      1.525614120197136,
      1.558052179518091,
      1.5613378122965345,
      1.8015015263254408,
      1.5169885382226562,
      1.5192181280845292,
      1.4016066164495107,
      1.6494975454777778,
      1.7728245126061675,
      1.550011954984354,
      1.6605636925023033,
      1.6888283251105178,
      1.5465394507361763,
      1.978845533315893,
      1.629111011374617,
      1.5015058279555065,
      1.4753721801558797,
      1.9562338703541384,
      1.7263181452246958,
      1.992777712333871,
      1.6179446359509175,
      1.9243955367330454,
      1.633634275673912,
      1.6904540993079888,
      1.4182835213217846,
      1.6810023956891176,
      1.3956030256094947,
      1.326734072130382,
      1.994211881284151,
      2.2886157025011653,
      1.7748804948240735
    ],
    "convex_hull_ratio": [
      0.8267787362039204,
      0.8197999551544132,
      0.6969816144749916,
      0.848233549920014,
      0.8867677530140469,
      0.767340295896007,
      0.8928336814293474,
      0.8341416089369835,
      0.8587122225838831,
      0.8245967494784507,
      0.7480574055678292,
      0.8431555441861799,
      0.8333510326452752,
      0.8974689656024379,
      0.8065375621627205,
      0.8710851191744781,
      0.8397350164935528,
      0.8261345978611089,
      0.8492541336632943,
      0.8550923565488526,
      0.7492800733476921,
      0.8704454321890925,
      0.8460062327006553,
      0.8736596692804709,
      0.6951374441023122,
      0.8553218107951353,
      0.7023329016176382,
      0.8741582773594286,
      0.7156758121173693,
      0.8157240818019389,
      0.7783269982121601,
      0.8830044798755341,
      0.8052791210683051,
      0.8890172342030517,
      0.933813545040318,
      0.736182853331992,
      0.6894493069816321,
      0.7770960986649225
    ]
  },
  "runtime_seconds": 211.28415462498378,
  "seed": 52,
  "districtmaker_version": "0.1.0",
  "generated_at": "2026-05-15T19:21:36.044126+00:00"
}