{
  "state": "CA",
  "state_name": "California",
  "algorithm": "metis+kl",
  "districts": 52,
  "total_internal_boundary_km": 7318.131807821062,
  "population": {
    "ideal": 760350.4423076923,
    "per_district": [
      757286,
      758320,
      756900,
      761840,
      758021,
      757644,
      758205,
      760039,
      758356,
      758308,
      763264,
      756654,
      760571,
      757530,
      763939,
      758979,
      756711,
      758716,
      760490,
      759188,
      763122,
      756804,
      757797,
      763287,
      764109,
      764073,
      760666,
      763741,
      756921,
      762002,
      759039,
      761843,
      757512,
      757038,
      759250,
      763467,
      759557,
      758443,
      756765,
      764057,
      764108,
      763563,
      762813,
      759375,
      760779,
      759870,
      759687,
      763279,
      764152,
      762743,
      764128,
      763272
    ],
    "deviations_pct": [
      -0.4030302525229756,
      -0.2670403270273356,
      -0.4537963175532629,
      0.1959041001918645,
      -0.30636429968033013,
      -0.35594669998193196,
      -0.28216493189387193,
      -0.04096036384841374,
      -0.26230566811259376,
      -0.2686185466655828,
      0.38318616393054084,
      -0.486149820137332,
      0.029007373447215358,
      -0.3709397865452811,
      0.47196101858194994,
      -0.18036976522692283,
      -0.4786532768556574,
      -0.21495907896517558,
      0.018354390889046262,
      -0.15288243986078284,
      0.36451056487794814,
      -0.46642207465924107,
      -0.33582439959427923,
      0.38621108490384815,
      0.4943191301237863,
      0.48958447120904447,
      0.041501612250006266,
      0.4459203945508699,
      -0.45103443318633013,
      0.21721006530820267,
      -0.17247866703568648,
      0.19629865510142627,
      -0.37330711600265193,
      -0.43564679171341925,
      -0.1447283050631719,
      0.40988437947755724,
      -0.1043521859846792,
      -0.25086357573530105,
      -0.4715512884835447,
      0.48748017835804813,
      0.49418761182059906,
      0.42251013658353537,
      0.32387140919308083,
      -0.12828851716476286,
      0.05636318051016809,
      -0.06318695708706284,
      -0.08725480657033374,
      0.3851589384783499,
      0.499974417160839,
      0.31466512796997176,
      0.4968179778843445,
      0.384238310356039
    ],
    "max_abs_deviation_pct": 0.499974417160839,
    "range_pct": 0.986124237298171
  },
  "compactness": {
    "polsby_popper": [
      0.4695075953766227,
      0.3446519741494825,
      0.20863030573309982,
      0.3011329112205274,
      0.3170910790792972,
      0.46373651164251345,
      0.47052060078400215,
      0.34772082673489674,
      0.3763071371774977,
      0.537112748196795,
      0.40303964556384764,
      0.47376484311393513,
      0.4057678040255343,
      0.3321589545061049,
      0.36171041140943544,
      0.39438296722379707,
      0.3761021499993122,
      0.4201142181965209,
      0.4967761482458186,
      0.3490806540429324,
      0.3987173060243563,
      0.4710385448674133,
      0.37567256952577577,
      0.399926069887813,
      0.33842598704300486,
      0.2665773647642048,
      0.5291409412215999,
      0.5386693784772043,
      0.44700123160933597,
      0.5715511908687313,
      0.4917649228892899,
      0.22319691444740453,
      0.5740549191441724,
      0.39715307674896677,
      0.4677946494717805,
      0.5372759044253411,
      0.4635175174976516,
      0.43444297779206925,
      0.38640162740424955,
      0.3546103641875162,
      0.5079838391552816,
      0.3560672016516547,
      0.3961169745476622,
      0.39735785691664954,
      0.34382706151780285,
      0.4548116897250357,
      0.3223333506531107,
      0.44538390689391516,
      0.3982588696434039,
      0.2721564822424576,
      0.21519053813471584,
      0.380152525925958
    ],
    "reock": [
      0.541326632323669,
      0.40377222003693813,
      0.1033764167137233,
      0.582213425415458,
      0.4547440107090443,
      0.5380929004737542,
      0.5235594145716334,
      0.4570462754936061,
      0.4838322313219807,
      0.6860699540251375,
      0.5142954250407593,
      0.5480861041140895,
      0.6139743683465194,
      0.3448040959240392,
      0.39702528756608557,
      0.42967027349065107,
      0.4905043630644954,
      0.5248592047883173,
      0.6406245814300274,
      0.46886994573895896,
      0.46314342582185797,
      0.5818811234369301,
      0.4109590073156099,
      0.40544379903977334,
      0.4534254738658938,
      0.31415526969629765,
      0.5240489997932541,
      0.49616241780689496,
      0.4368351243364806,
      0.6572086366524514,
      0.4909820438200226,
      0.15238369576876556,
      0.6702633412749197,
      0.504992964458012,
      0.5765716928717232,
      0.5447165174853038,
      0.5517753771355904,
      0.564333590595415,
      0.45886755043534694,
      0.43332398922384235,
      0.5120137403991342,
      0.4757814519363385,
      0.6200579715810369,
      0.5861379585876119,
      0.35223412518447705,
      0.41005633929597723,
      0.3940234439470661,
      0.5056820574376863,
      0.4983227761211378,
      0.29529783470808985,
      0.2791816711031264,
      0.4813219117192086
    ],
    "schwartzberg": [
      1.45941460733899,
      1.7033724342999603,
      2.1893303760334413,
      1.8223042524861357,
      1.7758569858323254,
      1.468467552072184,
      1.4578427404853695,
      1.6958391152741368,
      1.6301545192641709,
      1.3644803000240622,
      1.575165227134624,
      1.4528426651750082,
      1.5698610262428692,
      1.7351100191554432,
      1.6627214337176404,
      1.592358772860111,
      1.6305987007921858,
      1.5428237299006409,
      1.4187949437307865,
      1.6925328614430215,
      1.5836800901456514,
      1.4570410134163108,
      1.6315307268248855,
      1.5812849675557903,
      1.7189694085483973,
      1.9368160027973529,
      1.3747202096744067,
      1.3625073569541613,
      1.4957039484497363,
      1.3227337443825384,
      1.4260055840083599,
      2.1166834140725617,
      1.3198460547979207,
      1.5867957708239362,
      1.4620841696771119,
      1.364273106325631,
      1.4688144082409746,
      1.5171677731978872,
      1.6087202424924971,
      1.679284532126537,
      1.4030561508359838,
      1.6758456417602823,
      1.588869664415374,
      1.586386836944134,
      1.7054145825226505,
      1.482805508497904,
      1.7613569551562351,
      1.49841716600957,
      1.5845913162537302,
      1.9168611640216167,
      2.1557004589939575,
      1.6218887438552108
    ],