{
  "name": "metis+kl",
  "status": "ok",
  "total_internal_boundary_km": 7318.131807821062,
  "max_abs_deviation_pct": 0.499974417160839,
  "runtime_seconds": 167.41337512500468,
  "refine_iterations": 103,
  "refine_improvement_pct": 0.08513479337671287,
  "error": null
}