{
  "state": "TX",
  "state_name": "Texas",
  "algorithm": "metis+kl",
  "districts": 38,
  "total_internal_boundary_km": 7916.577343143014,
  "population": {
    "ideal": 766986.9736842106,
    "per_district": [
      765125,
      763304,
      770106,
      764305,
      770813,
      768483,
      767514,
      769624,
      770808,
      764487,
      769193,
      765763,
      764730,
      770105,
      764198,
      764048,
      764741,
      768191,
      764367,
      770818,
      769773,
      769230,
      770422,
      765393,
      764090,
      767900,
      766424,
      765735,
      764478,
      764474,
      770703,
      765418,
      766117,
      770815,
      766997,
      766164,
      765494,
      765155
    ],
    "deviations_pct": [
      -0.24276470762816219,
      -0.48018725357478415,
      0.40665962041144454,
      -0.34967656247507595,
      0.4988385001392105,
      0.19505237600102862,
      0.06871385484656589,
      0.3438163106111855,
      0.4981865985852658,
      -0.32594734591149266,
      0.2876223966611613,
      -0.1595820693448317,
      -0.2942649303897853,
      0.40652924010065566,
      -0.36362725572949034,
      -0.38318430234782824,
      -0.29283074697110717,
      0.15698132525066422,
      -0.341592983206163,
      0.49949040169315506,
      0.3632429769187344,
      0.2924464681603513,
      0.4478597986207431,
      -0.20782278433673185,
      -0.3777083292946936,
      0.11904065481108872,
      -0.0734006839133561,
      -0.16323271804692144,
      -0.3271207687085929,
      -0.32764228995174866,
      0.48449666595242935,
      -0.20456327656700884,
      -0.1134274393255543,
      0.4990992607607883,
      0.001307234168694634,
      -0.10729956471847509,
      -0.19465437294705099,
      -0.23885329830449464
    ],
    "max_abs_deviation_pct": 0.49949040169315506,
    "range_pct": 0.9796776552679392
  },
  "compactness": {
    "polsby_popper": [
      0.34403906323005656,
      0.3891404902973495,
      0.46283721114704585,
      0.39393827032921686,
      0.4555099526004708,
      0.4008208250924601,
      0.33235817271936785,
      0.2837828644461277,
      0.420539051558009,
      0.4623537532989157,
      0.5445060638945785,
      0.6220415747515942,
      0.25607314312895885,
      0.38998524416131264,
      0.41497589661151757,
      0.27169752120983365,
      0.42544827263840473,
      0.2821042325484475,
      0.29601130051962027,
      0.44276242489434775,
      0.5669506956277734,
      0.413088532831656,
      0.44744644614794143,
      0.3311887535227763,
      0.3310066142166356,
      0.4040018146048967,
      0.3599134515614311,
      0.27931384499129075,
      0.3625163487142097,
      0.4477971974119402,
      0.5131107164174274,
      0.46250189607594483,
      0.3750544192193301,
      0.3487996167348968,
      0.4611059151864359,
      0.3247851634214671,
      0.2906888038925348,
      0.28746702631901194
    ],
    "reock": [
      0.3786888166227847,
      0.5155616574746303,
      0.5895621211103358,
      0.3771119504280405,
      0.48328158759240814,
      0.5103274402624902,
      0.48070619494562183,
      0.46197704026795766,
      0.5634507492389034,
      0.5905603119101469,
      0.5627598806432029,
      0.559328858866202,
      0.37040069431995404,
      0.40769284050623994,
      0.5571270049123436,
      0.3586312308841278,
      0.6001337960342323,
      0.39643706860793126,
      0.49740602427888886,
      0.5486115825106935,
      0.4554203407943765,
      0.5332222755624074,
      0.5198924078059939,
      0.39706870837255837,
      0.4365131360548937,
      0.6192700293460088,
      0.5141865966830973,
      0.4591976969873235,
      0.45839246913882226,
      0.5299840863329406,
      0.6846078914021396,
      0.5282031111691273,
      0.5003241621636756,
      0.5555467885727501,
      0.5649278024193926,
      0.5530827552341606,
      0.6238446303066806,
      0.5749011635973181
    ],
    "schwartzberg": [
      1.7048890513176411,
      1.6030489689786054,
      1.4698934883451524,
      1.5932572858100542,
      1.481668557340424,
      1.5795190245821995,
      1.7345899216214808,
      1.8771843115360043,
      1.5420442438973845,
      1.4706617808785027,
      1.3551851675599174,
      1.2679154500493288,
      1.9761412508251237,
      1.601311831541358,
      1.5523461325514658,
      1.9184794956067837,
      1.5331216537397878,
      1.8827610229418752,
      1.8380014704820815,
      1.5028464900438092,
      1.3280895324563924,
      1.555888354993006,
      1.4949596416412059,
      1.7376496198638698,
      1.7381276326225539,
      1.5732884055346747,
      1.6668670464055089,
      1.8921421850527544,
      1.6608721449121895,
      1.4943740398248353,
      1.3960290559069455,
      1.4704262300936197,
      1.6328746864659198,
      1.6932145839577302,
      1.47265037815614,
      1.7546960928043234,
      1.8547519978316571,
      1.865116575650089
    ],
    "convex_hull_ratio": [
      0.8254045608337756,
      0.8349322659742607,
      0.87142316854708,
      0.8350875808422642,
      0.8465385221064153,
      0.8299326022387701,
      0.8604900683914353,
      0.7854655919546377,
      0.865490410041056,
      0.8880666117897864,
      0.917305119270786,
      0.9484525099842644,
      0.7427298716566669,
      0.8166641969600577,
      0.8437968363288403,
      0.7551681270827085,
      0.8112566506728351,
      0.7502954915614692,
      0.838237167488006,
      0.8482401665414834,
      0.9050166153665449,
      0.8034864207456391,
      0.8812712018083093,
      0.8375823307601262,
      0.7986792081038581,
      0.846315604874006,
      0.8060955374582346,
      0.7309019179084785,
      0.8219434225934672,
      0.8535813363428246,
      0.9005865471924321,
      0.8789707193756597,
      0.8107404585110709,
      0.8409100639423577,
      0.8816390428381192,
      0.900071435857418,
      0.8466371970280018,
      0.7681708108252805
    ]
  },
  "runtime_seconds": 210.99961175098724,
  "seed": 56,
  "districtmaker_version": "0.1.0",
  "generated_at": "2026-05-15T19:21:51.408460+00:00"
}