{
  "state": "NE",
  "state_name": "Nebraska",
  "algorithm": "metis+kl",
  "districts": 3,
  "total_internal_boundary_km": 410.27292833223913,
  "population": {
    "ideal": 653834.6666666666,
    "per_district": [
      653583,
      652465,
      655456
    ],
    "deviations_pct": [
      -0.038490872310221316,
      -0.20948211168572095,
      0.24797298399596004
    ],
    "max_abs_deviation_pct": 0.24797298399596004,
    "range_pct": 0.45745509568168097
  },
  "compactness": {
    "polsby_popper": [
      0.39745097492041154,
      0.5287225204373741,
      0.43371089523854095
    ],
    "reock": [
      0.553634001190996,
      0.4923497785969095,
      0.5972480536417681
    ],
    "schwartzberg": [
      1.5862009903390029,
      1.3752640655990023,
      1.518447685423464
    ],
    "convex_hull_ratio": [
      0.8130564206071947,
      0.8942713824545899,
      0.8805117875098782
    ]
  },
  "runtime_seconds": 7.892234292001376,
  "seed": 42,
  "districtmaker_version": "0.1.0",
  "generated_at": "2026-05-14T14:52:01.643509+00:00"
}