{
  "state": "IN",
  "state_name": "Indiana",
  "algorithm": "annealing",
  "districts": 9,
  "total_internal_boundary_km": 1558.811500187046,
  "population": {
    "ideal": 753947.5555555555,
    "per_district": [
      754156,
      754342,
      754102,
      753672,
      753644,
      754081,
      753965,
      754354,
      753212
    ],
    "deviations_pct": [
      0.02764707477443857,
      0.05231722571921398,
      0.020484772887245706,
      -0.036548371770030785,
      -0.040262157933760416,
      0.01769943326444848,
      0.0023137477289971492,
      0.05390884836081239,
      -0.0975605730313033
    ],
    "max_abs_deviation_pct": 0.0975605730313033,
    "range_pct": 0.1514694213921157
  },
  "compactness": {
    "polsby_popper": [
      0.3890167454688907,
      0.3900466676944353,
      0.27680641645755033,
      0.4499523169434911,
      0.2522511563358448,
      0.5345115787371597,
      0.5904661108958411,
      0.4508556402449082,
      0.5252635256859862
    ],
    "reock": [
      0.44313816968103076,
      0.378187399908841,
      0.32699092775860766,
      0.5789353968562657,
      0.4969684864584808,
      0.6024303045093247,
      0.553457411563719,
      0.35726574252773363,
      0.5519582232253752
    ],
    "schwartzberg": [
      1.6033039107637317,
      1.6011857413692379,
      1.9006927734708297,
      1.490790970947978,
      1.9910557343534956,
      1.367796352522034,
      1.3013751560931823,
      1.4892967660243024,
      1.379784868078391
    ],
    "convex_hull_ratio": [
      0.8642526631807358,
      0.9661536076736249,
      0.9323668777149372,
      0.9670410153809479,
      0.8287880371884069,
      0.9785962398717177,
      0.98021985834709,
      0.9730535878092348,
      0.9803643247166762
    ]
  },
  "runtime_seconds": 153.52412325000114,
  "seed": 42,
  "districtmaker_version": "0.1.0",
  "generated_at": "2026-05-14T16:21:48.264582+00:00"
}