{
  "state": "CA",
  "state_name": "California",
  "algorithm": "metis+kl",
  "districts": 52,
  "total_internal_boundary_km": 7500.4928134772745,
  "population": {
    "ideal": 760350.4423076923,
    "per_district": [
      762462,
      764147,
      763628,
      763378,
      757255,
      763693,
      756822,
      757653,
      758919,
      756937,
      759390,
      758275,
      762388,
      760169,
      756594,
      757304,
      757998,
      756656,
      758630,
      759978,
      758020,
      756905,
      757225,
      756801,
      763471,
      756551,
      764076,
      764078,
      763226,
      763996,
      758005,
      764080,
      757429,
      758794,
      756915,
      763349,
      761788,
      757516,
      760967,
      762921,
      756914,
      763771,
      764107,
      757665,
      762058,
      759147,
      760041,
      764147,
      764123,
      764129,
      762863,
      760869
    ],
    "deviations_pct": [
      0.2777084847743481,
      0.4993168256449027,
      0.43105882629070813,
      0.3981792504938899,
      -0.40710731992178106,
      0.43960751599788084,
      -0.4640547452018701,
      -0.3547630352532465,
      -0.1882608634181592,
      -0.4489301403353338,
      -0.12631574261695375,
      -0.27295865067076286,
      0.26797613033848994,
      -0.023862984434068285,
      -0.49404091832856833,
      -0.40066292306560464,
      -0.3093892206536374,
      -0.48588678353095743,
      -0.226269653039281,
      -0.04898298034283737,
      -0.30649581798351744,
      -0.4531387260373265,
      -0.41105286901739924,
      -0.4668166295688028,
      0.4104104526903063,
      -0.49969620536562104,
      0.48997902611860633,
      0.4902420627249809,
      0.3781884684094245,
      0.47945756186362454,
      -0.3084685925313265,
      0.4905050993313554,
      -0.3842231351671956,
      -0.2047006513165683,
      -0.4518235430054538,
      0.394365219701459,
      0.18906514842612626,
      -0.37278104278990287,
      0.08108862150937536,
      0.3380753859373063,
      -0.45195506130864105,
      0.44986594364648813,
      0.4940560935174118,
      -0.35318481561499926,
      0.22457509028668993,
      -0.15827469029146102,
      -0.04069732724203919,
      0.4993168256449027,
      0.4961603863684081,
      0.49694949618753176,
      0.33044732435244445,
      0.06819982779702263
    ],
    "max_abs_deviation_pct": 0.49969620536562104,
    "range_pct": 0.9990130310105237
  },
  "compactness": {
    "polsby_popper": [
      0.3498718466924653,
      0.2669140731732654,
      0.4137445213655743,
      0.24018672320183812,
      0.30489778908885445,
      0.5367134967617646,
      0.1437196213712831,
      0.3666108299040401,
      0.3475338745319266,
      0.27700942322324945,
      0.4342332043821053,
      0.27945181880233366,
      0.23566826998174772,
      0.24800151205354748,
      0.2742824061495255,
      0.33402045222444887,
      0.4919666361956591,
      0.34731171032054425,
      0.3285667140859329,
      0.5096701669480146,
      0.4928524005801264,
      0.4398756786150024,
      0.31982497706233515,
      0.24982644558368144,
      0.4750852275358223,
      0.32290479906143277,
      0.540518010052546,
      0.34980077198574133,
      0.4428241682191825,
      0.553837810236425,
      0.41803330355039336,
      0.4651019732546585,
      0.47442960859954286,
      0.36134107619900097,
      0.48087298478214624,
      0.4971475549269254,
      0.31367039702840527,
      0.3919632493251004,
      0.36899390173566715,
      0.4917780620232645,
      0.49888024395800645,
      0.3967242922095552,
      0.30703044355276077,
      0.3588783768787876,
      0.2927795625353384,
      0.37497629741129607,
      0.3109676095718097,
      0.4958286770422076,
      0.363292294692654,
      0.36393126460730124,
      0.27594829374550545,
      0.3826360044144885
    ],
    "reock": [
      0.3006299250606704,
      0.13476254833533433,
      0.42580883001486575,
      0.5751670954461933,
      0.501832307529082,
      0.6536893720979141,
      0.3372480776110833,
      0.6819849067677632,
      0.43389880119371493,
      0.5389990868395336,
      0.407587340133649,
      0.5266950984170932,
      0.3363331516694314,
      0.5193188496812816,
      0.5609500255112909,
      0.3318698959110321,
      0.5679442829918095,
      0.6069465556219991,
      0.6189515581472748,
      0.5720759014597697,
      0.5709886559380266,
      0.6318976498236526,
      0.4857635446638644,
      0.39719486239493274,
      0.5393498355774176,
      0.5405080900548777,
      0.5077427838393465,
      0.4507518532263173,
      0.3603423279954815,
      0.5497976378699097,
      0.4910812138291217,
      0.4754050379928849,
      0.5113286214502996,
      0.399473688129613,
      0.49979052246281774,
      0.527901786909437,
      0.2859529265856549,
      0.4714619140518668,
      0.4909703461067002,
      0.523813967666162,
      0.4863262046417336,
      0.5676777756244766,
      0.4493850950937924,
      0.506663095065221,
      0.13939386207025029,
      0.41823844134832266,
      0.3370710745728839,
      0.6613235472194701,
      0.30414379568007455,
      0.4498236301596626,
      0.3808303304879586,
      0.4667377945846845
    ],
    "schwartzberg": [
      1.6906180496441119,
      1.9355939839953546,
      1.5546544416174022,
      2.040447858818007,
      1.8110183984754056,
      1.3649877117507487,
      2.6378006309746302,
      1.651571404841672,
      1.696295183381416,
      1.8999961830673675,
      1.517534192700318,
      1.8916750234836583,
      2.059915678568162,
      2.0080422007588576,
      1.9094180542623491,
      1.7302683755217638,
      1.4257132127674117,
      1.696837629581843,
      1.744569267940792,
      1.4007331063794313,
      1.424431476188231,
      1.5077697470545872,
      1.7682505885006996,
      2.0006945793281328,
      1.450822348148837,
      1.7597977179746846,
      1.3601753981782545,
      1.6907897960903453,
      1.5027417148526971,
      1.3437197462233585,
      1.5466589495349783,
      1.4663103800574948,
      1.4518244548899863,
      1.6635709700273593,
      1.4420649137573405,
      1.4182648713502601,
      1.7855138905949304,
      1.5972662874870245,
      1.646229597647307,
      1.4259865341513067,
      1.4157998013530397,
      1.5876530535287525,
      1.8047177093140274,
      1.6692690992083594,
      1.8481176778967763,
      1.6330447725224402,
      1.7932565359282768,
      1.4201498732086895,
      1.6590974913259608,
      1.6576403767328005,
      1.9036457933503812,
      1.6166167845842536
    ],