{
  "state": "CO",
  "state_name": "Colorado",
  "algorithm": "metis",
  "districts": 8,
  "total_internal_boundary_km": 1527.9663319178217,
  "population": {
    "ideal": 721714.25,
    "per_district": [
      721474,
      724637,
      723727,
      718905,
      720863,
      724627,
      719381,
      720100
    ],
    "deviations_pct": [
      -0.0332887981635391,
      0.40497329794998504,
      0.2788846139590565,
      -0.38924685219946814,
      -0.11794834312887684,
      0.4035877080160188,
      -0.32329277134267476,
      -0.22366885509050152
    ],
    "max_abs_deviation_pct": 0.40497329794998504,
    "range_pct": 0.7942201501494532
  },
  "compactness": {
    "polsby_popper": [
      0.5165703460050414,
      0.4021284239033204,
      0.5492920782989156,
      0.3934163578076139,
      0.46725824798152416,
      0.4590654768928479,
      0.4745106903136346,
      0.4477384579449567
    ],
    "reock": [
      0.5060515289308503,
      0.4534542266198707,
      0.5307992557499529,
      0.46027085078229873,
      0.5620097992936572,
      0.588920543827023,
      0.5551583893420942,
      0.5296573257879871
    ],
    "schwartzberg": [
      1.3913463856524633,
      1.5769488768324933,
      1.349268346653999,
      1.5943137560227947,
      1.4629231481015526,
      1.4759195421533657,
      1.451700409797984,
      1.4944720611744078
    ],
    "convex_hull_ratio": [
      0.906096629841164,
      0.873148434396192,
      0.9270993898098877,
      0.8754382673010639,
      0.8896059292321102,
      0.8610950772533623,
      0.8696726375409726,
      0.867031168896521
    ]
  },
  "runtime_seconds": 20.202190500000142,
  "seed": 42,
  "districtmaker_version": "0.1.0",
  "generated_at": "2026-05-14T16:46:27.565136+00:00"
}