{
  "state": "CT",
  "state_name": "Connecticut",
  "algorithm": "splitline-realized+kl",
  "districts": 5,
  "total_internal_boundary_km": 405.34542849899157,
  "population": {
    "ideal": 721188.8,
    "per_district": [
      720305,
      721755,
      722201,
      720824,
      720859
    ],
    "deviations_pct": [
      -0.12254766019661514,
      0.07850926137510086,
      0.14035159725164248,
      -0.050583148268531976,
      -0.04573005016162848
    ],
    "max_abs_deviation_pct": 0.14035159725164248,
    "range_pct": 0.2628992574482576
  },
  "compactness": {
    "polsby_popper": [
      0.6331747350005545,
      0.4677826447596956,
      0.3590347257766686,
      0.4636406707045612,
      0.4653903653115464
    ],
    "reock": [
      0.6303467043289263,
      0.48060206135328815,
      0.3669960348186607,
      0.3796244527799116,
      0.45420335883861607
    ],
    "schwartzberg": [
      1.2567190875315835,
      1.462102930299262,
      1.668905601217026,
      1.4686193205040718,
      1.4658559896902836
    ],
    "convex_hull_ratio": [
      0.9705728661989882,
      0.9295419658994419,
      0.9130671394411018,
      0.9205364555412275,
      0.9559570045853354
    ]
  },
  "runtime_seconds": 31.81541654299872,
  "seed": 42,
  "districtmaker_version": "0.1.0",
  "generated_at": "2026-05-14T17:35:38.347925+00:00"
}