{
  "state": "MO",
  "state_name": "Missouri",
  "algorithm": "splitline-realized",
  "districts": 8,
  "total_internal_boundary_km": 1986.038044005238,
  "population": {
    "ideal": 769364.125,
    "per_district": [
      769555,
      769072,
      769892,
      768849,
      769381,
      769434,
      769334,
      769396
    ],
    "deviations_pct": [
      0.024809448971902612,
      -0.03796966748352089,
      0.06861185527723951,
      -0.06695464257577646,
      0.00219336975193638,
      0.009082175491351381,
      -0.003915571186790131,
      0.004143031753657607
    ],
    "max_abs_deviation_pct": 0.06861185527723951,
    "range_pct": 0.13556649785301597
  },
  "compactness": {
    "polsby_popper": [
      0.4598368522137906,
      0.28772689490562814,
      0.39776629289161575,
      0.2147931550362803,
      0.31638710905930983,
      0.22937411883978268,
      0.4615010792569391,
      0.44923679387932075
    ],
    "reock": [
      0.48721354889569707,
      0.41921562211026525,
      0.3976521001662537,
      0.27951171025766486,
      0.5574530162159099,
      0.3416199057829217,
      0.47886265376700116,
      0.576009589740725
    ],
    "schwartzberg": [
      1.474681096649636,
      1.864274119304037,
      1.5855721577205737,
      2.157693639555081,
      1.7778315533953364,
      2.08798701446596,
      1.4720197586735568,
      1.4919777291683476
    ],
    "convex_hull_ratio": [
      0.8983930930004883,
      0.8863565209824719,
      0.9289034256028924,
      0.8787409242880024,
      0.8536955552070913,
      0.9230455027414374,
      0.978867100243829,
      0.9757757827904436
    ]
  },
  "runtime_seconds": 177.6384778749998,
  "seed": 42,
  "districtmaker_version": "0.1.0",
  "generated_at": "2026-05-14T17:16:32.296354+00:00"
}