{
  "state": "MA",
  "state_name": "Massachusetts",
  "algorithm": "metis+kl",
  "districts": 9,
  "total_internal_boundary_km": 595.6139184958208,
  "population": {
    "ideal": 781101.8888888889,
    "per_district": [
      777601,
      784417,
      777504,
      784997,
      780538,
      778677,
      784295,
      782381,
      779507
    ],
    "deviations_pct": [
      -0.4481987482924746,
      0.4244146837011037,
      -0.46061710259167904,
      0.49866876095407836,
      -0.07219146399594595,
      -0.31044463256109406,
      0.4087957226237538,
      0.1637572676889374,
      -0.20418448752666474
    ],
    "max_abs_deviation_pct": 0.49866876095407836,
    "range_pct": 0.9592858635457574
  },
  "compactness": {
    "polsby_popper": [
      0.3929841376721578,
      0.31351846532431116,
      0.46428331639504367,
      0.5605077576095753,
      0.4617521719775856,
      0.5884694821311558,
      0.4902825017070786,
      0.5689674444609784,
      0.6513032321541974
    ],
    "reock": [
      0.40708066590397196,
      0.5250986494821445,
      0.4779154855361802,
      0.6792485125875266,
      0.4844609779282623,
      0.6722114743334897,
      0.4688807661481598,
      0.5170968699822245,
      0.5647899983959408
    ],
    "schwartzberg": [
      1.5951902610417557,
      1.7859464700771512,
      1.4676025612699526,
      1.3357008001160746,
      1.4716194750046585,
      1.303581016271113,
      1.4281597964842017,
      1.3257336852757322,
      1.2391057813702062
    ],
    "convex_hull_ratio": [
      0.8192275572752514,
      0.8029278879003707,
      0.8105151380149241,
      0.9111724596278035,
      0.8152186168742868,
      0.878101786822094,
      0.8423075806497362,
      0.8929423869734718,
      0.9248876007716192
    ]
  },
  "runtime_seconds": 11.112536332999298,
  "seed": 42,
  "districtmaker_version": "0.1.0",
  "generated_at": "2026-05-14T18:01:37.060785+00:00"
}