{
  "state": "LA",
  "state_name": "Louisiana",
  "algorithm": "metis+kl",
  "districts": 6,
  "total_internal_boundary_km": 1196.06549438687,
  "population": {
    "ideal": 776292.8333333334,
    "per_district": [
      777998,
      779150,
      773120,
      772449,
      777719,
      777321
    ],
    "deviations_pct": [
      0.21965508290792685,
      0.36805269145641917,
      -0.40871604078959534,
      -0.4951524950743509,
      0.18371503708758888,
      0.13244572441198127
    ],
    "max_abs_deviation_pct": 0.4951524950743509,
    "range_pct": 0.86320518653077
  },
  "compactness": {
    "polsby_popper": [
      0.4708869697920445,
      0.3252729602829893,
      0.28459066520822274,
      0.4159569820104373,
      0.25169660704673574,
      0.5305475074973198
    ],
    "reock": [
      0.5674088975586585,
      0.5003641503278713,
      0.3080374658946604,
      0.4668440806306681,
      0.5398636979039286,
      0.6313540293084595
    ],
    "schwartzberg": [
      1.4572754999766337,
      1.753379880739304,
      1.8745182569378582,
      1.5505143527192768,
      1.9932479193259847,
      1.372896698722268
    ],
    "convex_hull_ratio": [
      0.8574998892094833,
      0.8987338558669594,
      0.7773766775403657,
      0.7976364269641414,
      0.726945604704499,
      0.9203532981699486
    ]
  },
  "runtime_seconds": 21.201845540999784,
  "seed": 42,
  "districtmaker_version": "0.1.0",
  "generated_at": "2026-05-14T18:56:36.629343+00:00"
}