{
  "state": "MD",
  "state_name": "Maryland",
  "algorithm": "metis",
  "districts": 8,
  "total_internal_boundary_km": 569.9103710098775,
  "population": {
    "ideal": 772153.0,
    "per_district": [
      769844,
      770273,
      769412,
      771048,
      772548,
      775280,
      775089,
      773730
    ],
    "deviations_pct": [
      -0.29903399973839384,
      -0.2434750625847468,
      -0.3549814609280803,
      -0.14310635327454532,
      0.05115566474519946,
      0.4049715535651613,
      0.38023552327064714,
      0.20423413494475837
    ],
    "max_abs_deviation_pct": 0.4049715535651613,
    "range_pct": 0.7599530144932416
  },
  "compactness": {
    "polsby_popper": [
      0.144209747020163,
      0.427741761923864,
      0.5342724819260387,
      0.5344930304288216,
      0.36573491563570565,
      0.5456167893890367,
      0.4753263792612708,
      0.44878517999874484
    ],
    "reock": [
      0.1652362928070877,
      0.4881879283322693,
      0.5654537478020715,
      0.6685123129178988,
      0.38740628729926796,
      0.49696003252329835,
      0.5849421302259644,
      0.44624817939722966
    ],
    "schwartzberg": [
      2.6333142694463874,
      1.5290059413938957,
      1.368102375363152,
      1.367820085374425,
      1.6535479318021127,
      1.3538050729695372,
      1.4504542719020896,
      1.4927282312527057
    ],
    "convex_hull_ratio": [
      0.559296722699019,
      0.8270594395006904,
      0.8692165871114854,
      0.8746498628766843,
      0.760137509259943,
      0.9162374987818349,
      0.8618371938004171,
      0.8174851170350275
    ]
  },
  "runtime_seconds": 9.777812457999971,
  "seed": 42,
  "districtmaker_version": "0.1.0",
  "generated_at": "2026-05-14T17:55:45.740569+00:00"
}