{
  "state": "OK",
  "state_name": "Oklahoma",
  "algorithm": "splitline-realized",
  "districts": 5,
  "total_internal_boundary_km": 1454.6454429030646,
  "population": {
    "ideal": 791870.6,
    "per_district": [
      792004,
      791575,
      792136,
      791837,
      791801
    ],
    "deviations_pct": [
      0.016846186738088683,
      -0.03732933133266682,
      0.03351557691370576,
      -0.004243117499245043,
      -0.008789314819867883
    ],
    "max_abs_deviation_pct": 0.03732933133266682,
    "range_pct": 0.07084490824637257
  },
  "compactness": {
    "polsby_popper": [
      0.3146522199636752,
      0.21003829084388087,
      0.46068197108814024,
      0.3600606070232655,
      0.3268743092193784
    ],
    "reock": [
      0.532319812424327,
      0.22792843911189745,
      0.42203668854828286,
      0.5141968791466641,
      0.2649260618513627
    ],
    "schwartzberg": [
      1.7827260059852894,
      2.1819799832011846,
      1.4733278280113897,
      1.6665263903430194,
      1.749079725941026
    ],
    "convex_hull_ratio": [
      0.9160980172009242,
      0.9193609763407058,
      0.9709077464842472,
      0.9218464289703041,
      0.7329589358778605
    ]
  },
  "runtime_seconds": 98.12987912500103,
  "seed": 42,
  "districtmaker_version": "0.1.0",
  "generated_at": "2026-05-14T15:33:28.099403+00:00"
}