{
  "state": "LA",
  "state_name": "Louisiana",
  "algorithm": "splitline-realized+kl",
  "districts": 6,
  "total_internal_boundary_km": 1352.3912314558524,
  "population": {
    "ideal": 776292.8333333334,
    "per_district": [
      776858,
      777621,
      773984,
      776422,
      776818,
      776054
    ],
    "deviations_pct": [
      0.07280328278181467,
      0.17109093497148448,
      -0.2974178343782261,
      0.016638910102003326,
      0.06765058804054756,
      -0.030765881517653942
    ],
    "max_abs_deviation_pct": 0.2974178343782261,
    "range_pct": 0.4685087693497106
  },
  "compactness": {
    "polsby_popper": [
      0.38946168585809837,
      0.5427805000975566,
      0.31714484522499764,
      0.19954208958115532,
      0.4299488684383979,
      0.3530988165579182
    ],
    "reock": [
      0.4760990076513462,
      0.7024267116286647,
      0.411194486906956,
      0.38061877042672243,
      0.5012211444576365,
      0.44709558863423876
    ],
    "schwartzberg": [
      1.602387801994726,
      1.3573376056559683,
      1.7757064473102735,
      2.238632178555134,
      1.5250763799018061,
      1.6828750395446832
    ],
    "convex_hull_ratio": [
      0.8024617586724319,
      0.9311186768577574,
      0.8885112549180414,
      0.7988682508517889,
      0.9503383142838019,
      0.8547627830209513
    ]
  },
  "runtime_seconds": 180.00120166600027,
  "seed": 42,
  "districtmaker_version": "0.1.0",
  "generated_at": "2026-05-14T18:56:36.421306+00:00"
}