{
  "state": "MN",
  "state_name": "Minnesota",
  "algorithm": "splitline-realized+kl",
  "districts": 8,
  "total_internal_boundary_km": 1332.8801326156222,
  "population": {
    "ideal": 713311.75,
    "per_district": [
      713393,
      714097,
      713012,
      713209,
      713730,
      713039,
      713172,
      712842
    ],
    "deviations_pct": [
      0.011390531559307695,
      0.1100851065470322,
      -0.042022299506492077,
      -0.014404641448847576,
      0.05863495168837469,
      -0.038237138249860594,
      -0.01959171428200923,
      -0.0658547963075051
    ],
    "max_abs_deviation_pct": 0.1100851065470322,
    "range_pct": 0.1759399028545373
  },
  "compactness": {
    "polsby_popper": [
      0.4012967318538405,
      0.2728745334143022,
      0.5668007369842367,
      0.6333712374234036,
      0.4504784507552616,
      0.31514449196972005,
      0.46218484807242033,
      0.30302218226164807
    ],
    "reock": [
      0.4474502473063779,
      0.24054877588333198,
      0.4787731403214262,
      0.5647507891663296,
      0.46678108076407143,
      0.3106248602803187,
      0.41586109501299595,
      0.4195233139984179
    ],
    "schwartzberg": [
      1.5785821532826485,
      1.9143374564034723,
      1.328265207363528,
      1.256524124855862,
      1.4899201360728043,
      1.7813331066863634,
      1.4709304826454903,
      1.816614553927346
    ],
    "convex_hull_ratio": [
      0.8099825299044029,
      0.8540594402036571,
      0.9613429701686946,
      0.9870330742652297,
      0.8789193945838997,
      0.8894303311119225,
      0.936646421795999,
      0.8249569898080998
    ]
  },
  "runtime_seconds": 236.8515307919988,
  "seed": 42,
  "districtmaker_version": "0.1.0",
  "generated_at": "2026-05-14T16:58:32.476919+00:00"
}