{
  "state": "TX",
  "state_name": "Texas",
  "algorithm": "metis+kl",
  "districts": 38,
  "total_internal_boundary_km": 7896.855437914742,
  "population": {
    "ideal": 766986.9736842106,
    "per_district": [
      763241,
      766544,
      763280,
      766610,
      765436,
      770581,
      766666,
      766425,
      764758,
      766018,
      765888,
      770144,
      766248,
      770786,
      764540,
      764581,
      767567,
      765990,
      764171,
      769425,
      768726,
      770821,
      765858,
      764492,
      765650,
      766093,
      767130,
      769927,
      766265,
      769425,
      765453,
      763490,
      769872,
      766100,
      770236,
      766239,
      770245,
      770584
    ],
    "deviations_pct": [
      -0.48840121315448604,
      -0.05775504661868578,
      -0.48331638103371816,
      -0.04914994610661711,
      -0.20221643097280828,
      0.46859026803618126,
      -0.04184864870243764,
      -0.07327030360256717,
      -0.29061428168769554,
      -0.12633509009365732,
      -0.1432845304962168,
      0.41161407222142354,
      -0.09634761861220588,
      0.4953182317479096,
      -0.31903718943967996,
      -0.31369159669733426,
      0.0756240113183786,
      -0.12998573879574704,
      -0.36714752412079116,
      0.31787062876419053,
      0.22673479152273598,
      0.4998815426255218,
      -0.14719593981988438,
      -0.3252954443575481,
      -0.17431504446397958,
      -0.11655656678448836,
      0.018647815503620893,
      0.383321544780228,
      -0.09413115332879425,
      0.31787062876419053,
      -0.19999996568939668,
      -0.4559365157680451,
      0.37615062768683744,
      -0.11564390460896593,
      0.42360906081400407,
      -0.09752104140930615,
      0.4247824836111043,
      0.468981408968548
    ],
    "max_abs_deviation_pct": 0.4998815426255218,
    "range_pct": 0.9882827557800078
  },
  "compactness": {
    "polsby_popper": [
      0.38796288606222445,
      0.2250486849156976,
      0.3740564129577829,
      0.4044057903919268,
      0.34702610215464635,
      0.3981949651792884,
      0.23824122041834916,
      0.2894761441899647,
      0.3724433234463341,
      0.33703883246799454,
      0.2343402669578232,
      0.4026323010225421,
      0.3596785457093607,
      0.31016000843122804,
      0.27931819579831396,
      0.3887594927219432,
      0.5532513636775508,
      0.4671903654999752,
      0.3429091163904999,
      0.36164887332187184,
      0.4644806130342144,
      0.45529311641145515,
      0.4243124877574381,
      0.4637790231774726,
      0.39375316469056604,
      0.4532851411279988,
      0.434635431187203,
      0.308460057375288,
      0.4824331734048725,
      0.49232377373286407,
      0.48667044973554396,
      0.3553600381617035,
      0.45059820495131103,
      0.44164398307462643,
      0.34746581552004197,
      0.3528429803368069,
      0.43579102278942167,
      0.35694409612108663
    ],
    "reock": [
      0.7000406450308155,
      0.48304158820445325,
      0.528268410101191,
      0.5410539543411628,
      0.3584580659778738,
      0.4152961447907698,
      0.3516081350973007,
      0.41691030853296557,
      0.46466802556256065,
      0.6316124807156304,
      0.31698522632947246,
      0.43100083167754816,
      0.5510238534798039,
      0.49193006807284,
      0.3647129719252025,
      0.5585039090306994,
      0.5029014541218532,
      0.6094701452203959,
      0.3818483891699646,
      0.4893745214555856,
      0.5474855862494502,
      0.5149112913458386,
      0.4283323560880428,
      0.5481149111543999,
      0.5910214391101388,
      0.5357190100842982,
      0.48802919146380075,
      0.4923091758291593,
      0.4945656823627321,
      0.5537864545099831,
      0.41942327993937795,
      0.4452532130876267,
      0.5153614579807546,
      0.6607907492064324,
      0.38932476601141053,
      0.35751419966008324,
      0.4924276899413413,
      0.6386436487880431
    ],
    "schwartzberg": [
      1.6054800351841472,
      2.107957061976729,
      1.635051542109621,
      1.572502401426997,
      1.6975357485510905,
      1.5847184630100963,
      2.0487621750047706,
      1.8586328571519823,
      1.6385885028931915,
      1.722503167319996,
      2.0657441894193678,
      1.5759618258566381,
      1.6674112725179335,
      1.7955896776502174,
      1.89212744849479,
      1.6038342979728613,
      1.3444317292009857,
      1.4630294251717764,
      1.7076956982199185,
      1.6628628918450998,
      1.4672908326427268,
      1.4820213422915458,
      1.5351721857672322,
      1.4684002482085072,
      1.5936317415363923,
      1.4853002649772948,
      1.5168318406009917,
      1.800530707309967,
      1.4397312068508112,
      1.4251960042688794,
      1.4334498763027543,
      1.6775122723998495,
      1.4897221370101035,
      1.5047482294622925,
      1.6964613040703604,
      1.6834850309571507,
      1.5148194062078368,
      1.673785874635125
    ],
    "convex_hull_ratio": [
      0.8573480053688369,
      0.7020270648345133,
      0.7837983209720354,
      0.8458248008248622,
      0.8443284704900307,
      0.800991376433513,
      0.8447047280131247,
      0.7306785756769031,
      0.8854040039217912,
      0.8649159784642481,
      0.6796026713205646,
      0.7764095747947934,
      0.8147759121126029,
      0.776009089155906,
      0.6874150771830604,
      0.8178817947695788,
      0.9125693203490128,
      0.8999688079120814,
      0.7458588270994019,
      0.7331348908797418,
      0.858301939188345,
      0.8745033781356094,
      0.848881783484536,
      0.8582027020331097,
      0.8609305495738702,
      0.8413816527341043,
      0.8021026285694259,
      0.8377874862758932,
      0.8723126196131809,
      0.8928961288041467,
      0.9137584377659305,
      0.7378853948546135,
      0.8705265435578479,
      0.8778768866029901,
      0.776090395218521,
      0.7887196218055929,
      0.8084623305206944,
      0.9152855134292336
    ]
  },
  "runtime_seconds": 220.00690245899023,
  "seed": 51,
  "districtmaker_version": "0.1.0",
  "generated_at": "2026-05-15T19:21:42.422099+00:00"
}