{
  "state": "IL",
  "state_name": "Illinois",
  "algorithm": "splitline-realized+kl",
  "districts": 17,
  "total_internal_boundary_km": 2112.9571469052685,
  "population": {
    "ideal": 753676.9411764706,
    "per_district": [
      753741,
      754449,
      752861,
      755209,
      752953,
      752814,
      754851,
      753066,
      754263,
      753251,
      753923,
      752915,
      754644,
      753788,
      752012,
      753143,
      754625
    ],
    "deviations_pct": [
      0.008499506888110955,
      0.10243896042835461,
      -0.10826139581727662,
      0.2032779218557348,
      -0.09605457417080429,
      -0.11449748948449617,
      0.15577746370967938,
      -0.08106141280068065,
      0.07775995144744313,
      -0.05651508666375258,
      0.03264778449308884,
      -0.10109652224217329,
      0.1283121150051166,
      0.014735600555330517,
      -0.22090913035917895,
      -0.07084483381395924,
      0.1257911409694321
    ],
    "max_abs_deviation_pct": 0.22090913035917895,
    "range_pct": 0.4241870522149137
  },
  "compactness": {
    "polsby_popper": [
      0.6413636823215362,
      0.2962031350186157,
      0.33675989047263394,
      0.38128956610116665,
      0.4873549962510063,
      0.4721294705709619,
      0.43474615195307975,
      0.3706369773352098,
      0.3088628691141742,
      0.4121974388876037,
      0.3407887465503245,
      0.5621655105373219,
      0.6766480551497032,
      0.5931791313721178,
      0.3287773771236486,
      0.4934595393671965,
      0.4475532118589004
    ],
    "reock": [
      0.6011278743843832,
      0.24861061991564692,
      0.35482538091940286,
      0.44326316539505756,
      0.4167706485907709,
      0.49744616793376456,
      0.3792202231405997,
      0.3684577102325337,
      0.32583529781083864,
      0.46852445784885566,
      0.5419639928058533,
      0.537709823016346,
      0.7060628812550956,
      0.6252535707377107,
      0.3789465876925707,
      0.4417966556207876,
      0.2977967188616572
    ],
    "schwartzberg": [
      1.2486704033880967,
      1.8374061877914598,
      1.7232164040041384,
      1.619468628361478,
      1.4324427993854276,
      1.4553566843688173,
      1.516638675604922,
      1.6425765836859165,
      1.7993562192059362,
      1.5575692171979483,
      1.713000057020523,
      1.3337299421798412,
      1.2156780662578381,
      1.2983956988305536,
      1.7440102648323865,
      1.4235549161986207,
      1.494781316533893
    ],
    "convex_hull_ratio": [
      0.9548643552921929,
      0.8728368852207311,
      0.9077228480124612,
      0.9230971831930085,
      0.9617305146693216,
      0.9045413578543303,
      0.915896485489933,
      0.8985849347947434,
      0.8941296328706353,
      0.9388743137845045,
      0.8342845314764119,
      0.9725760129316897,
      0.9664625057803639,
      0.9618791882210111,
      0.9063764861282004,
      0.901490771800724,
      0.9513292142388053
    ]
  },
  "runtime_seconds": 856.835187208002,
  "seed": 42,
  "districtmaker_version": "0.1.0",
  "generated_at": "2026-05-14T21:10:53.241433+00:00"
}