{
  "state": "OK",
  "state_name": "Oklahoma",
  "algorithm": "metis",
  "districts": 5,
  "total_internal_boundary_km": 1181.3050561209818,
  "population": {
    "ideal": 791870.6,
    "per_district": [
      790289,
      790143,
      795077,
      788814,
      795030
    ],
    "deviations_pct": [
      -0.19972960228602712,
      -0.21816695808633085,
      0.4049146413568105,
      -0.38599740917265735,
      0.3989793281882196
    ],
    "max_abs_deviation_pct": 0.4049146413568105,
    "range_pct": 0.7909120505294678
  },
  "compactness": {
    "polsby_popper": [
      0.43734201877348106,
      0.5638069140825179,
      0.32230716996142456,
      0.2794101750758257,
      0.42833164875133667
    ],
    "reock": [
      0.5855554836129736,
      0.6087113538379758,
      0.567521190939233,
      0.2877329822608602,
      0.6049931650781135
    ],
    "schwartzberg": [
      1.5121309318869767,
      1.3317870920094272,
      1.7614284903426793,
      1.8918159873234293,
      1.5279527257225392
    ],
    "convex_hull_ratio": [
      0.8377363253067414,
      0.9360385735590319,
      0.8902936128249133,
      0.685724052526541,
      0.890700699294652
    ]
  },
  "runtime_seconds": 18.299369708000086,
  "seed": 42,
  "districtmaker_version": "0.1.0",
  "generated_at": "2026-05-14T15:33:28.283904+00:00"
}