{
  "state": "KS",
  "state_name": "Kansas",
  "algorithm": "annealing-from-kl",
  "districts": 4,
  "total_internal_boundary_km": 906.678248348292,
  "population": {
    "ideal": 734470.0,
    "per_district": [
      734207,
      735208,
      733372,
      735093
    ],
    "deviations_pct": [
      -0.03580813375631407,
      0.10048061867741365,
      -0.14949555461761543,
      0.08482306969651586
    ],
    "max_abs_deviation_pct": 0.14949555461761543,
    "range_pct": 0.24997617329502908
  },
  "compactness": {
    "polsby_popper": [
      0.5449582862521666,
      0.42726275527049373,
      0.518788435478657,
      0.7321875589245768
    ],
    "reock": [
      0.4825664479842093,
      0.4948313051080019,
      0.4363123620328611,
      0.6284148689712589
    ],
    "schwartzberg": [
      1.3546227646761764,
      1.5298627898429702,
      1.3883688361025839,
      1.1686617431665973
    ],
    "convex_hull_ratio": [
      0.9794462164964446,
      0.8458286206487049,
      0.9780946313987084,
      0.9925926750887374
    ]
  },
  "runtime_seconds": 142.87633237500086,
  "seed": 42,
  "districtmaker_version": "0.1.0",
  "generated_at": "2026-05-14T15:17:35.547757+00:00"
}