{
  "state": "CA",
  "state_name": "California",
  "algorithm": "metis+kl",
  "districts": 52,
  "total_internal_boundary_km": 7105.551626840734,
  "population": {
    "ideal": 760350.4423076923,
    "per_district": [
      757568,
      761354,
      763300,
      759253,
      757430,
      762866,
      763923,
      757204,
      761081,
      763948,
      764150,
      763414,
      763427,
      759539,
      757892,
      757881,
      758318,
      756582,
      758052,
      758719,
      759877,
      757087,
      760768,
      761578,
      764097,
      760644,
      763744,
      757358,
      763274,
      760513,
      764139,
      762967,
      758519,
      758694,
      758013,
      758465,
      760182,
      756574,
      757762,
      764114,
      763246,
      763181,
      757594,
      759703,
      756611,
      756653,
      756715,
      759326,
      763924,
      763130,
      759764,
      764106
    ],
    "deviations_pct": [
      -0.3659420910241647,
      0.1319862048428499,
      0.3879208228452827,
      -0.1443337501536101,
      -0.3840916168640083,
      0.3308418792620063,
      0.46985672573095355,
      -0.41381475338433193,
      0.09608170807272445,
      0.4731446833106354,
      0.4997113805544645,
      0.4029139094086318,
      0.4046236473500663,
      -0.1067195154420501,
      -0.3233301607914883,
      -0.3247768621265483,
      -0.2673033636337101,
      -0.49561913796681556,
      -0.30228723228152465,
      -0.21456452405561377,
      -0.06226632896475193,
      -0.4292023948572429,
      0.05491647917510808,
      0.16144630475679903,
      0.4927409104855391,
      0.03860820957988627,
      0.4463149494604318,
      -0.39356093469349196,
      0.38450134696241356,
      0.021379311862353537,
      0.4982646792194045,
      0.34412522788392086,
      -0.24086818469306828,
      -0.2178524816352956,
      -0.3074164461058283,
      -0.24797017306518102,
      -0.02215324649263374,
      -0.4966712843923138,
      -0.34042754020583377,
      0.4949767216397226,
      0.38081883447316994,
      0.37227014476599724,
      -0.3625226151412956,
      -0.08515051371933739,
      -0.49180510717438464,
      -0.48628133844051924,
      -0.47812720364290834,
      -0.1347329140209392,
      0.4699882440341408,
      0.3655627113034463,
      -0.07712789722491374,
      0.4939245752142245
    ],
    "max_abs_deviation_pct": 0.4997113805544645,
    "range_pct": 0.9963826649467783
  },
  "compactness": {
    "polsby_popper": [
      0.29875261692616495,
      0.45722816328341714,
      0.19247881650919094,
      0.40676694927415064,
      0.47377265732800916,
      0.44017334007525044,
      0.5091285357766122,
      0.495256429898154,
      0.5061765405702114,
      0.1761638677865382,
      0.33441982017194,
      0.3620958904447339,
      0.35376789127943997,
      0.47293833919382355,
      0.3208508971784056,
      0.2678730539617215,
      0.4787721130848309,
      0.4166508819377272,
      0.42574658574122354,
      0.44747503739240807,
      0.45625416077257486,
      0.38888770778580145,
      0.35505381768268623,
      0.3968233367834276,
      0.4861174502403515,
      0.571856399711854,
      0.40627915982451285,
      0.48269163946452576,
      0.43239930433572077,
      0.44339813105621106,
      0.4427428742886623,
      0.3912974933163663,
      0.4837727970607564,
      0.388425559771888,
      0.4458964738937724,
      0.45213216116389904,
      0.3122652376646916,
      0.32586658213341657,
      0.3416500854432748,
      0.2747885929178503,
      0.320193746789449,
      0.537927323006363,
      0.3810219049446492,
      0.2308443855898534,
      0.10791394902035581,
      0.24232920890532106,
      0.3888064518289279,
      0.4298013010219976,
      0.35831226194892996,
      0.45311233084184754,
      0.3581259498466293,
      0.31524787489935474
    ],
    "reock": [
      0.5134587548398226,
      0.6212891087909986,
      0.10526973153529227,
      0.49502514693985245,
      0.574888320771841,
      0.5222667005409232,
      0.6200700704513712,
      0.6616181129921653,
      0.6829452136056232,
      0.36874117811991725,
      0.36466045722197094,
      0.5186319686852745,
      0.3169342455750054,
      0.6182952570451367,
      0.39699153627274,
      0.3894666619051444,
      0.5328474317959706,
      0.4872657486293934,
      0.47970801447332717,
      0.48334730367541046,
      0.5329369302289944,
      0.5447766722687348,
      0.537582401165044,
      0.48617583111158064,
      0.6197505281148048,
      0.6637435865313959,
      0.4608202607866926,
      0.558599560638501,
      0.5091095257874356,
      0.650354815881712,
      0.3771989957945842,
      0.46108391838173096,
      0.6262571518949349,
      0.5268786532045492,
      0.5903649424172838,
      0.6435832650976314,
      0.31798805580021466,
      0.44240118677394324,
      0.4516739510139452,
      0.37813898069442303,
      0.4892810041143247,
      0.6476117765068374,
      0.5299777368322018,
      0.4018866887747751,
      0.19746529582462258,
      0.2528935973646264,
      0.5100762930909187,
      0.5594180087135566,
      0.5454813080847061,
      0.59121676731179,
      0.4535750838161581,
      0.5390116773882794
    ],
    "schwartzberg": [
      1.8295494019557441,
      1.4788819672129943,
      2.2793369464438755,
      1.5679318090771095,
      1.4528306838267406,
      1.5072598560593344,
      1.4014779860989093,
      1.420970096877129,
      1.4055587183838116,
      2.3825475754936476,
      1.7292349138137015,
      1.6618361503635888,
      1.6812828910464124,
      1.454111600147756,
      1.7654213361588904,
      1.932126181455529,
      1.445225370535364,
      1.549222683633046,
      1.532584444006066,
      1.494911880944195,
      1.4804596698834855,
      1.6035698865952663,
      1.6782355119124595,
      1.5874549071260056,
      1.4342649794695168,
      1.3223807152679916,
      1.5688727768175237,
      1.4393456900428305,
      1.5207488850057702,
      1.501768777504856,
      1.502879670967195,
      1.5986245094492524,
      1.437736432605365,
      1.6045235652536143,
      1.4975556879733132,
      1.487192887544265,
      1.7895266898332833,
      1.7517821117168362,
      1.710839359908015,
      1.9076585786216207,
      1.7672320408988238,
      1.3634468031902771,
      1.620037352549067,
      2.08132711322922,
      3.0441160665503455,
      2.0314078095931145,
      1.6037374414260537,
      1.525338166297923,
      1.670587258383737,
      1.4855834736630746,
      1.6710217565727774,
      1.7810409960160696
    ],