{
  "name": "metis+kl",
  "status": "ok",
  "total_internal_boundary_km": 7105.551626840734,
  "max_abs_deviation_pct": 0.4997113805544645,
  "runtime_seconds": 232.748700000986,
  "refine_iterations": 184,
  "refine_improvement_pct": 0.22618204701420055,
  "error": null
}