{
  "state": "CA",
  "state_name": "California",
  "algorithm": "metis+kl",
  "districts": 52,
  "total_internal_boundary_km": 7812.652887662464,
  "population": {
    "ideal": 760350.4423076923,
    "per_district": [
      758740,
      757816,
      756743,
      759226,
      758696,
      763181,
      757172,
      760715,
      756732,
      763520,
      758446,
      757653,
      757372,
      758909,
      760053,
      763501,
      757636,
      762167,
      756559,
      756750,
      757632,
      760163,
      761281,
      764138,
      762099,
      762103,
      758305,
      761886,
      764134,
      764142,
      757217,
      757913,
      764131,
      763422,
      759660,
      764112,
      757183,
      764131,
      759574,
      761537,
      758969,
      764116,
      763508,
      763833,
      756708,
      757736,
      762903,
      759027,
      763200,
      759719,
      764126,
      758028
    ],
    "deviations_pct": [
      -0.21180263968868102,
      -0.3333255518337211,
      -0.47444469115366467,
      -0.14788474433966647,
      -0.21758944502892102,
      0.37227014476599724,
      -0.41802333908632466,
      0.04794600910618263,
      -0.4758913924887247,
      0.41685484954648266,
      -0.25046902082573924,
      -0.3547630352532465,
      -0.3917196784488702,
      -0.18957604645003193,
      -0.03911910760379192,
      0.41435600178592447,
      -0.3569988464074301,
      0.23891058533410267,
      -0.4986440589401229,
      -0.4735240630313538,
      -0.35752491962017924,
      -0.02465209425319192,
      0.122385368710179,
      0.49813316091621723,
      0.2299673407173681,
      0.23049341393011719,
      -0.2690131015751447,
      0.20195394213847903,
      0.4976070877034681,
      0.4986592341289663,
      -0.4121050154428974,
      -0.3205682764245556,
      0.4972125327939063,
      0.4039660558341299,
      -0.09080580075639011,
      0.4947136850333481,
      -0.41657663775126463,
      0.4972125327939063,
      -0.10211637483049556,
      0.15605405432612082,
      -0.18168494825879555,
      0.49523975824609723,
      0.4152766299082354,
      0.458020078444099,
      -0.47904783176521926,
      -0.34384701608870283,
      0.33570805647993535,
      -0.17405688667393374,
      0.37476899252655543,
      -0.08304622086834101,
      0.49655494127797,
      -0.3054436715580192
    ],
    "max_abs_deviation_pct": 0.4986592341289663,
    "range_pct": 0.9973032930690893
  },
  "compactness": {
    "polsby_popper": [
      0.3692008327338679,
      0.33181729514132213,
      0.34146189987965386,
      0.3046438567859478,
      0.46344051584068346,
      0.4043992929674256,
      0.357035201524053,
      0.3641273352417335,
      0.3019854351171931,
      0.2390353359038283,
      0.2176658609972786,
      0.2773526429838556,
      0.2752936900994187,
      0.25248784402360797,
      0.30439751419647415,
      0.37218363830727613,
      0.3725167442268118,
      0.3685423076701006,
      0.3173501482482358,
      0.3431327974202193,
      0.2056030117393285,
      0.33156441802316455,
      0.39708868420800236,
      0.3182671690718549,
      0.4594256635893437,
      0.2435967668815677,
      0.5699124575177315,
      0.28546802128868753,
      0.4397225212580609,
      0.2862919271172084,
      0.4016837064090024,
      0.4571684656119975,
      0.41397676169331843,
      0.4452742829485444,
      0.4952845674428931,
      0.49902778382954605,
      0.35385489239286994,
      0.39319650811786694,
      0.44687700604838976,
      0.4156624580200722,
      0.47570635321596927,
      0.3234281173023222,
      0.4829269600968664,
      0.47652094495204556,
      0.5019989404926462,
      0.4508526031792687,
      0.4789934001289768,
      0.5592350408886833,
      0.35677340823426207,
      0.424540341409644,
      0.3092160373202871,
      0.5458235141441032
    ],
    "reock": [
      0.6938759175277857,
      0.48413927979343996,
      0.5355522198710043,
      0.34019147841968134,
      0.48502885591799566,
      0.5287980678990548,
      0.5029041167006412,
      0.5105676236908395,
      0.3881395781122661,
      0.3972378768830854,
      0.25786248792611877,
      0.5237164230426815,
      0.49580616594842425,
      0.12320831016730796,
      0.2797317387730417,
      0.4202262056692495,
      0.5164037294417716,
      0.34393300652590214,
      0.27228659540978634,
      0.38553143864786515,
      0.2763897877157437,
      0.42907108036084635,
      0.3518306259589358,
      0.39247986118540984,
      0.5718709069481591,
      0.3731261788672146,
      0.5144490114364731,
      0.1375307646934727,
      0.49082906769057033,
      0.344816686604331,
      0.5317119203512288,
      0.6223921319657975,
      0.40706057351442937,
      0.42770655765036447,
      0.4143548068802519,
      0.5397670632711282,
      0.430438495929873,
      0.530248916713023,
      0.5052770210380761,
      0.6324835586933895,
      0.4567429573319051,
      0.4041973249781599,
      0.5828682201844098,
      0.5444223748874466,
      0.5963652357816918,
      0.4486905027902967,
      0.6161058306022432,
      0.5583642475828242,
      0.31624425791254257,
      0.4689923044161962,
      0.2890796176121054,
      0.5637609763148428
    ],
    "schwartzberg": [
      1.645768190670269,
      1.736003076982924,
      1.7113107315643568,
      1.811773017797502,
      1.4689364265386171,
      1.572515033959706,
      1.6735723093269501,
      1.6571940241343042,
      1.819730194700864,
      2.04535617800932,
      2.1434079661515626,
      1.898820210668039,
      1.9059077296490994,
      1.9901222857084802,
      1.8125059846807876,
      1.639160052581173,
      1.6384270170309714,
      1.6472378942535708,
      1.7751319763609437,
      1.7071390020859003,
      2.2053893041512467,
      1.7366649570884864,
      1.5869244242881935,
      1.7725727943224519,
      1.4753408731093824,
      2.0261156917774423,
      1.3246340818092617,
      1.8716354724307607,
      1.5080323057291216,
      1.8689403869660983,
      1.5778215818265946,
      1.4789785212564772,
      1.5542183010628088,
      1.4986016054651716,
      1.420929733033614,
      1.4155904920024729,
      1.68107619265294,
      1.5947594115609485,
      1.4959118263988262,
      1.551063575772876,
      1.4498748756613122,
      1.7583734338376342,
      1.4389949651533986,
      1.4486350967204282,
      1.4113950817706429,
      1.4893017821696968,
      1.4448914968374031,
      1.3372198417646644,
      1.674186213904951,
      1.5347601618650917,
      1.7983283666924106,
      1.353548679172965
    ],