{
  "state": "TX",
  "state_name": "Texas",
  "algorithm": "metis+kl",
  "districts": 38,
  "total_internal_boundary_km": 8144.691479920011,
  "population": {
    "ideal": 766986.9736842106,
    "per_district": [
      769386,
      765230,
      766067,
      770810,
      770532,
      769428,
      767343,
      766059,
      765557,
      763946,
      765598,
      765747,
      764071,
      765946,
      764147,
      763505,
      765513,
      767976,
      764584,
      766065,
      764158,
      765909,
      768811,
      770534,
      764437,
      764403,
      767826,
      769529,
      768179,
      766626,
      770728,
      767364,
      770801,
      769723,
      763355,
      769491,
      769771,
      766350
    ],
    "deviations_pct": [
      0.3127857966434227,
      -0.22907477499532566,
      -0.11994645486500027,
      0.49844735920684374,
      0.4622016328075242,
      0.31826176969655734,
      0.046418821701660694,
      -0.12098949735131162,
      -0.18644041336734907,
      -0.39648309404829796,
      -0.1810948206250034,
      -0.16166815431745443,
      -0.3801855551996831,
      -0.1357224724704595,
      -0.3702766515797252,
      -0.45398081110621136,
      -0.19217714704206154,
      0.12894955843104658,
      -0.3133004557649675,
      -0.1202072154865781,
      -0.3688424681610471,
      -0.1405465439696495,
      0.23781711793979415,
      0.462462393429102,
      -0.33246636145093866,
      -0.33689929201776186,
      0.10939251181270868,
      0.3314301810862382,
      0.15541676152119718,
      -0.047063861133994404,
      0.48775617372215235,
      0.049156808228228,
      0.4972739364097435,
      0.35672396137928847,
      -0.47353785772454926,
      0.32647572927625923,
      0.36298221629715666,
      -0.08304882691173612
    ],
    "max_abs_deviation_pct": 0.49844735920684374,
    "range_pct": 0.971985216931393
  },
  "compactness": {
    "polsby_popper": [
      0.32681869400337477,
      0.4222347705102044,
      0.37503724405340644,
      0.2923317086523535,
      0.34203822797660793,
      0.3287464503526805,
      0.4380462900045916,
      0.38196223824580516,
      0.3901825113819375,
      0.11949241469071478,
      0.5537271251031445,
      0.3658934122077734,
      0.22541434755434375,
      0.3608287520633017,
      0.5255657460375415,
      0.39027840028407945,
      0.39153781571358726,
      0.4470142942464196,
      0.33591012045026925,
      0.4336956718269902,
      0.4016947627607193,
      0.3940003081632959,
      0.4114084533516876,
      0.4085617735577756,
      0.3928399924605149,
      0.3267010236763813,
      0.3354274689751129,
      0.4308298385354035,
      0.5082639263816925,
      0.4467106344716775,
      0.45966954799693915,
      0.4259489935728924,
      0.5006119943707495,
      0.4445017570353886,
      0.4632884544415414,
      0.3188321125803385,
      0.32434971302858273,
      0.374057368511428
    ],
    "reock": [
      0.5004742482995145,
      0.5739943984930335,
      0.5210974611257696,
      0.4641416512958304,
      0.4076954384408064,
      0.49093501966557335,
      0.457003691588336,
      0.5393504848193955,
      0.49020627169644604,
      0.13092867772167138,
      0.5068293933635066,
      0.5742150261812173,
      0.4631176433313554,
      0.5952899024312377,
      0.6500222662454623,
      0.48725772579789267,
      0.4242891339176889,
      0.5048852773547976,
      0.47074108234401985,
      0.5613540922990649,
      0.5489205708885101,
      0.571899248879293,
      0.5484234577320511,
      0.389584582561065,
      0.34235057190554125,
      0.4717240968860661,
      0.5587335818940509,
      0.5710097234040187,
      0.5037851929303562,
      0.48428556594559397,
      0.45981523764372706,
      0.42304973560726805,
      0.5772529029107327,
      0.5082945891845906,
      0.60579096141288,
      0.3874234036645443,
      0.5800724491791325,
      0.49591473358201327
    ],
    "schwartzberg": [
      1.7492285413400934,
      1.5389446598651355,
      1.6329120755159934,
      1.849532799642315,
      1.7098683602278923,
      1.7440922966497776,
      1.5109148746726804,
      1.6180419801604453,
      1.600906987319178,
      2.892876085379927,
      1.3438540383329207,
      1.6531897536301698,
      2.106246625178576,
      1.6647515650300269,
      1.3793880965651402,
      1.600710308943498,
      1.5981338234549325,
      1.4956820945841554,
      1.7253946841735608,
      1.5184743351604648,
      1.57779986749022,
      1.593131846666691,
      1.559062029210052,
      1.5644840323262854,
      1.5954828966607406,
      1.7495435292783483,
      1.7266355857285993,
      1.5235163275359993,
      1.4026695089363954,
      1.4961903669366148,
      1.4749494393337084,
      1.5322202643042313,
      1.4133488653375466,
      1.4999032943555672,
      1.4691774752853834,
      1.771001673585339,
      1.755873566981906,
      1.6350494536860392
    ],
    "convex_hull_ratio": [
      0.7749061934566732,
      0.8673979989886561,
      0.8263406216343241,
      0.7224969656029863,
      0.8166890186234145,
      0.8652336014956081,
      0.8694208214297926,
      0.8113922872110262,
      0.8042851030013505,
      0.47157379731084187,
      0.9084940053293513,
      0.8774158594686742,
      0.693217870531691,
      0.8596031283404677,
      0.8877460898616001,
      0.7950545218448853,
      0.8316400032790126,
      0.8561041826146851,
      0.8166728748471531,
      0.8427346028895943,
      0.8444491803121593,
      0.8503305661132761,
      0.7911520782807836,
      0.8605373447916621,
      0.8334842515891143,
      0.7550178018835785,
      0.8998780741205745,
      0.8549809442738807,
      0.8420137377847586,
      0.8638437211342266,
      0.8555024851387019,
      0.8413441545850019,
      0.8670628261221125,
      0.8337018226651647,
      0.8579012117260402,
      0.7016967631487484,
      0.8218100120139481,
      0.8058431568095369
    ]
  },
  "runtime_seconds": 139.05891125000198,
  "seed": 50,
  "districtmaker_version": "0.1.0",
  "generated_at": "2026-05-15T19:20:16.246606+00:00"
}