{
  "state": "MT",
  "state_name": "Montana",
  "algorithm": "splitline-chord",
  "districts": 2,
  "total_internal_boundary_km": 962.5689603025597,
  "population": {
    "ideal": 542112.5,
    "per_district": [
      542076,
      542149
    ],
    "deviations_pct": [
      -0.006732919827526575,
      0.006732919827526575
    ],
    "max_abs_deviation_pct": 0.006732919827526575,
    "range_pct": 0.01346583965505315
  },
  "compactness": {
    "polsby_popper": [
      0.4532660265406344,
      0.27165771084431617
    ],
    "reock": [
      0.5542168475533606,
      0.45403432018497963
    ],
    "schwartzberg": [
      1.4853315827914528,
      1.918620063256784
    ],
    "convex_hull_ratio": [
      0.9270948003138135,
      0.8868039464043983
    ]
  },
  "runtime_seconds": 23.90688820899959,
  "seed": 42,
  "districtmaker_version": "0.1.0",
  "generated_at": "2026-05-14T14:44:46.329554+00:00"
}