{
  "state": "MD",
  "state_name": "Maryland",
  "algorithm": "metis+kl",
  "districts": 8,
  "total_internal_boundary_km": 569.3879004258986,
  "population": {
    "ideal": 772153.0,
    "per_district": [
      769844,
      770273,
      769412,
      771048,
      771940,
      776003,
      774996,
      773708
    ],
    "deviations_pct": [
      -0.29903399973839384,
      -0.2434750625847468,
      -0.3549814609280803,
      -0.14310635327454532,
      -0.027585206558803758,
      0.4986058462506783,
      0.36819127815342295,
      0.20138495868046877
    ],
    "max_abs_deviation_pct": 0.4986058462506783,
    "range_pct": 0.8535873071787585
  },
  "compactness": {
    "polsby_popper": [
      0.144209747020163,
      0.427741761923864,
      0.5342724819260387,
      0.5344930304288216,
      0.36785720149766277,
      0.5472045621635151,
      0.47572819265688077,
      0.4488182697731309
    ],
    "reock": [
      0.1652362928070877,
      0.4881879283322693,
      0.5654537478020715,
      0.6685123129178988,
      0.3870656753239242,
      0.4970011076203359,
      0.5849179985541085,
      0.4462469283040356
    ],
    "schwartzberg": [
      2.6333142694463874,
      1.5290059413938957,
      1.368102375363152,
      1.367820085374425,
      1.6487711086112569,
      1.351839540764234,
      1.4498415952917847,
      1.4926732034673373
    ],
    "convex_hull_ratio": [
      0.559296722699019,
      0.8270594395006904,
      0.8692165871114854,
      0.8746498628766843,
      0.7619128580683682,
      0.9163132283007276,
      0.8618016388774953,
      0.8175374671139405
    ]
  },
  "runtime_seconds": 10.616489665997506,
  "seed": 42,
  "districtmaker_version": "0.1.0",
  "generated_at": "2026-05-14T17:55:46.102160+00:00"
}