{
  "state": "MD",
  "state_name": "Maryland",
  "algorithm": "splitline+kl",
  "districts": 8,
  "total_internal_boundary_km": 632.1889580640536,
  "population": {
    "ideal": 772153.0,
    "per_district": [
      773169,
      771473,
      771682,
      772571,
      773307,
      771549,
      771644,
      771829
    ],
    "deviations_pct": [
      0.1315801402053738,
      -0.08806544816895097,
      -0.06099827365819986,
      0.054134349021502215,
      0.14945224586319034,
      -0.07822283925595057,
      -0.06591957811470006,
      -0.041960595892264876
    ],
    "max_abs_deviation_pct": 0.14945224586319034,
    "range_pct": 0.2375176940321413
  },
  "compactness": {
    "polsby_popper": [
      0.5805748333065032,
      0.34462820898167035,
      0.5017034052014863,
      0.3073227733999576,
      0.39474750374942896,
      0.46617612847377005,
      0.39704322478270493,
      0.1434768185573286
    ],
    "reock": [
      0.586141312752311,
      0.41417774003307206,
      0.5592202289145133,
      0.24748163513559057,
      0.4660078240203906,
      0.5296240197418804,
      0.3509760924744013,
      0.16797572201905764
    ],
    "schwartzberg": [
      1.3124141281484079,
      1.7034311645966063,
      1.4118107214125704,
      1.803859168365716,
      1.591623357179198,
      1.4646200819103394,
      1.587015269066544,
      2.6400316348739596
    ],
    "convex_hull_ratio": [
      0.9564740912425489,
      0.8791752055916973,
      0.8591253805241358,
      0.8372452859887275,
      0.909787809576472,
      0.880136748243117,
      0.9305950433212644,
      0.5744492500569677
    ]
  },
  "runtime_seconds": 82.42062649899162,
  "seed": 42,
  "districtmaker_version": "0.1.0",
  "generated_at": "2026-05-13T16:22:24.948511+00:00"
}