{
  "state": "NC",
  "state_name": "North Carolina",
  "algorithm": "splitline-realized",
  "districts": 14,
  "total_internal_boundary_km": 2695.6863124975775,
  "population": {
    "ideal": 745670.5714285715,
    "per_district": [
      745655,
      745699,
      745796,
      745606,
      745919,
      745974,
      745337,
      745648,
      745692,
      745664,
      745631,
      745694,
      745627,
      745446
    ],
    "deviations_pct": [
      -0.0020882450197339006,
      0.003812484026834729,
      0.016820909424951937,
      -0.008659511457958057,
      0.033316129259677876,
      0.040692040567888665,
      -0.04473442312902536,
      -0.0030269973680516374,
      0.002873731678516992,
      -0.0008812777147539538,
      -0.005306824499680426,
      0.0031419466351792027,
      -0.005843254413004847,
      -0.030116707990934893
    ],
    "max_abs_deviation_pct": 0.04473442312902536,
    "range_pct": 0.08542646369691403
  },
  "compactness": {
    "polsby_popper": [
      0.5331330099304983,
      0.3165784462932802,
      0.5265353064965156,
      0.2218619286946139,
      0.36994923099598687,
      0.4057352377329139,
      0.31678568976030397,
      0.4556247954229611,
      0.21093215934043255,
      0.2903573204817924,
      0.36355122200334694,
      0.2465060798967495,
      0.3860714922195974,
      0.3396773518102148
    ],
    "reock": [
      0.5182846583181512,
      0.39650316490634724,
      0.6742871989001302,
      0.3607918929766341,
      0.41915308635936344,
      0.5391532709064704,
      0.4352998493040978,
      0.532275536321158,
      0.2397216177248506,
      0.3705727089732691,
      0.4736839799600493,
      0.3081141236788601,
      0.47748160006542656,
      0.3675763935430247
    ],
    "schwartzberg": [
      1.3695636263378832,
      1.7772942193006518,
      1.3781175109290849,
      2.123042107969157,
      1.6441026734842608,
      1.5699240273368882,
      1.776712764883661,
      1.4814818140764847,
      2.177351779820828,
      1.8558104249824199,
      1.6585065674858133,
      2.014123897352302,
      1.6094079152121694,
      1.7158001620359957
    ],
    "convex_hull_ratio": [
      0.9177488951995195,
      0.943883428599848,
      0.9366094885867625,
      0.9192043347304569,
      0.942728774557939,
      0.9540178885348314,
      0.9461267047723672,
      0.9697730606684278,
      0.896027062792615,
      0.9422021093679469,
      0.9507700208270997,
      0.8291951406055634,
      0.9560664618858391,
      0.8905357971241927
    ]
  },
  "runtime_seconds": 218.32236791700052,
  "seed": 42,
  "districtmaker_version": "0.1.0",
  "generated_at": "2026-05-14T20:07:52.291755+00:00"
}