{
  "state": "CT",
  "state_name": "Connecticut",
  "algorithm": "metis+kl",
  "districts": 5,
  "total_internal_boundary_km": 342.0903523703325,
  "population": {
    "ideal": 721188.8,
    "per_district": [
      720742,
      721699,
      721516,
      717912,
      724075
    ],
    "deviations_pct": [
      -0.061953263833277296,
      0.07074430440405527,
      0.0453695343022456,
      -0.45436091076290236,
      0.40020033588984655
    ],
    "max_abs_deviation_pct": 0.45436091076290236,
    "range_pct": 0.8545612466527489
  },
  "compactness": {
    "polsby_popper": [
      0.5006620086150824,
      0.6522061322414482,
      0.5158986775266006,
      0.5302859889022619,
      0.5926622508285828
    ],
    "reock": [
      0.46078610362924544,
      0.5648629725628546,
      0.5325218618287467,
      0.51340520352913,
      0.5478126129282757
    ],
    "schwartzberg": [
      1.4132782694667738,
      1.238247788676045,
      1.3922518149308134,
      1.3732351894310275,
      1.2989617625639995
    ],
    "convex_hull_ratio": [
      0.9027283674567288,
      0.9335380828980403,
      0.822250129376443,
      0.9030651953728558,
      0.934413542467125
    ]
  },
  "runtime_seconds": 5.3894212919985875,
  "seed": 42,
  "districtmaker_version": "0.1.0",
  "generated_at": "2026-05-14T17:35:38.770336+00:00"
}