{
  "state": "NJ",
  "state_name": "New Jersey",
  "algorithm": "annealing",
  "districts": 12,
  "total_internal_boundary_km": 806.1096447278424,
  "population": {
    "ideal": 774082.8333333334,
    "per_district": [
      770682,
      776181,
      775853,
      777037,
      775733,
      773999,
      772919,
      773693,
      773399,
      777948,
      770282,
      771268
    ],
    "deviations_pct": [
      -0.43933713381664863,
      0.27105195675656085,
      0.22867923049578387,
      0.3816344374859057,
      0.21317701357110938,
      -0.010830020990437346,
      -0.15034997331250793,
      -0.05036067414835735,
      -0.0883411056138099,
      0.4993221009723931,
      -0.4910111902322304,
      -0.36363464116782146
    ],
    "max_abs_deviation_pct": 0.4993221009723931,
    "range_pct": 0.9903332912046234
  },
  "compactness": {
    "polsby_popper": [
      0.5356702172954879,
      0.40947643009458135,
      0.5516702398820973,
      0.5469830396967807,
      0.2536056147208726,
      0.35984162415679566,
      0.447634258303579,
      0.3146557653809315,
      0.34766707239246974,
      0.3716709272794752,
      0.39910250227676886,
      0.4651829320824849
    ],
    "reock": [
      0.5871812953408032,
      0.4118601141290184,
      0.510873838186981,
      0.5826105004081323,
      0.27011664319023415,
      0.42855459333235807,
      0.4698372564970031,
      0.4778851358857976,
      0.47317624149900467,
      0.5777373511866608,
      0.4357967633897689,
      0.5606378326196697
    ],
    "schwartzberg": [
      1.3663163005893881,
      1.562735744231755,
      1.3463569663396817,
      1.3521132535617706,
      1.985731694979593,
      1.6670333984222845,
      1.494645991552524,
      1.782715962429689,
      1.6959702107968384,
      1.6402902537082815,
      1.5829156563268623,
      1.4661827787130945
    ],
    "convex_hull_ratio": [
      0.9248580025362545,
      0.8986783347845059,
      0.9121776979920979,
      0.9425320618709112,
      0.8263145492531092,
      0.8947570380214458,
      0.9024957963589528,
      0.8176644869978834,
      0.7996704726267311,
      0.8731068127837528,
      0.914615163562196,
      0.9102198715559745
    ]
  },
  "runtime_seconds": 107.5486170419972,
  "seed": 42,
  "districtmaker_version": "0.1.0",
  "generated_at": "2026-05-14T18:38:15.777283+00:00"
}