{
  "state": "CT",
  "state_name": "Connecticut",
  "algorithm": "metis",
  "districts": 5,
  "total_internal_boundary_km": 342.10203878641886,
  "population": {
    "ideal": 721188.8,
    "per_district": [
      720742,
      721699,
      721116,
      718312,
      724075
    ],
    "deviations_pct": [
      -0.061953263833277296,
      0.07074430440405527,
      -0.010094444062365716,
      -0.398896932398291,
      0.40020033588984655
    ],
    "max_abs_deviation_pct": 0.40020033588984655,
    "range_pct": 0.7990972682881375
  },
  "compactness": {
    "polsby_popper": [
      0.5006620086150824,
      0.6522061322414482,
      0.5158212548587995,
      0.5302389122463596,
      0.5926622508285828
    ],
    "reock": [
      0.46078610362924544,
      0.5648629725628546,
      0.5325074796440095,
      0.5134159055663636,
      0.5478126129282757
    ],
    "schwartzberg": [
      1.4132782694667738,
      1.238247788676045,
      1.3923562966716025,
      1.3732961486365354,
      1.2989617625639995
    ],
    "convex_hull_ratio": [
      0.9027283674567288,
      0.9335380828980403,
      0.8222279223008118,
      0.9030840199528927,
      0.934413542467125
    ]
  },
  "runtime_seconds": 5.152862749997439,
  "seed": 42,
  "districtmaker_version": "0.1.0",
  "generated_at": "2026-05-14T17:35:38.419455+00:00"
}