{
  "state": "TX",
  "state_name": "Texas",
  "algorithm": "metis+kl",
  "districts": 38,
  "total_internal_boundary_km": 7823.8093146475285,
  "population": {
    "ideal": 766986.9736842106,
    "per_district": [
      767168,
      768767,
      767839,
      765231,
      763767,
      764631,
      763268,
      770747,
      764231,
      764107,
      767509,
      765547,
      767638,
      763517,
      769814,
      770006,
      770807,
      767068,
      770819,
      770787,
      770618,
      770821,
      763716,
      770372,
      765308,
      766837,
      763796,
      766993,
      770250,
      767169,
      763215,
      769852,
      763453,
      764185,
      768280,
      767921,
      765606,
      763845
    ],
    "deviations_pct": [
      0.023602267313599826,
      0.2320803842650817,
      0.11108745585296463,
      -0.22894439468453676,
      -0.41982116967951455,
      -0.3071725811578883,
      -0.4848809447631853,
      0.4902333996271418,
      -0.359324705473456,
      -0.375491864011282,
      0.06806195329262128,
      -0.18774421647523828,
      0.08488101338439187,
      -0.45241624737674435,
      0.36858856966108017,
      0.39362158933255265,
      0.498056218274477,
      0.0105642362347079,
      0.499620782003944,
      0.4954486120586986,
      0.4734143395353712,
      0.4998815426255218,
      -0.4264705655297494,
      0.4413407830812971,
      -0.21890511075378996,
      -0.019553615557532444,
      -0.41604014066663586,
      0.000785712925538957,
      0.42543438516504894,
      0.023732647624388745,
      -0.4917911012349979,
      0.3735430214710591,
      -0.4607605872672352,
      -0.3653221997697463,
      0.16858517291087802,
      0.12177864133765602,
      -0.18005177813869205,
      -0.40965150543797885
    ],
    "max_abs_deviation_pct": 0.4998815426255218,
    "range_pct": 0.9916726438605197
  },
  "compactness": {
    "polsby_popper": [
      0.4399961250810188,
      0.3569432796454171,
      0.4447831811414669,
      0.39598948134337286,
      0.48121061362803713,
      0.42153812697058,
      0.3418716408759407,
      0.30628144541206637,
      0.40430145412895957,
      0.26377724896755816,
      0.46585496860010733,
      0.4133175544418233,
      0.260495979175428,
      0.34491348326374965,
      0.4696088393226076,
      0.4881079584981458,
      0.4684390206064495,
      0.4485666460984275,
      0.49132818590410676,
      0.4498025387578491,
      0.40983678246901084,
      0.4797021477341909,
      0.43941113485215005,
      0.2969023467609409,
      0.33778662202169774,
      0.39855314980225814,
      0.47568443206028893,
      0.3587466070699851,
      0.605636108467256,
      0.5237915485645485,
      0.3669563115913644,
      0.31210355075688256,
      0.2610262955512492,
      0.4581314974900127,
      0.40241978441753884,
      0.5006496104230928,
      0.4512130915370249,
      0.495093072309876
    ],
    "reock": [
      0.5545929311674965,
      0.49069922736252597,
      0.5624934785861302,
      0.540390601663665,
      0.5724423677785422,
      0.5097808925416879,
      0.4042519406101246,
      0.5676921106034052,
      0.5597854259525056,
      0.4508869817692519,
      0.5739971351746347,
      0.3910063095864514,
      0.3159978264584863,
      0.5898167773617897,
      0.45563728203832266,
      0.5913105679111884,
      0.5541840268312197,
      0.6060557959946674,
      0.6051914698419313,
      0.5012355008854046,
      0.3735492340425745,
      0.640177012589944,
      0.5753190520524186,
      0.498389150836639,
      0.47567260064209393,
      0.5055611130131997,
      0.5538829903911554,
      0.34907496731394605,
      0.5088426151116392,
      0.4955569293998273,
      0.597629611240694,
      0.36650287086796846,
      0.35248951667519995,
      0.5862736122102962,
      0.5279640395368551,
      0.617319245964698,
      0.5486913568491575,
      0.5042551360998848
    ],
    "schwartzberg": [
      1.5075633611828465,
      1.6737877889514028,
      1.499428708363725,
      1.5891254209341208,
      1.4415589314173367,
      1.5402157824631564,
      1.7102849015369992,
      1.8069230417596354,
      1.5727052926590503,
      1.9470689572703845,
      1.4651248486196462,
      1.5554572319647717,
      1.9592934556999184,
      1.7027265739561699,
      1.4592572797442298,
      1.4313375196948601,
      1.4610782233245796,
      1.4930918026459719,
      1.4266392246797626,
      1.4910391569437036,
      1.5620485689952035,
      1.4438237072417683,
      1.508566540709093,
      1.8352413459107864,
      1.7205954784702655,
      1.584006199946839,
      1.449908282857939,
      1.6695756374045716,
      1.2849733478707386,
      1.381722267469872,
      1.650793761808974,
      1.7899901667338143,
      1.9573021358491272,
      1.4774232333527115,
      1.5763779011394583,
      1.4132957687182222,
      1.4887067382332888,
      1.4212045044223724
    ],
    "convex_hull_ratio": [
      0.8715243617858879,
      0.7801066797968466,
      0.8531830730699115,
      0.8050594553965946,
      0.8924580889273073,
      0.8105608465883961,
      0.7604399902910146,
      0.8288135679637172,
      0.8570444809148173,
      0.7677914533482406,
      0.9074351955691641,
      0.7965739257865567,
      0.7422116667224173,
      0.8782820162011368,
      0.839877691108488,
      0.8576762077500105,
      0.8467715672163522,
      0.8701925753922254,
      0.9092817232157767,
      0.8639564656517061,
      0.81658251885913,
      0.8726418549862851,
      0.8503163040420378,
      0.7915840594016508,
      0.8830585602274843,
      0.8506243429156253,
      0.8575663400043113,
      0.771311623828529,
      0.9483556530384329,
      0.9057941160709977,
      0.8342959814445275,
      0.8289490783979622,
      0.7825846744024264,
      0.8505061956027552,
      0.8421342007198316,
      0.8832657123692951,
      0.8345409459888885,
      0.9184255245323071
    ]
  },
  "runtime_seconds": 225.73233508299745,
  "seed": 44,
  "districtmaker_version": "0.1.0",
  "generated_at": "2026-05-15T19:21:24.790547+00:00"
}