{
  "state": "VA",
  "state_name": "Virginia",
  "algorithm": "metis",
  "districts": 11,
  "total_internal_boundary_km": 1598.673457392295,
  "population": {
    "ideal": 784672.0909090909,
    "per_district": [
      787837,
      782243,
      781652,
      782963,
      784902,
      787799,
      784789,
      787848,
      785648,
      782214,
      783498
    ],
    "deviations_pct": [
      0.40334161588980655,
      -0.30956764452737057,
      -0.3848857304956494,
      -0.2178095702512949,
      0.02930002144497013,
      0.39849882863634695,
      0.014899101454419358,
      0.4047434753579132,
      0.1243715817365708,
      -0.3132634558523792,
      -0.14962822339337753
    ],
    "max_abs_deviation_pct": 0.4047434753579132,
    "range_pct": 0.7896292058535626
  },
  "compactness": {
    "polsby_popper": [
      0.47665569749104236,
      0.3923666419035232,
      0.3977845257222925,
      0.41392532115298086,
      0.2988964079202492,
      0.442153962697341,
      0.5580106143876108,
      0.36075264814074665,
      0.28052959685104706,
      0.3921548592599957,
      0.39487705918639476
    ],
    "reock": [
      0.42775316306331534,
      0.31640206795664616,
      0.40274326285337686,
      0.4925995368655545,
      0.45746749252431246,
      0.39019176115581455,
      0.5865860588899394,
      0.4560560713909871,
      0.224461960094637,
      0.5365521713616397,
      0.46282873730917545
    ],
    "schwartzberg": [
      1.4484303146766848,
      1.5964450007230664,
      1.5855358192029982,
      1.5543148732478598,
      1.829109275598967,
      1.5038801920775224,
      1.3386861491868671,
      1.66492715271279,
      1.8880376749614125,
      1.596876021401923,
      1.5913622374574339
    ],
    "convex_hull_ratio": [
      0.8958849873101534,
      0.7176312072005433,
      0.7933550147090603,
      0.8213873384712815,
      0.7346840362531204,
      0.893490262881637,
      0.9224535448590722,
      0.7339612989396471,
      0.8347282516583252,
      0.8649514737333188,
      0.8229382186049046
    ]
  },
  "runtime_seconds": 27.18242879200261,
  "seed": 42,
  "districtmaker_version": "0.1.0",
  "generated_at": "2026-05-14T18:29:15.786565+00:00"
}