{
  "state": "IA",
  "state_name": "Iowa",
  "algorithm": "splitline-realized",
  "districts": 4,
  "total_internal_boundary_km": 1056.159356705943,
  "population": {
    "ideal": 797592.25,
    "per_district": [
      797539,
      797577,
      797749,
      797504
    ],
    "deviations_pct": [
      -0.006676343708204286,
      -0.0019120045361524013,
      0.019652899084714025,
      -0.011064550840357339
    ],
    "max_abs_deviation_pct": 0.019652899084714025,
    "range_pct": 0.030717449925071364
  },
  "compactness": {
    "polsby_popper": [
      0.48134505061005145,
      0.4194610586382415,
      0.4571731888677083,
      0.4572872031441807
    ],
    "reock": [
      0.4473846467952468,
      0.4937930342898418,
      0.46658086857944736,
      0.5665371062549807
    ],
    "schwartzberg": [
      1.4413576076834451,
      1.5440244588645264,
      1.4789708812505014,
      1.4787864956983385
    ],
    "convex_hull_ratio": [
      0.9211894639267881,
      0.8759376162997446,
      0.9612151199246286,
      0.9657609486633779
    ]
  },
  "runtime_seconds": 74.63140391699926,
  "seed": 42,
  "districtmaker_version": "0.1.0",
  "generated_at": "2026-05-14T15:10:51.390421+00:00"
}