{
  "state": "IL",
  "state_name": "Illinois",
  "algorithm": "splitline-realized",
  "districts": 17,
  "total_internal_boundary_km": 2385.896755332182,
  "population": {
    "ideal": 753676.9411764706,
    "per_district": [
      753662,
      753374,
      753565,
      753918,
      753506,
      753655,
      753586,
      753452,
      753849,
      753720,
      753781,
      753767,
      753709,
      753729,
      753881,
      753685,
      753669
    ],
    "deviations_pct": [
      -0.001982437786577248,
      -0.040195096853795,
      -0.014852673652966561,
      0.031984370273171865,
      -0.022680961447986866,
      -0.002911217694461013,
      -0.012066333929315266,
      -0.029845835023090194,
      0.022829254038317613,
      0.005713167164459661,
      0.013806820647446755,
      0.011949260831679225,
      0.004253655880642316,
      0.0069073127603102155,
      0.027075105045786252,
      0.0010692676250408364,
      -0.0010536578786934832
    ],
    "max_abs_deviation_pct": 0.040195096853795,
    "range_pct": 0.07217946712696686
  },
  "compactness": {
    "polsby_popper": [
      0.6091766041014791,
      0.24119540699002107,
      0.2545410402481124,
      0.26777870069535453,
      0.3945405478462973,
      0.3930510931764669,
      0.36372562687338794,
      0.3260668474989529,
      0.21933839295034407,
      0.35148304012762477,
      0.3165948229702113,
      0.4673275644475951,
      0.6037648880631125,
      0.4863000415004511,
      0.23300714035039938,
      0.41178233983235535,
      0.38692698815022364
    ],
    "reock": [
      0.6009021688032351,
      0.2489428919566043,
      0.3424674435557678,
      0.42220987300107155,
      0.4018706309644878,
      0.4908389838098095,
      0.372924497063009,
      0.3665013737587485,
      0.3188413397391034,
      0.4671589243566026,
      0.5388397693344337,
      0.5352363422155029,
      0.7063484275142776,
      0.6263788433929225,
      0.3785256485724082,
      0.44167434154189655,
      0.2969491889164062
    ],
    "schwartzberg": [
      1.2812338148318658,
      2.036176792805855,
      1.9820796045004616,
      1.9324665490049262,
      1.5920407447789984,
      1.5950543864452706,
      1.6581088964351185,
      1.7512440699449185,
      2.135220209989952,
      1.6867387138562264,
      1.7772482511616667,
      1.4628146498757144,
      1.2869630364581481,
      1.4339956921832453,
      2.071645233330968,
      1.5583540768092128,
      1.607627729470971
    ],
    "convex_hull_ratio": [
      0.9545678441263006,
      0.8677327752724484,
      0.9025151391506732,
      0.9170120911357474,
      0.9541926652661656,
      0.9009428727098672,
      0.939204602097357,
      0.9090027169138555,
      0.8857388650795814,
      0.9462467024807946,
      0.8342890858796451,
      0.9763844547058022,
      0.9690160269716642,
      0.9666140491391838,
      0.9140886977220265,
      0.9011709855814679,
      0.9512574784081812
    ]
  },
  "runtime_seconds": 329.4185440420006,
  "seed": 42,
  "districtmaker_version": "0.1.0",
  "generated_at": "2026-05-14T21:10:53.078329+00:00"
}