{
  "state": "NM",
  "state_name": "New Mexico",
  "algorithm": "metis+kl",
  "districts": 3,
  "total_internal_boundary_km": 804.6746982887522,
  "population": {
    "ideal": 705840.6666666666,
    "per_district": [
      707285,
      707277,
      702960
    ],
    "deviations_pct": [
      0.2046259731894222,
      0.20349257292250644,
      -0.4081185461119121
    ],
    "max_abs_deviation_pct": 0.4081185461119121,
    "range_pct": 0.6127445193013343
  },
  "compactness": {
    "polsby_popper": [
      0.48233371910275696,
      0.45614674018770385,
      0.6130609814029399
    ],
    "reock": [
      0.6154080080099434,
      0.38573351088283847,
      0.5275566275680287
    ],
    "schwartzberg": [
      1.4398796311433748,
      1.4806339805470077,
      1.2771683922525225
    ],
    "convex_hull_ratio": [
      0.8376307321324894,
      0.8955970743269428,
      0.9583231385914046
    ]
  },
  "runtime_seconds": 16.686477499999455,
  "seed": 42,
  "districtmaker_version": "0.1.0",
  "generated_at": "2026-05-14T14:56:56.775908+00:00"
}