{
  "state": "TX",
  "state_name": "Texas",
  "algorithm": "metis+kl",
  "districts": 38,
  "total_internal_boundary_km": 8563.227640330068,
  "population": {
    "ideal": 766986.9736842106,
    "per_district": [
      768427,
      767910,
      765235,
      766739,
      766978,
      766428,
      767207,
      767627,
      768161,
      770639,
      770819,
      765247,
      769730,
      764402,
      765809,
      766061,
      769827,
      763245,
      768044,
      763159,
      764210,
      768878,
      764557,
      770809,
      770377,
      764877,
      763851,
      763153,
      764576,
      763311,
      768535,
      765382,
      767031,
      770790,
      770821,
      764157,
      770791,
      767705
    ],
    "deviations_pct": [
      0.18775107859684914,
      0.1203444579189779,
      -0.22842287344138107,
      -0.03233088601484653,
      -0.0011699917362948317,
      -0.07287916267020042,
      0.028687099434367678,
      0.08344682996571376,
      0.15306991592699662,
      0.4761523260619386,
      0.499620782003944,
      -0.22685830971191406,
      0.3576366235548109,
      -0.3370296723285508,
      -0.15358457504854145,
      -0.12072873672973378,
      0.3702835137013361,
      -0.4878796919113304,
      0.1378154195646931,
      -0.4990923986391774,
      -0.36206269200002333,
      0.24655259876265176,
      -0.31682072415626833,
      0.4983169788960548,
      0.4419926846352417,
      -0.2750990247038142,
      -0.40886922357324534,
      -0.49987468050391093,
      -0.3143434982512789,
      -0.4792745913992617,
      0.20183215216205241,
      -0.20925696775540994,
      0.005740164735517889,
      0.4958397529910653,
      0.4998815426255218,
      -0.36897284847183603,
      0.4959701333018543,
      0.09361649420724946
    ],
    "max_abs_deviation_pct": 0.4998815426255218,
    "range_pct": 0.9997562231294328
  },
  "compactness": {
    "polsby_popper": [
      0.2707639500518409,
      0.4034548977720546,
      0.44402381480551933,
      0.3479009689157912,
      0.4517774319668623,
      0.4376000552922646,
      0.3891056520017869,
      0.3491421509701257,
      0.4166140890388561,
      0.43613236445032916,
      0.29499697740973063,
      0.31263433039567845,
      0.2981063387868377,
      0.3893896185446434,
      0.40081810737569323,
      0.2529407473259634,
      0.38261738462041517,
      0.4448872938908033,
      0.2779466555440568,
      0.28310689179123844,
      0.1491137378803681,
      0.35200812321775077,
      0.3938041309709288,
      0.31228301405473113,
      0.29944771156550776,
      0.40475562775475,
      0.23477976414482954,
      0.2340872046631324,
      0.38917717624616116,
      0.4523011322748662,
      0.3421759294544646,
      0.2853595413894101,
      0.3005457455214285,
      0.2688404780384641,
      0.35076985246952563,
      0.35057801228259566,
      0.35290651690826147,
      0.4055067284984152
    ],
    "reock": [
      0.45486473060004384,
      0.5607365467972558,
      0.5459761760946084,
      0.4878736575058357,
      0.696171797529722,
      0.5394626489420964,
      0.6863966357446685,
      0.489890260181574,
      0.46344002808951856,
      0.53148319972968,
      0.5649247757509657,
      0.5056815874547469,
      0.4238102104993813,
      0.5835524810886085,
      0.5421016992248969,
      0.2954004003484959,
      0.4737764689469894,
      0.6514632046122298,
      0.39259586090224824,
      0.5812935299430397,
      0.30866709349399685,
      0.39468516700520007,
      0.5070634406492275,
      0.5479766110944416,
      0.32279250086437383,
      0.5220580390964608,
      0.4065980949850913,
      0.3527040692021573,
      0.4863602513094606,
      0.5920258099590865,
      0.595807948812421,
      0.5426635075183487,
      0.5458936513452187,
      0.3650351842765211,
      0.4602031536540234,
      0.48270870299448404,
      0.5731199574064996,
      0.5741847071641727
    ],
    "schwartzberg": [
      1.9217840269959887,
      1.5743544063546921,
      1.5007103167471867,
      1.6954000079706724,
      1.4877766343029812,
      1.511685042388953,
      1.603120731292369,
      1.6923837958638546,
      1.5492910912272662,
      1.5142264988406644,
      1.8411586681399175,
      1.788470029880695,
      1.8315315094790123,
      1.6025360782145024,
      1.5795243794775762,
      1.9883397797320916,
      1.6166561198400886,
      1.4992532495658577,
      1.8967900974951537,
      1.8794240463343252,
      2.5896505954449647,
      1.6854802080845896,
      1.5935286139866218,
      1.7894757556234282,
      1.8274247424888603,
      1.5718226838685265,
      2.0638097934897672,
      2.066860484429246,
      1.6029734111581628,
      1.486915068089016,
      1.7095242753979074,
      1.871991191279701,
      1.824083469915545,
      1.9286466645278733,
      1.6884525874663425,
      1.6889144943010095,
      1.6833334785252534,
      1.5703663031211923
    ],
    "convex_hull_ratio": [
      0.7534343595828761,
      0.8368420911545742,
      0.8671928366338211,
      0.796777075454437,
      0.8727114241654511,
      0.8276745291245778,
      0.867742527833548,
      0.7905860933222487,
      0.8617999072454882,
      0.8839436882406096,
      0.8261379207416182,
      0.7607558526368003,
      0.7733310700432418,
      0.8648434354747397,
      0.8247870906963756,
      0.7114555293019811,
      0.8689471791988443,
      0.8616577020234362,
      0.798881465250215,
      0.8042817620239258,
      0.6894460454021087,
      0.8083052994441989,
      0.8571531330538921,
      0.7979726868028421,
      0.7066993889359132,
      0.8955322072963705,
      0.7597201510466286,
      0.7719762517500183,
      0.7874706437480402,
      0.8653721212385382,
      0.8305804165192489,
      0.790129075909404,
      0.8058940032153863,
      0.6487225951536597,
      0.776035542848239,
      0.8952168965665342,
      0.8355457765948724,
      0.8411086917354103
    ]
  },
  "runtime_seconds": 355.6560614579939,
  "seed": 48,
  "districtmaker_version": "0.1.0",
  "generated_at": "2026-05-15T19:23:48.716694+00:00"
}