{
  "state": "TX",
  "state_name": "Texas",
  "algorithm": "metis+kl",
  "districts": 38,
  "total_internal_boundary_km": 7263.7864526997055,
  "population": {
    "ideal": 766986.9736842106,
    "per_district": [
      770319,
      766442,
      764398,
      765189,
      769722,
      766251,
      767502,
      769204,
      770466,
      765307,
      764110,
      764005,
      768968,
      764175,
      768349,
      765163,
      766371,
      770704,
      770817,
      767862,
      763272,
      768177,
      763164,
      765229,
      767341,
      770550,
      770348,
      768229,
      763491,
      763189,
      769375,
      763265,
      769848,
      764975,
      770790,
      763709,
      766557,
      768672
    ],
    "deviations_pct": [
      0.4344306266094844,
      -0.07105383831915554,
      -0.3375511935717065,
      -0.2344203677376714,
      0.3565935810684996,
      -0.09595647767983913,
      0.06714929111709886,
      0.2890565800798394,
      0.4535965322954555,
      -0.2190354910645789,
      -0.37510072307891523,
      -0.38879065571175175,
      0.2582868267336545,
      -0.36662600287763547,
      0.17758141435531347,
      -0.23781025581818327,
      -0.08031084038516882,
      0.48462704626321834,
      0.4993600213823662,
      0.11408620300110979,
      -0.48435942352002953,
      0.15515600089961934,
      -0.49844049708523286,
      -0.22920515530611457,
      0.04615806108008286,
      0.4645484784017247,
      0.4382116556223631,
      0.16193577706064313,
      -0.4558061354572563,
      -0.4951809893155098,
      0.3113516132247446,
      -0.485272085695552,
      0.3730215002279034,
      -0.26232175424650006,
      0.4958397529910653,
      -0.4273832277052718,
      -0.05606010257842983,
      0.21969425474013438
    ],
    "max_abs_deviation_pct": 0.4993600213823662,
    "range_pct": 0.9978005184675991
  },
  "compactness": {
    "polsby_popper": [
      0.43521687797749914,
      0.4857302818488829,
      0.47695749644636665,
      0.48597667903124664,
      0.4804244131940499,
      0.48134818578803124,
      0.2935443424830583,
      0.4795018679412678,
      0.2999423686080426,
      0.48587302977845165,
      0.5054262346427031,
      0.43049682729451644,
      0.4994085269786468,
      0.38797571546570114,
      0.6378625720046501,
      0.4477473744139298,
      0.34849462290785105,
      0.31376493841380954,
      0.4626186638745888,
      0.4179122950958194,
      0.3575325737149332,
      0.4740855078466155,
      0.4243078220408677,
      0.43454723239105436,
      0.4542685183889772,
      0.3555879604027165,
      0.3503615170183641,
      0.33800937213021653,
      0.5520960695217043,
      0.42281312484902733,
      0.443292020832831,
      0.3955630025641538,
      0.43815138936050385,
      0.5047967474556327,
      0.4716364477812905,
      0.4029113029443898,
      0.4429009623226106,
      0.3152888054562498
    ],
    "reock": [
      0.4618812243891418,
      0.47800883326603605,
      0.5152967632130747,
      0.5064879476173241,
      0.6151572599027326,
      0.46380023892899896,
      0.442853202053862,
      0.5320108680497643,
      0.35423944595739365,
      0.5797668306816314,
      0.6405945484226665,
      0.49741600121778823,
      0.46341335836679176,
      0.4085127429363634,
      0.5357744151711429,
      0.5094566566261244,
      0.5300938544487842,
      0.5397313593072349,
      0.5169747300325767,
      0.4798991168845561,
      0.3676482169089002,
      0.5968959251315339,
      0.561992368299828,
      0.5163802591097737,
      0.41595806522695256,
      0.4369542385015619,
      0.6361956531295099,
      0.5057188236334953,
      0.6163033545527572,
      0.5205465342602593,
      0.5155354438367598,
      0.336512403038469,
      0.5637215229422601,
      0.5941138712280492,
      0.543099181193521,
      0.4788146130809998,
      0.4636270973271057,
      0.39846853729145604
    ],
    "schwartzberg": [
      1.5158182634411228,
      1.43483648126188,
      1.4479719887973699,
      1.434472693753978,
      1.4427379836575636,
      1.4413529136593224,
      1.8457086293593155,
      1.4441252060924754,
      1.8259172503622587,
      1.434625690612384,
      1.4066016083917126,
      1.5241054723956318,
      1.4150507743974248,
      1.6054534903250195,
      1.2520925749664056,
      1.494457180595685,
      1.6939553515649808,
      1.7852448712529072,
      1.4702406460660309,
      1.546882854484913,
      1.672407830790297,
      1.4523512409470158,
      1.5351806261709242,
      1.5169857662788515,
      1.48369174296045,
      1.6769745662814628,
      1.6894362204396591,
      1.7200284439069284,
      1.345837646129203,
      1.537891759839385,
      1.5019485049509507,
      1.5899818530186396,
      1.5107336522598647,
      1.4074783591122344,
      1.4561171605775411,
      1.5754160822650602,
      1.5026114298507773,
      1.780925385558871
    ],
    "convex_hull_ratio": [
      0.8667106309089796,
      0.872795848820922,
      0.8912298152170859,
      0.8842527535222279,
      0.8540692126745223,
      0.8777318484179334,
      0.8704681811502155,
      0.8324306538645277,
      0.8356532495349817,
      0.8953580031863225,
      0.8923881464761382,
      0.8493751969136206,
      0.8878528049720482,
      0.818256291750742,
      0.9664235573733836,
      0.8607829983268397,
      0.8379735163506563,
      0.7536208598380145,
      0.88419682872686,
      0.8313161112452543,
      0.7873529164648885,
      0.8815654672495383,
      0.8326457774788748,
      0.8448154033277185,
      0.8662116589789371,
      0.7478746012505009,
      0.9039065417336949,
      0.7964437787188062,
      0.8996847944737638,
      0.8778141088593752,
      0.8241269270152469,
      0.8274603052199144,
      0.8210645628027881,
      0.8829204792464422,
      0.8727312243189862,
      0.8277593692857194,
      0.8688225715214402,
      0.7777196771715614
    ]
  },
  "runtime_seconds": 213.74641254299786,
  "seed": 45,
  "districtmaker_version": "0.1.0",
  "generated_at": "2026-05-15T19:21:17.337429+00:00"
}