{
  "state": "NY",
  "state_name": "New York",
  "algorithm": "metis",
  "districts": 26,
  "total_internal_boundary_km": 2211.797793194286,
  "population": {
    "ideal": 776971.1153846154,
    "per_district": [
      779844,
      775067,
      777296,
      773947,
      774767,
      780014,
      774509,
      777670,
      780115,
      774694,
      774215,
      776936,
      774094,
      776103,
      779263,
      780105,
      774138,
      777569,
      776967,
      775455,
      780116,
      773869,
      776015,
      778257,
      780113,
      780111
    ],
    "deviations_pct": [
      0.369754365188015,
      -0.24506900538674498,
      0.041814246237944164,
      -0.38921850822194093,
      -0.2836804793604582,
      0.39163420043978586,
      -0.31688634697785156,
      0.08994988379183996,
      0.4046333966776027,
      -0.29307593802739507,
      -0.3547255914720905,
      -0.004519522530511688,
      -0.37029888597482147,
      -0.1117307152641887,
      0.2949768105922571,
      0.40334634754514553,
      -0.3646358697920102,
      0.07695068755402319,
      -0.0005296702198946568,
      -0.19513149904740923,
      0.4047621015908483,
      -0.39925749145510636,
      -0.12305674762981124,
      0.16549966786707215,
      0.4043759868511112,
      0.4041185770246198
    ],
    "max_abs_deviation_pct": 0.4047621015908483,
    "range_pct": 0.8040195930459546
  },
  "compactness": {
    "polsby_popper": [
      0.47299153104018127,
      0.5058871053822589,
      0.5167834312938022,
      0.4959191316279497,
      0.4738791956063133,
      0.409997521496163,
      0.5369584025077494,
      0.3428935376568943,
      0.426644664632972,
      0.44637588120664967,
      0.5041850343735893,
      0.4973406263089692,
      0.49680929034113985,
      0.4462233562708655,
      0.37543559625525325,
      0.4472173698660196,
      0.5672776153443514,
      0.40160837821610373,
      0.5046026696290871,
      0.4655733200551935,
      0.5938591343829677,
      0.5261813626019017,
      0.5115636075418944,
      0.44365270095611936,
      0.5212807980975885,
      0.3680853022136304
    ],
    "reock": [
      0.6308102338764658,
      0.5141190288150714,
      0.44513906247640905,
      0.6090419725972346,
      0.5059475065705255,
      0.4322367097800351,
      0.6936320619249643,
      0.35445379654562076,
      0.38609673483679247,
      0.6280135671443189,
      0.4950371805289721,
      0.5215410830897492,
      0.34487801195297574,
      0.49750348854538967,
      0.28796410170220493,
      0.5277237493241728,
      0.6294148624704649,
      0.44313731069660867,
      0.5032996946063051,
      0.5382938304580347,
      0.48644807395976336,
      0.510931921005652,
      0.5858195979963473,
      0.6053128577537202,
      0.5639508958013159,
      0.4003576526202013
    ],
    "schwartzberg": [
      1.4540298343544555,
      1.4059607448196774,
      1.3910595091814628,
      1.4200203511571303,
      1.4526673607881644,
      1.5617423393619514,
      1.3646763920483431,
      1.7077344907768996,
      1.5309705637319009,
      1.496751285172241,
      1.4083319266283372,
      1.4179895540678455,
      1.4187476191110457,
      1.4970070678262617,
      1.6320455530504019,
      1.4953424710843846,
      1.327706791084565,
      1.5779695479574978,
      1.4077490018346526,
      1.4655679452003982,
      1.297652116872522,
      1.378580938858845,
      1.3981384499410408,
      1.5013378548660576,
      1.3850458049626624,
      1.6482601616231587
    ],
    "convex_hull_ratio": [
      0.8519921047483748,
      0.8466283198958013,
      0.863344560775501,
      0.8645667852274649,
      0.8822952713558806,
      0.7721728514252296,
      0.8885051842343237,
      0.772331087509236,
      0.8101909006064796,
      0.8187534663539121,
      0.8674236413612022,
      0.8521195105131937,
      0.9234448833785575,
      0.809083916177295,
      0.82391850339366,
      0.8678081762491098,
      0.9050443659329683,
      0.7529317006846854,
      0.8856860486186814,
      0.8412030336207019,
      0.9507172518174792,
      0.8962671038120712,
      0.8985107397338972,
      0.806995311539114,
      0.9055946522348424,
      0.770163235077357
    ]
  },
  "runtime_seconds": 30.332965333000175,
  "seed": 42,
  "districtmaker_version": "0.1.0",
  "generated_at": "2026-05-14T22:24:01.526186+00:00"
}