{
  "state": "WI",
  "state_name": "Wisconsin",
  "algorithm": "metis",
  "districts": 8,
  "total_internal_boundary_km": 1614.9797944769368,
  "population": {
    "ideal": 736714.75,
    "per_district": [
      739692,
      735987,
      736482,
      734894,
      736621,
      739074,
      735310,
      735658
    ],
    "deviations_pct": [
      0.40412520585477624,
      -0.0987831450368002,
      -0.031592960504727235,
      -0.24714450199347848,
      -0.012725413737135031,
      0.3202392784995821,
      -0.1906775994372313,
      -0.14344086364498607
    ],
    "max_abs_deviation_pct": 0.40412520585477624,
    "range_pct": 0.6512697078482548
  },
  "compactness": {
    "polsby_popper": [
      0.4015748846504344,
      0.5038818551282737,
      0.44690601586944106,
      0.44290822290373877,
      0.5960649294555751,
      0.47409996926692577,
      0.4440653590586485,
      0.5151987731002968
    ],
    "reock": [
      0.4447317048925732,
      0.4158672407691498,
      0.520518439955131,
      0.5665628775735247,
      0.5226936933832865,
      0.41877023838370125,
      0.5812240712383575,
      0.5417484788792553
    ],
    "schwartzberg": [
      1.5780353522778265,
      1.4087555505383793,
      1.4958632738652813,
      1.502599113668397,
      1.2952488487728975,
      1.4523290903213448,
      1.5006401161041378,
      1.3931971903225406
    ],
    "convex_hull_ratio": [
      0.8784530878975875,
      0.8111030293556186,
      0.8456585708451098,
      0.8164571342492996,
      0.9412257111600926,
      0.8782358047378157,
      0.8175992476796299,
      0.894797104786819
    ]
  },
  "runtime_seconds": 26.926082042002236,
  "seed": 42,
  "districtmaker_version": "0.1.0",
  "generated_at": "2026-05-14T17:30:19.995085+00:00"
}