{
  "state": "NE",
  "state_name": "Nebraska",
  "algorithm": "annealing",
  "districts": 3,
  "total_internal_boundary_km": 470.19442282966503,
  "population": {
    "ideal": 653834.6666666666,
    "per_district": [
      653689,
      653979,
      653836
    ],
    "deviations_pct": [
      -0.02227882278088057,
      0.022074897629579978,
      0.0002039251513183973
    ],
    "max_abs_deviation_pct": 0.02227882278088057,
    "range_pct": 0.04435372041046055
  },
  "compactness": {
    "polsby_popper": [
      0.45076625057023156,
      0.2794273379482445,
      0.5923304224180451
    ],
    "reock": [
      0.52491613123494,
      0.33337539461491833,
      0.5203829076704175
    ],
    "schwartzberg": [
      1.4894444269837108,
      1.891757887254806,
      1.299325556192209
    ],
    "convex_hull_ratio": [
      0.8982747086059208,
      0.8658640939365827,
      0.9383424205248132
    ]
  },
  "runtime_seconds": 43.140248542000336,
  "seed": 42,
  "districtmaker_version": "0.1.0",
  "generated_at": "2026-05-14T14:52:01.703569+00:00"
}