{
  "state": "CT",
  "state_name": "Connecticut",
  "algorithm": "splitline-realized",
  "districts": 5,
  "total_internal_boundary_km": 462.2042591071593,
  "population": {
    "ideal": 721188.8,
    "per_district": [
      721175,
      721281,
      721216,
      721177,
      721095
    ],
    "deviations_pct": [
      -0.0019135072535855471,
      0.012784447013036451,
      0.003771550528787113,
      -0.0016361873617624907,
      -0.01300630292650781
    ],
    "max_abs_deviation_pct": 0.01300630292650781,
    "range_pct": 0.025790749939544264
  },
  "compactness": {
    "polsby_popper": [
      0.5497349585338224,
      0.385454806188616,
      0.2952640323557055,
      0.4112762813007297,
      0.3968308739700348
    ],
    "reock": [
      0.6297194088529495,
      0.480809792396554,
      0.3619917624153571,
      0.3793329947665573,
      0.4549518120192448
    ],
    "schwartzberg": [
      1.3487247349782925,
      1.6106948400446508,
      1.8403258512305547,
      1.5593125273329005,
      1.5874398314332296
    ],
    "convex_hull_ratio": [
      0.9722880646975127,
      0.9291169778238351,
      0.9240845930606898,
      0.9221841860000329,
      0.9583740593408094
    ]
  },
  "runtime_seconds": 23.76953020899964,
  "seed": 42,
  "districtmaker_version": "0.1.0",
  "generated_at": "2026-05-14T17:35:38.263704+00:00"
}