{
  "state": "PA",
  "state_name": "Pennsylvania",
  "algorithm": "metis",
  "districts": 17,
  "total_internal_boundary_km": 2291.0772299034884,
  "population": {
    "ideal": 764864.7058823529,
    "per_district": [
      761859,
      761917,
      761879,
      764090,
      764220,
      767953,
      767949,
      766025,
      762072,
      764588,
      763469,
      764603,
      767958,
      767961,
      764810,
      763392,
      767955
    ],
    "deviations_pct": [
      -0.3929722288447722,
      -0.38538918839932623,
      -0.39035738731185976,
      -0.10128665584839446,
      -0.0842901858844639,
      0.4037699862336347,
      0.4032470179270522,
      0.15169926246087978,
      -0.36512416651925517,
      -0.03617710167887581,
      -0.18247748544532433,
      -0.034215970529191515,
      0.40442369661686284,
      0.4048159228467996,
      -0.007152360663548226,
      -0.19254462534703704,
      0.40403147038692594
    ],
    "max_abs_deviation_pct": 0.4048159228467996,
    "range_pct": 0.7977881516915718
  },
  "compactness": {
    "polsby_popper": [
      0.4981454913563474,
      0.5156631727822608,
      0.38848989979043685,
      0.45708791753328465,
      0.537045850035405,
      0.40351703732478283,
      0.44549940663788984,
      0.4963934999874523,
      0.5188633442387272,
      0.45168218160155277,
      0.3731137767574432,
      0.45555009468990953,
      0.5043287543676239,
      0.5782336202632511,
      0.4414237248931812,
      0.45327573317395714,
      0.4476123358163861
    ],
    "reock": [
      0.5181301917564481,
      0.5374838644776831,
      0.38530425717302785,
      0.4667994895207871,
      0.519875517642779,
      0.45716700052557174,
      0.4509212365227227,
      0.5773980464037873,
      0.49610761073444276,
      0.44557837487881374,
      0.434811277741266,
      0.49368590312389427,
      0.6871461786506429,
      0.5829505006339393,
      0.5313347214014633,
      0.5187915679103365,
      0.4775276657692326
    ],
    "schwartzberg": [
      1.4168435519214817,
      1.3925697011959641,
      1.6043906926220515,
      1.479108828387788,
      1.3645652819495717,
      1.5742331804383065,
      1.4982229143279746,
      1.4193416821853626,
      1.3882686124664987,
      1.4879334965874453,
      1.637115639760333,
      1.4816032751873187,
      1.408131244160394,
      1.3150683642910042,
      1.505123596435337,
      1.4853156789550368,
      1.4946825923718052
    ],
    "convex_hull_ratio": [
      0.8458168187140331,
      0.8575697382311572,
      0.8465640112002233,
      0.8546758859176846,
      0.924346405557656,
      0.7890344655548951,
      0.8729893402282027,
      0.889135131673056,
      0.9053721979608753,
      0.8939405579914964,
      0.8138740780655499,
      0.7901671506957945,
      0.8885846841599948,
      0.9361357826792731,
      0.8742810879776814,
      0.8745067897005271,
      0.8947286481626675
    ]
  },
  "runtime_seconds": 35.19127937499434,
  "seed": 42,
  "districtmaker_version": "0.1.0",
  "generated_at": "2026-05-14T21:48:16.293573+00:00"
}