{
  "state": "OK",
  "state_name": "Oklahoma",
  "algorithm": "annealing",
  "districts": 5,
  "total_internal_boundary_km": 1452.727293894213,
  "population": {
    "ideal": 791870.6,
    "per_district": [
      791981,
      791598,
      792136,
      791837,
      791801
    ],
    "deviations_pct": [
      0.013941671783246313,
      -0.03442481637782445,
      0.03351557691370576,
      -0.004243117499245043,
      -0.008789314819867883
    ],
    "max_abs_deviation_pct": 0.03442481637782445,
    "range_pct": 0.0679403932915302
  },
  "compactness": {
    "polsby_popper": [
      0.3154101543644484,
      0.21130547296618157,
      0.46068197108814024,
      0.3600606070232655,
      0.3268743092193784
    ],
    "reock": [
      0.5322785584211787,
      0.22805595902257478,
      0.42203668854828286,
      0.5141968791466641,
      0.2649260618513627
    ],
    "schwartzberg": [
      1.7805827616156487,
      2.175427564601277,
      1.4733278280113897,
      1.6665263903430194,
      1.749079725941026
    ],
    "convex_hull_ratio": [
      0.9160270209509187,
      0.9198753343999282,
      0.9709077464842472,
      0.9218464289703041,
      0.7329589358778605
    ]
  },
  "runtime_seconds": 117.18585516600069,
  "seed": 42,
  "districtmaker_version": "0.1.0",
  "generated_at": "2026-05-14T15:33:28.474453+00:00"
}