{
  "state": "CA",
  "state_name": "California",
  "algorithm": "metis+kl",
  "districts": 52,
  "total_internal_boundary_km": 7946.901869519421,
  "population": {
    "ideal": 760350.4423076923,
    "per_district": [
      763619,
      760513,
      759471,
      764113,
      762396,
      759860,
      757862,
      760199,
      758437,
      762132,
      763244,
      757837,
      757912,
      762869,
      757876,
      759799,
      763518,
      760517,
      758374,
      762053,
      762346,
      764131,
      760517,
      763203,
      756606,
      763556,
      763048,
      763280,
      756621,
      758254,
      758669,
      761235,
      757778,
      763597,
      757186,
      756568,
      756725,
      762931,
      759873,
      757245,
      757071,
      757178,
      760939,
      758182,
      758716,
      763926,
      763403,
      757602,
      758544,
      759069,
      764064,
      763559
    ],
    "deviations_pct": [
      0.42987516156202266,
      0.021379311862353537,
      -0.11566276005878465,
      0.49484520333653537,
      0.2690282767639881,
      -0.06450214011893556,
      -0.32727570988710647,
      -0.019917435338450105,
      -0.25165268555442466,
      0.2343074447225481,
      0.3805557978667954,
      -0.3305636674667883,
      -0.32069979472774285,
      0.3312364341715681,
      -0.3254344536424847,
      -0.07252475661335919,
      0.4165918129401081,
      0.02190538507510263,
      -0.25993833865522287,
      0.22391749877075356,
      0.26245236160462443,
      0.4972125327939063,
      0.02190538507510263,
      0.3751635474361172,
      -0.49246269869032105,
      0.4215895084612245,
      0.3547782104420899,
      0.3852904567815372,
      -0.4904899241425119,
      -0.27572053503769556,
      -0.22114043921497742,
      0.11633552676356446,
      -0.33832324735483743,
      0.4269817588919027,
      -0.4161820828417029,
      -0.49746039421143745,
      -0.4768120206110356,
      0.339390568969179,
      -0.06279240217750101,
      -0.4084225029536538,
      -0.43130668770823927,
      -0.41723422926720105,
      0.07740610902013173,
      -0.28518985286717924,
      -0.21495907896517558,
      0.4702512806405154,
      0.4014672080735718,
      -0.3614704687157974,
      -0.23758022711338647,
      -0.1685331179400683,
      0.488400806480359,
      0.4219840633707863
    ],
    "max_abs_deviation_pct": 0.49746039421143745,
    "range_pct": 0.9946729270053438
  },
  "compactness": {
    "polsby_popper": [
      0.48837140337416085,
      0.31124008402880454,
      0.3572373024836774,
      0.4008629285715198,
      0.4479506689663857,
      0.4399504259726902,
      0.456948057753946,
      0.45989698895372677,
      0.4562777883190834,
      0.332810013360035,
      0.4722055497298292,
      0.35811324101919,
      0.1581088509387121,
      0.23263275473623396,
      0.24798382642004826,
      0.21899141340057338,
      0.23089201623374037,
      0.2355198400681994,
      0.16949702092346197,
      0.28990774345772446,
      0.33892621336863527,
      0.42081920432532965,
      0.24473495984171376,
      0.5069259368357548,
      0.3585964935186049,
      0.2858571606420539,
      0.32610847846765817,
      0.288025797502077,
      0.11020076752136017,
      0.2726615509836294,
      0.2672273369203071,
      0.2068645722939895,
      0.4896056092836538,
      0.38061756573245464,
      0.4519055668725948,
      0.3023113751985553,
      0.3209416072973898,
      0.40031877472887567,
      0.33481588819470093,
      0.3973805865722289,
      0.3855315226595497,
      0.4177170167186184,
      0.47720665683785335,
      0.29866685560388584,
      0.31372514719290145,
      0.399607878842507,
      0.4534322542668024,
      0.21340191470538622,
      0.3550060058272402,
      0.4286418994630276,
      0.45004230047020716,
      0.34939783961299503
    ],
    "reock": [
      0.6689550712021543,
      0.3377551902358473,
      0.4171873167744274,
      0.5465574788926069,
      0.5134260900936929,
      0.5906859427227592,
      0.46182020563757586,
      0.52284677907851,
      0.5489034910827469,
      0.45409537862525223,
      0.5971189751788312,
      0.5350497624412804,
      0.16904204904691694,
      0.39783935678951693,
      0.2895104865657054,
      0.4712756408699291,
      0.13338660605805117,
      0.38663571111695283,
      0.41401504104507975,
      0.37745168102609544,
      0.388548829695692,
      0.5675837874364016,
      0.4382665720652075,
      0.5507414023276515,
      0.5786694040399419,
      0.3857087537333931,
      0.3442614687013595,
      0.36847813635512866,
      0.26812558461846553,
      0.3780486585099615,
      0.12142663055212365,
      0.36236266848791404,
      0.497169092294899,
      0.5217786952729886,
      0.34094330021320035,
      0.3710429798225755,
      0.4417333346587228,
      0.4533577660510382,
      0.40259299854616715,
      0.46639162317484345,
      0.4130623190156414,
      0.5111706995861315,
      0.5403682275327104,
      0.3484127530622764,
      0.28839657636948174,
      0.576417202542929,
      0.5767015619114925,
      0.3788931161530079,
      0.41341444351225815,
      0.643182828402474,
      0.6194761706375117,
      0.4631166805234372
    ],
    "schwartzberg": [
      1.4309514104766357,
      1.7924714127831873,
      1.6730988447447863,
      1.579436072296304,
      1.4941180255247746,
      1.5076416569501772,
      1.4793351692202608,
      1.47458467787002,
      1.4804213378810838,
      1.733412035757563,
      1.4552394401172792,
      1.671051407164139,
      2.514906878898538,
      2.0733115558050064,
      2.008113803947186,
      2.1369111085008345,
      2.08111242398765,
      2.0605646789836825,
      2.4289521831144887,
      1.8572488248465322,
      1.7177004136658818,
      1.5415308644197714,
      2.021398756080592,
      1.4045194047968728,
      1.6699250547989954,
      1.8703611033474992,
      1.751132284574672,
      1.8633065305940817,
      3.0123656753944585,
      1.9150849777430332,
      1.9344591277378427,
      2.1986542529114215,
      1.4291466894369578,
      1.6208976264969017,
      1.4875656946199043,
      1.8187489498436882,
      1.7651718314313634,
      1.5805091725298301,
      1.7282118182184238,
      1.5863414666577251,
      1.6105345769217503,
      1.5472443880898799,
      1.44759392997609,
      1.8298120580069364,
      1.7853580831221738,
      1.5819143978345396,
      1.4850592974367482,
      2.1647155862530276,
      1.6783485196516519,
      1.5273996600618827,
      1.4906419256969357,
      1.6917644409875436
    ],