{
  "name": "metis+kl",
  "status": "ok",
  "total_internal_boundary_km": 7946.901869519421,
  "max_abs_deviation_pct": 0.49746039421143745,
  "runtime_seconds": 243.17674537500716,
  "refine_iterations": 197,
  "refine_improvement_pct": 0.1708453508047166,
  "error": null
}