{
  "state": "SC",
  "state_name": "South Carolina",
  "algorithm": "annealing",
  "districts": 7,
  "total_internal_boundary_km": 1479.4914966786303,
  "population": {
    "ideal": 731203.5714285715,
    "per_district": [
      731607,
      731629,
      731417,
      730107,
      731611,
      731384,
      730670
    ],
    "deviations_pct": [
      0.055173222231441325,
      0.05818196027097496,
      0.02918866643546893,
      -0.14996800773676178,
      0.05572026551135653,
      0.024675559376168464,
      -0.07297166608869621
    ],
    "max_abs_deviation_pct": 0.14996800773676178,
    "range_pct": 0.20814996800773675
  },
  "compactness": {
    "polsby_popper": [
      0.3819726959080427,
      0.4814941570181535,
      0.3168239599571369,
      0.27303807915439793,
      0.32699615986845365,
      0.3334360608971224,
      0.306823265014966
    ],
    "reock": [
      0.497269159177151,
      0.5632927999027826,
      0.5088435666391141,
      0.46906558174122565,
      0.5052504455442567,
      0.310472460675277,
      0.4427593382704978
    ],
    "schwartzberg": [
      1.6180198306030125,
      1.441134414635736,
      1.7766054541854746,
      1.9137640407210517,
      1.7487538102508458,
      1.7317839752024007,
      1.8053269129215552
    ],
    "convex_hull_ratio": [
      0.8862737224048776,
      0.9558952168125123,
      0.89997612185393,
      0.9326763888315102,
      0.9314745944588763,
      0.9439186618761052,
      0.8884841042376256
    ]
  },
  "runtime_seconds": 111.49349566599994,
  "seed": 42,
  "districtmaker_version": "0.1.0",
  "generated_at": "2026-05-14T18:46:49.861734+00:00"
}