{
  "state": "UT",
  "state_name": "Utah",
  "algorithm": "annealing",
  "districts": 4,
  "total_internal_boundary_km": 1169.9971735182894,
  "population": {
    "ideal": 817904.0,
    "per_district": [
      818001,
      817819,
      818047,
      817749
    ],
    "deviations_pct": [
      0.011859582542694497,
      -0.010392417692051879,
      0.017483714470157865,
      -0.018950879320800487
    ],
    "max_abs_deviation_pct": 0.018950879320800487,
    "range_pct": 0.036434593790958356
  },
  "compactness": {
    "polsby_popper": [
      0.24711611364795133,
      0.5884494074729811,
      0.42063586902533173,
      0.4934212387663143
    ],
    "reock": [
      0.27935959086611906,
      0.6301355929621381,
      0.474905092567442,
      0.4740613776871839
    ],
    "schwartzberg": [
      2.0116363161876847,
      1.303603251589724,
      1.5418667680553753,
      1.4236101650877881
    ],
    "convex_hull_ratio": [
      0.8934650795289544,
      0.9896177627569908,
      0.9642513579345979,
      0.9660218747744522
    ]
  },
  "runtime_seconds": 53.13660291699853,
  "seed": 42,
  "districtmaker_version": "0.1.0",
  "generated_at": "2026-05-14T15:24:03.287799+00:00"
}