{
  "state": "TX",
  "state_name": "Texas",
  "algorithm": "metis+kl",
  "districts": 38,
  "total_internal_boundary_km": 8647.862641279495,
  "population": {
    "ideal": 766986.9736842106,
    "per_district": [
      763888,
      767135,
      764344,
      763174,
      767609,
      770407,
      770105,
      765442,
      763752,
      764724,
      764007,
      770637,
      764666,
      766521,
      769748,
      765600,
      765689,
      766519,
      765922,
      770774,
      770250,
      769702,
      765738,
      769318,
      770802,
      770819,
      769146,
      770802,
      763314,
      768681,
      766309,
      764948,
      767813,
      768372,
      764424,
      764280,
      766186,
      763938
    ],
    "deviations_pct": [
      -0.4040451520740553,
      0.01929971705756549,
      -0.3445917303543081,
      -0.49713669397734367,
      0.08109998437151321,
      0.44590409395890923,
      0.40652924010065566,
      -0.20143414910807478,
      -0.4217768743413483,
      -0.2950472122545188,
      -0.3885298950901739,
      0.47589156544036065,
      -0.3026092702802762,
      -0.06075379376683092,
      0.35998346914901147,
      -0.18083406000342556,
      -0.16923021234321173,
      -0.06101455438840877,
      -0.13885159992939355,
      0.4937536680184426,
      0.42543438516504894,
      0.3539859748527212,
      -0.1628415771145547,
      0.3039199355097762,
      0.4974043167205323,
      0.499620782003944,
      0.2814945220540821,
      0.4974043167205323,
      -0.47888345046689496,
      0.22086767753723463,
      -0.0883944196540818,
      -0.26584202263780093,
      0.10769756777245273,
      0.1805801615034586,
      -0.3341613054911946,
      -0.35293607024479895,
      -0.10443119788111888,
      -0.39752613653460933
    ],
    "max_abs_deviation_pct": 0.499620782003944,
    "range_pct": 0.9967574759812876
  },
  "compactness": {
    "polsby_popper": [
      0.36356482997638373,
      0.37119486155638864,
      0.2215827215285031,
      0.2578425437609039,
      0.5543689956780569,
      0.30020385828617513,
      0.29948085340880354,
      0.35881734623793105,
      0.39873887417012255,
      0.39716106820112523,
      0.3835712820000013,
      0.48798351386243194,
      0.18857158780719838,
      0.4060302249374555,
      0.38578363941007904,
      0.3051573932061133,
      0.30376902492517327,
      0.25032553537256325,
      0.23914542304086975,
      0.34706930616193327,
      0.37605997015409165,
      0.4808858110648854,
      0.46571166693022703,
      0.371316421949429,
      0.5768288024380113,
      0.3222796241577143,
      0.31942649988532157,
      0.2688637023607118,
      0.3731461442390806,
      0.5016621269282856,
      0.3007525550536659,
      0.3547349925957411,
      0.3298720873021989,
      0.5225508601848315,
      0.42550330665405117,
      0.3942651425610279,
      0.4524700750074285,
      0.46030259473263097
    ],
    "reock": [
      0.5348551283223483,
      0.4847871975650768,
      0.3059173973653055,
      0.3885225465757973,
      0.5111926592499451,
      0.3524601552621133,
      0.4862585235190665,
      0.46774137335309224,
      0.3893750626835371,
      0.5110701296023528,
      0.47568256632493255,
      0.476403211822418,
      0.32885061511683206,
      0.4977898993653669,
      0.4287606862793828,
      0.4376898421823768,
      0.4117192979902164,
      0.3895484906676795,
      0.39381545233425375,
      0.35339554266902407,
      0.5410227196921681,
      0.7037586228603654,
      0.6382375959732539,
      0.47932591297615484,
      0.7831555967824964,
      0.31718208608149123,
      0.3372861827705072,
      0.4035968783788789,
      0.4103570430936057,
      0.40865088871031896,
      0.47746488403032167,
      0.44057002931212774,
      0.5641914030508192,
      0.615095597060988,
      0.5939355063813765,
      0.5439178073542102,
      0.6456968792395783,
      0.6023056613393789
    ],
    "schwartzberg": [
      1.6584755288346846,
      1.641341771160494,
      2.1243792653820046,
      1.9693491115622264,
      1.343075829055288,
      1.8251218533051787,
      1.827323624338187,
      1.6694110547636296,
      1.5836372582233673,
      1.5867798064365726,
      1.6146446501682872,
      1.431520016558492,
      2.302829960067613,
      1.569353636740366,
      1.6100082338326964,
      1.8102478979452206,
      1.8143800269113877,
      1.998699128810741,
      2.0448853487496392,
      1.697430088632329,
      1.6306901442823105,
      1.4420456821068919,
      1.465350244184928,
      1.641073080535159,
      1.3166687594373168,
      1.7615037649227026,
      1.769353170619863,
      1.9285633649255933,
      1.637044634793007,
      1.4118688042404175,
      1.8234562055480197,
      1.6789895162021684,
      1.741114032555033,
      1.3833616011152678,
      1.5330225046049442,
      1.5925966903170992,
      1.4866374508923645,
      1.4739348532882983
    ],
    "convex_hull_ratio": [
      0.8147378651279185,
      0.8403022308946844,
      0.6791252794754756,
      0.7609108412581043,
      0.9175990368988641,
      0.8585542462349028,
      0.7865562273431739,
      0.8013457236443854,
      0.7836732665968712,
      0.8171860663643483,
      0.8052073802988744,
      0.8742517635091784,
      0.7360919837988213,
      0.820545250477633,
      0.770504935448788,
      0.7297563153682074,
      0.8432069366906675,
      0.7132591890698049,
      0.7658861189750471,
      0.7935274328608101,
      0.8101705208582253,
      0.8825181776295526,
      0.8560307623822713,
      0.8214240292214178,
      0.919775906595559,
      0.7590331069468621,
      0.8221597244644533,
      0.6688170812605502,
      0.7612297556046724,
      0.8909064132370657,
      0.8063932054394756,
      0.7429535943928279,
      0.8911834652183633,
      0.904945911745172,
      0.8171949122248877,
      0.8413367030713731,
      0.860187584783048,
      0.8837580420575846
    ]
  },
  "runtime_seconds": 251.9063150830043,
  "seed": 59,
  "districtmaker_version": "0.1.0",
  "generated_at": "2026-05-15T19:22:43.629576+00:00"
}