{
  "name": "metis+kl",
  "status": "ok",
  "total_internal_boundary_km": 8647.862641279495,
  "max_abs_deviation_pct": 0.499620782003944,
  "runtime_seconds": 251.9063150830043,
  "refine_iterations": 149,
  "refine_improvement_pct": 0.0989249440212949,
  "error": null
}