{
  "state": "KS",
  "state_name": "Kansas",
  "algorithm": "metis",
  "districts": 4,
  "total_internal_boundary_km": 827.5715729758825,
  "population": {
    "ideal": 734470.0,
    "per_district": [
      736254,
      731981,
      737440,
      732205
    ],
    "deviations_pct": [
      0.2428962381036666,
      -0.3388838209865617,
      0.40437322150666466,
      -0.30838563862376955
    ],
    "max_abs_deviation_pct": 0.40437322150666466,
    "range_pct": 0.7432570424932263
  },
  "compactness": {
    "polsby_popper": [
      0.5628112511372886,
      0.4281431115932966,
      0.6142039786392844,
      0.6347334540469824
    ],
    "reock": [
      0.553742506310844,
      0.4421206733751787,
      0.645808589598008,
      0.6174360425699056
    ],
    "schwartzberg": [
      1.332964596115997,
      1.5282891134272887,
      1.2759794714896628,
      1.2551750724432154
    ],
    "convex_hull_ratio": [
      0.9141833355611139,
      0.8860600357904017,
      0.9558438188415674,
      0.9454853648825764
    ]
  },
  "runtime_seconds": 13.81722895799976,
  "seed": 42,
  "districtmaker_version": "0.1.0",
  "generated_at": "2026-05-14T15:17:35.329335+00:00"
}