{
  "state": "MA",
  "state_name": "Massachusetts",
  "algorithm": "metis",
  "districts": 9,
  "total_internal_boundary_km": 596.1311519190886,
  "population": {
    "ideal": 781101.8888888889,
    "per_district": [
      777974,
      784187,
      778091,
      784247,
      780538,
      778677,
      784249,
      782447,
      779507
    ],
    "deviations_pct": [
      -0.40044569516254436,
      0.39496910134216545,
      -0.3854668554408236,
      0.4026505576097145,
      -0.07219146399594595,
      -0.31044463256109406,
      0.4029066061519662,
      0.1722068695832414,
      -0.20418448752666474
    ],
    "max_abs_deviation_pct": 0.4029066061519662,
    "range_pct": 0.8033523013145105
  },
  "compactness": {
    "polsby_popper": [
      0.39146590758631467,
      0.3131035737565032,
      0.4634326919790749,
      0.5598177263868711,
      0.4617521719775856,
      0.5884694821311558,
      0.4902040873991303,
      0.5689403862131328,
      0.6513032321541974
    ],
    "reock": [
      0.40722279822808294,
      0.5250722399490446,
      0.47796995173352197,
      0.6791073487132291,
      0.4844609779282623,
      0.6722114743334897,
      0.46887891610331567,
      0.5170982857642165,
      0.5647899983959408
    ],
    "schwartzberg": [
      1.5982805968153866,
      1.7871293515428057,
      1.468948826081211,
      1.336523738881282,
      1.4716194750046585,
      1.303581016271113,
      1.4282740179756572,
      1.3257652101990836,
      1.2391057813702062
    ],
    "convex_hull_ratio": [
      0.8186874339727522,
      0.8028875051062935,
      0.8106075093207128,
      0.9114544353136184,
      0.8152186168742868,
      0.878101786822094,
      0.8423042571890416,
      0.8929448317992381,
      0.9248876007716192
    ]
  },
  "runtime_seconds": 9.684933207998256,
  "seed": 42,
  "districtmaker_version": "0.1.0",
  "generated_at": "2026-05-14T18:01:36.979673+00:00"
}