{
  "state": "CA",
  "state_name": "California",
  "algorithm": "metis+kl",
  "districts": 52,
  "total_internal_boundary_km": 7794.584527412912,
  "population": {
    "ideal": 760350.4423076923,
    "per_district": [
      759673,
      759042,
      757048,
      763728,
      763871,
      764148,
      761162,
      762493,
      759191,
      763177,
      764066,
      763291,
      761753,
      758606,
      763875,
      761809,
      757758,
      756573,
      761608,
      758714,
      756566,
      760144,
      758631,
      756938,
      759738,
      764142,
      759935,
      757728,
      756813,
      757414,
      756676,
      757358,
      757374,
      764045,
      757884,
      759621,
      760946,
      756835,
      759965,
      761728,
      761409,
      763009,
      764046,
      761303,
      762515,
      763831,
      760427,
      757868,
      760194,
      757407,
      762866,
      761281
    ],
    "deviations_pct": [
      -0.08909606281495557,
      -0.17208411212612465,
      -0.4343316086815465,
      0.44421065660943543,
      0.4630177739652154,
      0.49944834394808996,
      0.10673469063089355,
      0.2817855521731536,
      -0.15248788495122104,
      0.3717440715532481,
      0.4886638430867336,
      0.3867371581165972,
      0.18446200781457173,
      -0.22942609231577557,
      0.46354384717796454,
      0.19182703279305902,
      -0.3409536134185829,
      -0.49680280269550103,
      0.1653918538524172,
      -0.21522211557155013,
      -0.497723430817812,
      -0.027150942013750103,
      -0.22613813473609376,
      -0.44879862203214654,
      -0.08054737310778284,
      0.4986592341289663,
      -0.05463826737989011,
      -0.34489916251420105,
      -0.4652384099305556,
      -0.3861959097150047,
      -0.483256417467212,
      -0.39356093469349196,
      -0.39145664184249557,
      0.4859019587198009,
      -0.3243823072169865,
      -0.09593501458069374,
      0.07832673714244263,
      -0.4623450072604356,
      -0.05069271828427193,
      0.18117405023488992,
      0.1392197115181499,
      0.3496489966177863,
      0.48603347702298816,
      0.125278771380299,
      0.28467895484327355,
      0.4577570418377245,
      0.010068737788248083,
      -0.32648660006798286,
      -0.020575026854386468,
      -0.3871165378373156,
      0.3308418792620063,
      0.122385368710179
    ],
    "max_abs_deviation_pct": 0.49944834394808996,
    "range_pct": 0.9971717747659019
  },
  "compactness": {
    "polsby_popper": [
      0.3009806932214683,
      0.3632232318593532,
      0.2704559826350245,
      0.3952559668683322,
      0.2927889842776564,
      0.25328497749703,
      0.32568840480851685,
      0.1597945833570969,
      0.2762785494077695,
      0.3947498334587282,
      0.2545863547083189,
      0.4976150844842611,
      0.30473178686663727,
      0.28072959021032245,
      0.5549459201638497,
      0.1805110815556871,
      0.399520320011782,
      0.37971611620836015,
      0.2748564511622419,
      0.3122873963312048,
      0.27139702534708415,
      0.24188282247876125,
      0.426466939168408,
      0.21482174051930567,
      0.2326349957768387,
      0.2769127931388514,
      0.36819238627059914,
      0.4674302261942945,
      0.24547040095653933,
      0.41885943505991796,
      0.2512918317131309,
      0.293196865108756,
      0.3376673891844247,
      0.3052445252372324,
      0.27151960563715943,
      0.41269413577328723,
      0.3522016502576544,
      0.3853422890912698,
      0.23721348005369383,
      0.4548887509429385,
      0.38563154644506026,
      0.38410997451961576,
      0.4466608144179026,
      0.24357599515011516,
      0.4775741471827632,
      0.1497711357858431,
      0.354179858794105,
      0.340640034819715,
      0.33097934434262777,
      0.5061283299050917,
      0.3514066691487178,
      0.3942366412182033
    ],
    "reock": [
      0.3542872249848033,
      0.6133839577538313,
      0.3861375119468576,
      0.458863074989419,
      0.3681364664487157,
      0.2659338280369811,
      0.3560079264613616,
      0.17730843470337557,
      0.3384743352289156,
      0.43377775295123144,
      0.3365087563528747,
      0.5035512952301141,
      0.4993122349572727,
      0.3607240848883971,
      0.4953537444201881,
      0.46238263655461914,
      0.576420455614361,
      0.3931772814298958,
      0.35301084754654255,
      0.44778505958055626,
      0.41450288308096767,
      0.46315219398590707,
      0.5592675221920741,
      0.48552604573928715,
      0.5236120920752677,
      0.5062361246219147,
      0.4582461127010691,
      0.5815527937531936,
      0.343119121163635,
      0.47028050549098455,
      0.47490226774504884,
      0.34032779480825043,
      0.4530483389234334,
      0.41944562891394827,
      0.276699673557929,
      0.5669063440071764,
      0.42943370519316965,
      0.3720323382851386,
      0.42534434631527046,
      0.5396291940869788,
      0.4404880308670316,
      0.49925820986108277,
      0.6212258918136548,
      0.36928223431122903,
      0.5140158534380143,
      0.14061962473665615,
      0.3800508362677278,
      0.363040762507645,
      0.5103971192809017,
      0.5103208101082246,
      0.3683218954984371,
      0.5913923411598919
    ],
    "schwartzberg": [
      1.8227650003855982,
      1.659255213240917,
      1.92287788054843,
      1.5905992838195018,
      1.8480879420980403,
      1.986988181112056,
      1.7522612279025545,
      2.501606364441353,
      1.9025076706197495,
      1.5916186605018434,
      1.9819031990043674,
      1.4175984560935782,
      1.8115116062081755,
      1.8873650307436385,
      1.3423775134231049,
      2.3536835162750056,
      1.5820877344333113,
      1.622820498820828,
      1.907423076867237,
      1.7894631998733277,
      1.919541289969104,
      2.033281392193055,
      1.5312895381795044,
      2.1575500768813707,
      2.073301569374209,
      1.9003276606699142,
      1.6480204564759833,
      1.4626540019915095,
      2.0183683806949904,
      1.5451329312067188,
      1.9948526132518132,
      1.846802010902796,
      1.7208992291141545,
      1.809989511928785,
      1.9191079428255504,
      1.5566316309439565,
      1.6850170773531383,
      1.6109299783692874,
      2.05319556525637,
      1.4826799045585206,
      1.6103256959137306,
      1.6135120290091032,
      1.4962738063202734,
      2.026202081722807,
      1.4470368655146246,
      2.5839609039005316,
      1.6803048068259907,
      1.713373934691984,
      1.738199234591216,
      1.4056256592198424,
      1.686921992803142,
      1.5926542576753147
    ],