{
  "state": "NJ",
  "state_name": "New Jersey",
  "algorithm": "splitline+kl",
  "districts": 12,
  "total_internal_boundary_km": 732.1527310356684,
  "population": {
    "ideal": 774082.8333333334,
    "per_district": [
      775880,
      775319,
      772990,
      771715,
      777937,
      772602,
      777037,
      772629,
      773233,
      772601,
      773924,
      773127
    ],
    "deviations_pct": [
      0.23216722930383565,
      0.1596943651809823,
      -0.1411778282987422,
      -0.3058888831234089,
      0.49790106442096455,
      -0.19130166302185647,
      0.3816344374859057,
      -0.1878136642138047,
      -0.1097858390262763,
      -0.1914308481628954,
      -0.020518906568358915,
      -0.12347946397640547
    ],
    "max_abs_deviation_pct": 0.49790106442096455,
    "range_pct": 0.8037899475443735
  },
  "compactness": {
    "polsby_popper": [
      0.596004902060211,
      0.4207186022370629,
      0.5739179188811641,
      0.6020870052679892,
      0.29071361734446066,
      0.4194602867436262,
      0.6275128026619301,
      0.5253275056761596,
      0.423891844916844,
      0.52957714202097,
      0.45241296250212776,
      0.4820160071725568
    ],
    "reock": [
      0.5835485926663928,
      0.397030340226256,
      0.5105034402559796,
      0.580773994272312,
      0.2785123544431635,
      0.4218483427640094,
      0.5164529742934135,
      0.5127659749822685,
      0.463859945210752,
      0.6012681683136271,
      0.4202279767959054,
      0.5585635360231256
    ],
    "schwartzberg": [
      1.2953140734521635,
      1.5417151585698634,
      1.3200035759878948,
      1.288755028966864,
      1.8546728412684945,
      1.5440258795277633,
      1.2623759283551246,
      1.3797008430564868,
      1.5359336996696493,
      1.3741539299598442,
      1.4867312843110387,
      1.4403540879790164
    ],
    "convex_hull_ratio": [
      0.9325883784225075,
      0.8896030433223694,
      0.9253340151314755,
      0.9577814385374936,
      0.8726682687970049,
      0.9186685948583532,
      0.9610080853247197,
      0.9251263183661853,
      0.8296092397185042,
      0.9466441382892976,
      0.9330914296630027,
      0.9205693451828166
    ]
  },
  "runtime_seconds": 209.67691504198592,
  "seed": 42,
  "districtmaker_version": "0.1.0",
  "generated_at": "2026-05-13T16:38:29.601590+00:00"
}