{
  "state": "GA",
  "state_name": "Georgia",
  "algorithm": "metis+kl",
  "districts": 14,
  "total_internal_boundary_km": 2308.054440242249,
  "population": {
    "ideal": 765136.2857142857,
    "per_district": [
      765960,
      768939,
      768245,
      766091,
      767580,
      765987,
      764672,
      762648,
      767750,
      762915,
      761872,
      761322,
      766022,
      761905
    ],
    "deviations_pct": [
      0.10765589099533404,
      0.49699829386137806,
      0.40629549843034934,
      0.12477702385047058,
      0.3193828774481676,
      0.11118467410288127,
      -0.060680132801733684,
      -0.3252081701971258,
      0.34160114145865017,
      -0.2903124261336032,
      -0.4266280106214462,
      -0.4985106294788896,
      0.11575902257562767,
      -0.42231505348999954
    ],
    "max_abs_deviation_pct": 0.4985106294788896,
    "range_pct": 0.9955089233402676
  },
  "compactness": {
    "polsby_popper": [
      0.5279585708174873,
      0.38727290857843805,
      0.3964330657442377,
      0.4599535920011564,
      0.5442449154839832,
      0.380083016504657,
      0.3697939690274921,
      0.4337261732573735,
      0.36551039753369674,
      0.45093611602788564,
      0.5646577797370179,
      0.41907467342250826,
      0.4219760447442419,
      0.5832145107041544
    ],
    "reock": [
      0.6943942382930045,
      0.4857634708349481,
      0.47552559112255705,
      0.4406263908154856,
      0.5266821091118982,
      0.5939368508569237,
      0.49251813824754814,
      0.5999059595107841,
      0.4669063230563449,
      0.4053737199106685,
      0.5552354087434812,
      0.602536768655321,
      0.454450778275889,
      0.5438864292597575
    ],
    "schwartzberg": [
      1.3762587010967882,
      1.6069095853684874,
      1.5882361049218676,
      1.4744939420262808,
      1.3555102620152295,
      1.6220370422390806,
      1.6444477843438021,
      1.5184209415029175,
      1.6540557073019193,
      1.4891638672977705,
      1.3307832989653159,
      1.5447360871396465,
      1.5394163733995694,
      1.3094407120836349
    ],
    "convex_hull_ratio": [
      0.9172435691702442,
      0.8295737298390405,
      0.8246328139333218,
      0.8582544741462692,
      0.9263330228340483,
      0.8646173887279743,
      0.8246637614492693,
      0.853998946832593,
      0.7885305043043346,
      0.8834674191996033,
      0.8961169495253197,
      0.8475215319716923,
      0.9032626624131176,
      0.931430804620055
    ]
  },
  "runtime_seconds": 38.07739420800135,
  "seed": 42,
  "districtmaker_version": "0.1.0",
  "generated_at": "2026-05-14T19:20:08.852464+00:00"
}