{
  "state": "ID",
  "state_name": "Idaho",
  "algorithm": "splitline+kl",
  "districts": 2,
  "total_internal_boundary_km": 565.4402401418184,
  "population": {
    "ideal": 919553.0,
    "per_district": [
      919449,
      919657
    ],
    "deviations_pct": [
      -0.011309842934556245,
      0.011309842934556245
    ],
    "max_abs_deviation_pct": 0.011309842934556245,
    "range_pct": 0.02261968586911249
  },
  "compactness": {
    "polsby_popper": [
      0.42093301394285493,
      0.23448277628430753
    ],
    "reock": [
      0.5625192328293378,
      0.22584089436679547
    ],
    "schwartzberg": [
      1.5413224548954798,
      2.0651163553398377
    ],
    "convex_hull_ratio": [
      0.9068221825729947,
      0.7750905053409
    ]
  },
  "runtime_seconds": 64.71750283404253,
  "seed": 42,
  "districtmaker_version": "0.1.0",
  "generated_at": "2026-05-13T15:01:57.294831+00:00"
}