{
  "state": "OH",
  "state_name": "Ohio",
  "algorithm": "metis+kl",
  "districts": 15,
  "total_internal_boundary_km": 2186.9425135854813,
  "population": {
    "ideal": 786629.8666666667,
    "per_district": [
      785195,
      785974,
      785177,
      790549,
      788552,
      787982,
      790121,
      783187,
      786783,
      785444,
      785426,
      783720,
      786196,
      788115,
      787027
    ],
    "deviations_pct": [
      -0.1824068380147992,
      -0.08337678169352045,
      -0.1846950806512344,
      0.4982182217337585,
      0.24435041368036484,
      0.17188939685991697,
      0.44380889682296604,
      -0.4376730165682366,
      0.019467012355150293,
      -0.15075281487744566,
      -0.15304105751388086,
      -0.3699156096115722,
      -0.0551551225108197,
      0.1887969674513548,
      0.05048541253793851
    ],
    "max_abs_deviation_pct": 0.4982182217337585,
    "range_pct": 0.935891238301995
  },
  "compactness": {
    "polsby_popper": [
      0.5454434409997646,
      0.5291317243628658,
      0.5510236754429536,
      0.3982503214528241,
      0.5090399553332011,
      0.48584085869067895,
      0.5030791648779792,
      0.5824104479456975,
      0.5861291980959881,
      0.5137054428189651,
      0.4952252506503445,
      0.42603850282399053,
      0.531260146807598,
      0.5482147706876872,
      0.4639741973260755
    ],
    "reock": [
      0.6083028783366566,
      0.49212606723866875,
      0.6100321098622811,
      0.4567020099892467,
      0.5919293436053669,
      0.6367897741914187,
      0.5797414587056371,
      0.6430501830747032,
      0.588246524242526,
      0.5202991790024263,
      0.47462725090538394,
      0.550905638495012,
      0.6441551392797402,
      0.5395764791490965,
      0.5249053305746924
    ],
    "schwartzberg": [
      1.3540201835273837,
      1.374732182635214,
      1.3471466341569562,
      1.584608322286303,
      1.4015999196916538,
      1.4346731883723738,
      1.4098789757593497,
      1.3103442925158815,
      1.3061808787870277,
      1.3952207174045939,
      1.4210148281195185,
      1.5320592986968977,
      1.3719755789228887,
      1.3505934328471438,
      1.4680913690556494
    ],
    "convex_hull_ratio": [
      0.9083945132068483,
      0.894813285914667,
      0.8856355847077134,
      0.8693637804023245,
      0.860250529179775,
      0.8465380065595387,
      0.8686863428721743,
      0.9235161981424514,
      0.9167822996337904,
      0.8824406631067011,
      0.9032563251089659,
      0.7806845474293271,
      0.9135840304093058,
      0.8540742987622819,
      0.8202463201943222
    ]
  },
  "runtime_seconds": 39.495957375002035,
  "seed": 42,
  "districtmaker_version": "0.1.0",
  "generated_at": "2026-05-14T20:34:44.868440+00:00"
}