{
  "state": "TX",
  "state_name": "Texas",
  "algorithm": "annealing",
  "districts": 38,
  "total_internal_boundary_km": 9760.256682799207,
  "population": {
    "ideal": 766986.9736842106,
    "per_district": [
      767066,
      767023,
      767101,
      766565,
      767430,
      766893,
      766769,
      766853,
      766853,
      767276,
      767249,
      766900,
      766983,
      766550,
      767104,
      766835,
      767004,
      767550,
      766429,
      767689,
      768278,
      765284,
      767483,
      766921,
      766220,
      766920,
      767573,
      766834,
      766936,
      766832,
      766799,
      767455,
      765743,
      768129,
      766948,
      767054,
      766698,
      767276
    ],
    "deviations_pct": [
      0.010303475613130062,
      0.0046971222492065345,
      0.014866786490742235,
      -0.05501706009211848,
      0.05776190874029667,
      -0.012252318153352967,
      -0.028419476691178953,
      -0.017467530584909737,
      -0.017467530584909737,
      0.0376833408788031,
      0.034163072487502284,
      -0.011339655977830532,
      -0.0005180901823502354,
      -0.056972764753952264,
      0.015257927423108992,
      -0.019814376179110284,
      0.0022198963442170688,
      0.07340754603496698,
      -0.0727487823594115,
      0.09153040923462676,
      0.1683244122893002,
      -0.22203423821272403,
      0.06467206521210939,
      -0.00860166945126323,
      -0.09999826731429562,
      -0.008732049762052147,
      0.07640629318311212,
      -0.019944756489899202,
      -0.00664596478942944,
      -0.020205517111477042,
      -0.024508067367511373,
      0.06102141651001965,
      -0.1621896755606101,
      0.14889774598175123,
      -0.005081401059962409,
      0.008738911883663032,
      -0.03767647875719222,
      0.0376833408788031
    ],
    "max_abs_deviation_pct": 0.22203423821272403,
    "range_pct": 0.39035865050202423
  },
  "compactness": {
    "polsby_popper": [
      0.29459826810798445,
      0.23248383727212676,
      0.18280876854814554,
      0.20259415842901546,
      0.28313427778954553,
      0.1926401045753708,
      0.2788422399856665,
      0.20906128271034838,
      0.2799834617929357,
      0.2195461668915492,
      0.3743060799274132,
      0.30030052240687466,
      0.23182590597933678,
      0.45116281317631124,
      0.255001297570378,
      0.20423315196938624,
      0.24311399404245296,
      0.1774397657651226,
      0.23561527125895373,
      0.2858775890044737,
      0.3785650893449747,
      0.11929041077947287,
      0.23496937830789266,
      0.21366797004381138,
      0.1970438950863825,
      0.3532662755687011,
      0.20055953494184015,
      0.35736508784222537,
      0.35380543373162554,
      0.3120121621109064,
      0.27979863806045746,
      0.1271160562597909,
      0.24008816974609462,
      0.2944818474380917,
      0.31804537788080794,
      0.5417370420852128,
      0.24714632459058336,
      0.41225639888563526
    ],
    "reock": [
      0.48076455481837505,
      0.33397455933555364,
      0.24342929073304173,
      0.3771670348105274,
      0.5164113597211978,
      0.28308225245536334,
      0.5982516267098106,
      0.25557851162909956,
      0.37094225190269753,
      0.31905048303597433,
      0.6329244573495295,
      0.3986254574834266,
      0.4260093467926552,
      0.5810502222896397,
      0.293670927323957,
      0.30344416088859444,
      0.3901719461618753,
      0.25244970694693936,
      0.44403787848023685,
      0.48301423864779564,
      0.579547264543411,
      0.14699650398100964,
      0.4040091870121585,
      0.48131262285833387,
      0.25627965096731076,
      0.41284194842691957,
      0.30175475325738205,
      0.49905265805764853,
      0.4482031325267019,
      0.5583780118275423,
      0.48955199928612836,
      0.164180193374885,
      0.3730275128331313,
      0.5938226755048938,
      0.5242748657801317,
      0.455709050349179,
      0.3558922809653338,
      0.421977188441018
    ],
    "schwartzberg": [
      1.8424041589590878,
      2.0739754791035976,
      2.3388452544474525,
      2.2217057579950543,
      1.879333151037556,
      2.2783825583872104,
      1.8937415961392237,
      2.1870725745011224,
      1.889878178721461,
      2.1342096067578096,
      1.6345061509444232,
      1.8248280842545772,
      2.076916407089188,
      1.4887896879434224,
      1.9802900475956293,
      2.21277308375917,
      2.028126412116431,
      2.373966150663613,
      2.060147341738514,
      1.870294275623768,
      1.6252857186084326,
      2.8953244175569606,
      2.0629769050742865,
      2.163367434878082,
      2.2527785798078517,
      1.6824761251651512,
      2.2329466299469787,
      1.6727996875821285,
      1.6811936878417306,
      1.7902522924146904,
      1.8905022644531415,
      2.8047864116519885,
      2.040866606138175,
      1.8427683116783613,
      1.773190744688306,
      1.3586441836987955,
      2.0115133621304446,
      1.557457833163708
    ],
    "convex_hull_ratio": [
      0.9388162792410095,
      0.9271206348652783,
      0.8872978313256478,
      0.83299585097134,
      0.9605008916077994,
      0.8789906437799764,
      0.8674311309386513,
      0.9082220265956819,
      0.9277519373785992,
      0.8599229272618907,
      0.9150652075021083,
      0.9213218136113608,
      0.8803078096688868,
      0.9486224282186818,
      0.8880708611327025,
      0.8909060767148994,
      0.8899273025877904,
      0.8935493137806546,
      0.9027748369085735,
      0.926638599468113,
      0.929606332027079,
      0.7979202240204711,
      0.8436475981148142,
      0.9038618957495436,
      0.8785811346462966,
      0.9485059259941633,
      0.909908405926432,
      0.8960015101970196,
      0.9194606349274234,
      0.9445177258770702,
      0.9270263875299134,
      0.811152089762492,
      0.8865762090060284,
      0.9041750873388681,
      0.9554611435501105,
      0.9797180569153929,
      0.8884338956397925,
      0.8621165564530443
    ]
  },
  "runtime_seconds": 907.8887512919973,
  "seed": 42,
  "districtmaker_version": "0.1.0",
  "generated_at": "2026-05-15T02:01:53.489238+00:00"
}