{
  "state": "TN",
  "state_name": "Tennessee",
  "algorithm": "metis",
  "districts": 9,
  "total_internal_boundary_km": 1375.710953493929,
  "population": {
    "ideal": 767871.1111111111,
    "per_district": [
      768115,
      766467,
      767792,
      769476,
      770552,
      767072,
      764789,
      766108,
      770469
    ],
    "deviations_pct": [
      0.031761696117981075,
      -0.18285765550931748,
      -0.010302654959456686,
      0.20900498347523433,
      0.3491326669406307,
      -0.10406839110730556,
      -0.4013839128094431,
      -0.2296102933941477,
      0.33832356124580926
    ],
    "max_abs_deviation_pct": 0.4013839128094431,
    "range_pct": 0.7505165797500738
  },
  "compactness": {
    "polsby_popper": [
      0.4441178156797275,
      0.5237410901775971,
      0.3358423047978714,
      0.40866140142973,
      0.4501186406284541,
      0.47796535762228354,
      0.4420368762558713,
      0.33913681574847737,
      0.5090559831128332
    ],
    "reock": [
      0.39355974114684045,
      0.5278235719551696,
      0.30624385862108394,
      0.5384214439476159,
      0.46603559273523215,
      0.45920051673253576,
      0.37777590300985625,
      0.554964877234784,
      0.5194447438447625
    ],
    "schwartzberg": [
      1.5005514900326902,
      1.3817888249722212,
      1.7255688773265174,
      1.5642933173295355,
      1.4905155138406156,
      1.4464445508178643,
      1.504079352295636,
      1.7171669888692196,
      1.401577854621977
    ],
    "convex_hull_ratio": [
      0.8372566492105616,
      0.9129472429277464,
      0.8499066276363775,
      0.8410065635850287,
      0.8708147069012335,
      0.8864601457917466,
      0.8814847810094143,
      0.8535740489650061,
      0.89470284091538
    ]
  },
  "runtime_seconds": 26.38568912499977,
  "seed": 42,
  "districtmaker_version": "0.1.0",
  "generated_at": "2026-05-14T16:36:52.468842+00:00"
}