{
  "state": "AZ",
  "state_name": "Arizona",
  "algorithm": "splitline-realized",
  "districts": 9,
  "total_internal_boundary_km": 2807.778452141277,
  "population": {
    "ideal": 794611.3333333334,
    "per_district": [
      794429,
      794523,
      794575,
      794938,
      795004,
      794098,
      794935,
      793761,
      795239
    ],
    "deviations_pct": [
      -0.022946228638408395,
      -0.01111654586687313,
      -0.004572466035811068,
      0.04111024509256448,
      0.04941619257045095,
      -0.06460181371689959,
      0.040732702025387826,
      -0.10701248492974412,
      0.0789903994992891
    ],
    "max_abs_deviation_pct": 0.10701248492974412,
    "range_pct": 0.18600288442903323
  },
  "compactness": {
    "polsby_popper": [
      0.21693373196724175,
      0.4935504867290821,
      0.06750966270327513,
      0.21041996031160695,
      0.1687242511991021,
      0.4865384420127325,
      0.28666544812385847,
      0.1422758670212447,
      0.44240544985735225
    ],
    "reock": [
      0.31753044418013937,
      0.6339891691814654,
      0.0908746974948621,
      0.25989855311189886,
      0.23290808718197534,
      0.5855349475144033,
      0.412735258308564,
      0.18467273875347429,
      0.5054447159990942
    ],
    "schwartzberg": [
      2.147021810331487,
      1.4234237497500961,
      3.8487263296368384,
      2.1800001968705063,
      2.4345082201973587,
      1.4336443250904511,
      1.8677223886907623,
      2.6511504828726133,
      1.5034526879383134
    ],
    "convex_hull_ratio": [
      0.9176688329038375,
      0.954936853855398,
      0.63931529091545,
      0.8763912353626501,
      0.835117008590007,
      0.951776966772578,
      0.8754144758159933,
      0.791134869552189,
      0.9428703066004626
    ]
  },
  "runtime_seconds": 108.86967637499947,
  "seed": 42,
  "districtmaker_version": "0.1.0",
  "generated_at": "2026-05-14T16:07:55.573976+00:00"
}