{
  "state": "CA",
  "state_name": "California",
  "algorithm": "metis+kl",
  "districts": 52,
  "total_internal_boundary_km": 10290.986917086351,
  "population": {
    "ideal": 760350.4423076923,
    "per_district": [
      762750,
      757213,
      756558,
      758004,
      757597,
      758524,
      764133,
      764105,
      763668,
      759312,
      757750,
      761473,
      762104,
      763823,
      764021,
      762934,
      764143,
      762202,
      756572,
      761987,
      757093,
      760393,
      763698,
      761811,
      763355,
      763527,
      759037,
      762455,
      764120,
      763627,
      763620,
      758313,
      758735,
      762279,
      757785,
      756552,
      756565,
      757345,
      758622,
      762509,
      759099,
      761665,
      757841,
      763956,
      756873,
      759191,
      756565,
      764121,
      756549,
      756597,
      758898,
      756554
    ],
    "deviations_pct": [
      0.3155857560922827,
      -0.41263108865564646,
      -0.4987755772433102,
      -0.3086001108345138,
      -0.3621280602317338,
      -0.24021059317713192,
      0.4974755694002808,
      0.4937930569110372,
      0.436319558418199,
      -0.13657417026556104,
      -0.34200575984408105,
      0.14763688292213537,
      0.23062493223330446,
      0.45670489541222625,
      0.4827455194433063,
      0.3397851238787409,
      0.49879075243215354,
      0.2435137259456572,
      -0.4969343209986883,
      0.21523729076039355,
      -0.4284132850381192,
      0.005597115479880808,
      0.4402651075138172,
      0.19209006939943357,
      0.3951543295205827,
      0.4177754776687936,
      -0.172741703642061,
      0.2767878566520372,
      0.49576583145884634,
      0.4309273079875209,
      0.4300066798652099,
      -0.26796095514964646,
      -0.21246023120461738,
      0.2536406352910772,
      -0.3374026192325265,
      -0.4995646870624338,
      -0.49785494912099926,
      -0.3952706726349265,
      -0.2273217994647792,
      0.28388984502414993,
      -0.16458756884445014,
      0.17288839713409174,
      -0.3300375942540392,
      0.47419682973613364,
      -0.4573473117393192,
      -0.15248788495122104,
      -0.49785494912099926,
      0.4958973497620336,
      -0.49995924197199565,
      -0.49364636341900653,
      -0.19102274778509196,
      -0.49930165045605923
    ],
    "max_abs_deviation_pct": 0.49995924197199565,
    "range_pct": 0.9987499944041491
  },
  "compactness": {
    "polsby_popper": [
      0.257988615075544,
      0.19922856113153745,
      0.39660159156946656,
      0.2868430815910005,
      0.29242497044243115,
      0.182953065228208,
      0.27962839807943324,
      0.2815422281909506,
      0.2628443094353955,
      0.30938550377310053,
      0.2803971355699026,
      0.3141880174772566,
      0.38232105316497034,
      0.5064987615091908,
      0.4386767493784868,
      0.36555849682394526,
      0.393577589641452,
      0.2498230060486308,
      0.3533313849814019,
      0.3188036860667095,
      0.25568939101386257,
      0.4422052461309763,
      0.3692987718677563,
      0.4209641052631984,
      0.25709083381417924,
      0.3970093959546363,
      0.35063956092210424,
      0.2814999896989287,
      0.39177722664884207,
      0.23784081411251962,
      0.22216513087414302,
      0.1332226636394053,
      0.3445973395023566,
      0.24436198237101928,
      0.30450156321722816,
      0.3224560526454839,
      0.21077711898640888,
      0.264313800626945,
      0.20473897647612294,
      0.39672612280244846,
      0.18876862652436777,
      0.1761961231277757,
      0.3729455180000712,
      0.1618583049869464,
      0.204168006786531,
      0.2510559180993291,
      0.08172406940205226,
      0.16875069712465976,
      0.17250635760730756,
      0.09910696732789369,
      0.1061158305844599,
      0.07529073893763681
    ],
    "reock": [
      0.09750918579031256,
      0.3054518375936831,
      0.4279691706927272,
      0.3681285044314647,
      0.44113540329233464,
      0.38543725230235376,
      0.4115605712782002,
      0.454946767232265,
      0.4639044539532726,
      0.4083406034496474,
      0.48016576553162,
      0.28388205920236953,
      0.5985933963865262,
      0.5565271570884786,
      0.7360775869947525,
      0.43519913276516,
      0.39190116067294406,
      0.41415706236129085,
      0.5347676192593613,
      0.3859921580651937,
      0.3631355799829791,
      0.5464667411531242,
      0.4988578158075956,
      0.38229538953642106,
      0.21632645664048614,
      0.48718656190449255,
      0.5202861452906063,
      0.27728230709863283,
      0.3639606591323632,
      0.2955056654021027,
      0.30683639055402,
      0.19912312696382128,
      0.5277855911407237,
      0.4226336484760564,
      0.41246762216228205,
      0.4504531773662988,
      0.3211990239504808,
      0.42324783978021535,
      0.3159834281340343,
      0.5733263831635637,
      0.46443571886128865,
      0.39337875627374264,
      0.43836045088853426,
      0.3924718271023037,
      0.31912829617052735,
      0.4420878958334054,
      0.3671311115178683,
      0.33984346793965214,
      0.4752338376393056,
      0.38390570807728797,
      0.38196504834480755,
      0.37213773090603036
    ],
    "schwartzberg": [
      1.9687915169108403,
      2.240392967650826,
      1.5878986286664967,
      1.867143986413325,
      1.8492378445046607,
      2.3379227386752075,
      1.8910776532587836,
      1.8846392356474322,
      1.9505213595521624,
      1.7978357804695315,
      1.8884835824410222,
      1.7840424794919252,
      1.61728252173931,
      1.40511155785929,
      1.509828752661142,
      1.6539468854259984,
      1.5939871616373853,
      2.0007083519497066,
      1.6823211006130445,
      1.7710806285711636,
      1.9776236432950423,
      1.5037929855406365,
      1.645549944887227,
      1.5412655347988788,
      1.9722261078939987,
      1.587082881727129,
      1.68876625810204,
      1.884780623456207,
      1.5976454474627653,
      2.0504860009318295,
      2.1215928914119604,
      2.739750050936845,
      1.7035074606811755,
      2.0229408305025998,
      1.8121962890852008,
      1.7610218047230608,
      2.1781524249232462,
      1.9450916980470334,
      2.2100379742959717,
      1.5876493906117144,
      2.3016277869687434,
      2.382329484989865,
      1.637484900105057,
      2.4856072441295844,
      2.2131260773854176,
      1.9957896602400687,
      3.4980419066185293,
      2.4343174495904534,
      2.407672693899506,
      3.1764930285993405,
      3.069798794060246,
      3.644426704258282
    ],