{
  "state": "CA",
  "state_name": "California",
  "algorithm": "metis+kl",
  "districts": 52,
  "total_internal_boundary_km": 8280.104306912737,
  "population": {
    "ideal": 760350.4423076923,
    "per_district": [
      763549,
      758931,
      760985,
      759988,
      762801,
      756597,
      764079,
      764143,
      762281,
      764061,
      763691,
      761749,
      763369,
      757051,
      756670,
      758228,
      756649,
      756733,
      760559,
      757641,
      760830,
      758274,
      756988,
      760508,
      757951,
      762613,
      757867,
      760764,
      756559,
      763579,
      764031,
      759286,
      757626,
      759049,
      760673,
      763811,
      763442,
      756699,
      764129,
      757141,
      764130,
      760206,
      760759,
      756876,
      756749,
      758563,
      763713,
      762903,
      762641,
      761846,
      757778,
      760484
    ],
    "deviations_pct": [
      0.4206688803389136,
      -0.18668264377991195,
      0.08345595096674627,
      -0.047667797310964655,
      0.32229318955483355,
      -0.49364636341900653,
      0.49037358102816814,
      0.49879075243215354,
      0.2539036718974517,
      0.4880062515707972,
      0.4393444793915063,
      0.18393593460182264,
      0.3969955857652045,
      -0.4339370537719847,
      -0.48404552728633554,
      -0.2791400109205647,
      -0.48680741165326835,
      -0.4757598741855374,
      0.027429153808968085,
      -0.35634125489149376,
      0.063070613972719,
      -0.2730901689739501,
      -0.44222270687278287,
      0.020721720346417175,
      -0.31557058090343926,
      0.2975677485556263,
      -0.3266181183711701,
      0.054390405962358994,
      -0.4986440589401229,
      0.42461442943453176,
      0.484060702475179,
      -0.1399936461484301,
      -0.35831402943930285,
      -0.17116348400381376,
      0.04242224037231717,
      0.45512667577397903,
      0.40659642189787537,
      -0.48023149649390473,
      0.49694949618753176,
      -0.4221004064851302,
      0.49708101449071906,
      -0.018996807216139194,
      0.053732814446422625,
      -0.45695275682975744,
      -0.4736555813345411,
      -0.23508137935282833,
      0.4422378820616263,
      0.33570805647993535,
      0.3012502610448699,
      0.1966932100109881,
      -0.33832324735483743,
      0.01756528106992263
    ],
    "max_abs_deviation_pct": 0.49879075243215354,
    "range_pct": 0.9974348113722764
  },
  "compactness": {
    "polsby_popper": [
      0.32534429974479867,
      0.19647495419152822,
      0.23843445416250514,
      0.29421875250416024,
      0.25963120274171275,
      0.33260302225252697,
      0.38503708261396347,
      0.3084522407224199,
      0.3492246358726458,
      0.2876299807310667,
      0.4606300900913729,
      0.35000566915648046,
      0.34864073390047895,
      0.21797959337283812,
      0.2763143019060516,
      0.22245775449243743,
      0.28422427294032804,
      0.142707279773489,
      0.12878413179323994,
      0.2707325396898822,
      0.3848978405497437,
      0.2901119762070154,
      0.16845273160468124,
      0.2717806535729482,
      0.2015395694353233,
      0.20839656798881698,
      0.19621903609050373,
      0.26208319255292084,
      0.26672233974889864,
      0.25671713558546067,
      0.4056868015441386,
      0.4480001166502331,
      0.29807533353898213,
      0.23202886621127813,
      0.24778750343298436,
      0.4135199812440773,
      0.4080587910567091,
      0.29216758545973787,
      0.24816385398436075,
      0.2965917026694267,
      0.28696545600109974,
      0.3562178553587343,
      0.2857942419121067,
      0.21473216651855923,
      0.299482311264544,
      0.36166605546716446,
      0.21230104294581933,
      0.1378425927669896,
      0.44084369489522685,
      0.2316410211176756,
      0.38179230030071004,
      0.2720364679552495
    ],
    "reock": [
      0.39943054675288187,
      0.5036734227758419,
      0.2947084575292323,
      0.3889046287935872,
      0.28200590923932445,
      0.588874418887484,
      0.4389571428764477,
      0.4778613159622821,
      0.33021959917304544,
      0.32103490416486047,
      0.510275601314512,
      0.4346792149540133,
      0.43170111579343823,
      0.42045858251697044,
      0.4344707187203397,
      0.2965278974902281,
      0.4618773533947504,
      0.273431987382985,
      0.16508448442173,
      0.4348619427777953,
      0.4750773202884325,
      0.3585285018529285,
      0.1908118423485073,
      0.40447963060860315,
      0.4629804756740458,
      0.3587054671348162,
      0.290272538282141,
      0.44122542725135444,
      0.35776193062831485,
      0.4866953008667322,
      0.4549011675536455,
      0.5681272651255634,
      0.444027826586553,
      0.35324794527940073,
      0.323716342723409,
      0.592293376559894,
      0.5525188962085487,
      0.4532324824339365,
      0.3893083674540232,
      0.5203888465683174,
      0.445745086658983,
      0.6388663595829482,
      0.5660300637679042,
      0.21924995911189596,
      0.4012041773265096,
      0.4931933822060611,
      0.36906009799462164,
      0.20468001104084022,
      0.43757014981801734,
      0.25501421386389217,
      0.5183200026392525,
      0.4793991672998801
    ],
    "schwartzberg": [
      1.753187635116954,
      2.2560379553873124,
      2.0479318205371992,
      1.8435920434552637,
      1.9625537384652438,
      1.7339513349320475,
      1.6115683180158826,
      1.800553521270275,
      1.692183918275024,
      1.8645881675308402,
      1.4734107964992758,
      1.6902948201612753,
      1.6936003565645847,
      2.141864934991679,
      1.9023845832475648,
      2.1201970477708536,
      1.8757260844576509,
      2.6471401554520058,
      2.7865627209334423,
      1.9218955063571523,
      1.6118597951099216,
      1.8565949776340909,
      2.4364694544519416,
      1.9181860605703556,
      2.227510894483913,
      2.1905578092392446,
      2.2575086914285687,
      1.9533515648092603,
      1.9362895601373193,
      1.9736610518079987,
      1.5700177435567664,
      1.4940355671595256,
      1.8316267632712113,
      2.076007848461556,
      2.0089091645617585,
      1.5550764707069706,
      1.5654479445956113,
      1.8500522080666733,
      2.007385290468425,
      1.8362021915346345,
      1.8667458287189351,
      1.6754912251377878,
      1.8705669757053898,
      2.1580000333206693,
      1.8273191767007517,
      1.6628233914679806,
      2.170320817608145,
      2.6934460641280213,
      1.5061134369076492,
      2.0777450897866454,
      1.6184020399867693,
      1.917283948071013
    ],