{
  "state": "GA",
  "state_name": "Georgia",
  "algorithm": "metis",
  "districts": 14,
  "total_internal_boundary_km": 2312.5800660624536,
  "population": {
    "ideal": 765136.2857142857,
    "per_district": [
      765949,
      768230,
      768233,
      766269,
      767580,
      766281,
      764672,
      762648,
      767750,
      762828,
      762071,
      762067,
      765247,
      762083
    ],
    "deviations_pct": [
      0.10621823861818518,
      0.4043350633706009,
      0.40472715038255064,
      0.1480408532261523,
      0.3193828774481676,
      0.14960920127395108,
      -0.060680132801733684,
      -0.3252081701971258,
      0.34160114145865017,
      -0.3016829494801443,
      -0.4006195721621165,
      -0.4011423548447161,
      0.014469877821957262,
      -0.3990512241143178
    ],
    "max_abs_deviation_pct": 0.40472715038255064,
    "range_pct": 0.8058695052272667
  },
  "compactness": {
    "polsby_popper": [
      0.5232478647162702,
      0.3838332821449369,
      0.3958091583052034,
      0.45952463581727543,
      0.5442449154839832,
      0.37884544718869506,
      0.3697939690274921,
      0.4337261732573735,
      0.36551039753369674,
      0.45071576997189783,
      0.5646657275092304,
      0.41487689775841446,
      0.41974841736485596,
      0.5827508445533577
    ],
    "reock": [
      0.6946651229151934,
      0.4855989805346713,
      0.4755228717014056,
      0.4406341602661998,
      0.5266821091118982,
      0.5940219563828844,
      0.49251813824754814,
      0.5999059595107841,
      0.4669063230563449,
      0.4053440403346278,
      0.5534416690725571,
      0.6031422960677228,
      0.4543472481287601,
      0.5439810830457441
    ],
    "schwartzberg": [
      1.382439924522724,
      1.6140934872457975,
      1.5894873672004133,
      1.4751819853970085,
      1.3555102620152295,
      1.6246842253937774,
      1.6444477843438021,
      1.5184209415029175,
      1.6540557073019193,
      1.489527834250222,
      1.3307739334245836,
      1.552531333656625,
      1.5434958507184469,
      1.3099615372526148
    ],
    "convex_hull_ratio": [
      0.9172577514072265,
      0.8289338686591402,
      0.8246280980485023,
      0.8582696075245146,
      0.9263330228340483,
      0.8647412802115829,
      0.8246637614492693,
      0.853998946832593,
      0.7885305043043346,
      0.8834027358292718,
      0.8961148702622687,
      0.8483732601099683,
      0.9030568867366177,
      0.930181466474461
    ]
  },
  "runtime_seconds": 25.848180083001353,
  "seed": 42,
  "districtmaker_version": "0.1.0",
  "generated_at": "2026-05-14T19:20:08.010757+00:00"
}