{
  "state": "CA",
  "state_name": "California",
  "algorithm": "metis+kl",
  "districts": 52,
  "total_internal_boundary_km": 7516.852280569514,
  "population": {
    "ideal": 760350.4423076923,
    "per_district": [
      762762,
      757645,
      763786,
      757164,
      757254,
      759849,
      758211,
      757279,
      763018,
      757629,
      757245,
      763984,
      757253,
      761386,
      764144,
      762335,
      763188,
      763528,
      757705,
      761102,
      764070,
      764127,
      764125,
      761724,
      762461,
      761267,
      759637,
      757222,
      759259,
      764021,
      764008,
      764048,
      758107,
      757077,
      761556,
      760921,
      757271,
      764140,
      759111,
      762150,
      762108,
      759589,
      757203,
      761374,
      756737,
      756950,
      758252,
      763304,
      756904,
      757279,
      756860,
      758894
    ],
    "deviations_pct": [
      0.3171639757305299,
      -0.3558151816787447,
      0.4518387181942972,
      -0.41907548551182283,
      -0.4072388382249683,
      -0.06594884145399556,
      -0.2813758220747483,
      -0.4039508806452865,
      0.35083266134647173,
      -0.35791947452974104,
      -0.4084225029536538,
      0.4778793422253772,
      -0.40737035652815556,
      0.13619479054484263,
      0.49892227073534084,
      0.26100566026956445,
      0.3731907728883081,
      0.41790699597198083,
      -0.3479240834875083,
      0.09884359243965718,
      0.48918991629948266,
      0.49668645958115726,
      0.49642342297478265,
      0.18064797702214083,
      0.2775769664711608,
      0.12054411246555718,
      -0.09383072172969738,
      -0.411447423926961,
      -0.1435446403344865,
      0.4827455194433063,
      0.48103578150187176,
      0.4862965136293627,
      -0.29505372560622467,
      -0.4305175778891156,
      0.15855290208667902,
      0.07503877956276081,
      -0.4050030270707847,
      0.4983961975225918,
      -0.16300934920620286,
      0.236674774179919,
      0.23115100544605355,
      -0.10014360028268647,
      -0.4139462716875192,
      0.13461657090659537,
      -0.47523380097278833,
      -0.44722040239389926,
      -0.27598357164407017,
      0.38844689605803173,
      -0.4532702443405138,
      -0.4039508806452865,
      -0.45905704968075384,
      -0.191548820997841
    ],
    "max_abs_deviation_pct": 0.49892227073534084,
    "range_pct": 0.9741560717081292
  },
  "compactness": {
    "polsby_popper": [
      0.38406715215934323,
      0.4426648150744115,
      0.5426555201848992,
      0.526142278243895,
      0.333950619982657,
      0.4889575117144057,
      0.511030108487949,
      0.4156096826339186,
      0.5054395659742086,
      0.29594715635109625,
      0.3830343358959488,
      0.3959649622492949,
      0.20385621563484263,
      0.46771270277474175,
      0.3622148832321353,
      0.5001601031534347,
      0.45862427421166485,
      0.17679906166190965,
      0.3648389576265951,
      0.5133998351673796,
      0.4651470616478821,
      0.40032585390291164,
      0.5554719129259742,
      0.3977027871279951,
      0.4973491267457002,
      0.4868446147785443,
      0.21726050996181334,
      0.3091514425009442,
      0.4307285802211812,
      0.33889120759936825,
      0.3243054196478431,
      0.27884593720676293,
      0.43061850179484457,
      0.30164466634032006,
      0.43925434802033203,
      0.3386801187583572,
      0.28083183897483505,
      0.347868330387865,
      0.24125699140304116,
      0.30947309234275727,
      0.2938437324307144,
      0.453559014291716,
      0.41056850332915557,
      0.4666347802801737,
      0.3839968223759488,
      0.5559054136411359,
      0.31346380469412866,
      0.3329860502435981,
      0.473220328828017,
      0.31439576802468727,
      0.4072129962539021,
      0.3333636092809798
    ],
    "reock": [
      0.5271943628390844,
      0.48786195520800585,
      0.5678907605827005,
      0.5899130859053539,
      0.5020123309285187,
      0.5731982082092806,
      0.6653084424993287,
      0.328425421221288,
      0.6618870632034085,
      0.4675026231830265,
      0.3661267187450668,
      0.5117124777862485,
      0.23754109929327497,
      0.4852467263294127,
      0.3963515859789042,
      0.6877708097357834,
      0.5791363954622216,
      0.16369482154368953,
      0.4543998139937198,
      0.6793036300633346,
      0.5335614182939177,
      0.4555214009011195,
      0.7526992768605524,
      0.4561744733941187,
      0.43803137415700066,
      0.4765654184925762,
      0.2465183377618973,
      0.33187184508399475,
      0.43814016993488714,
      0.4617202492606309,
      0.3565811426352493,
      0.15347423807546492,
      0.5923739283204758,
      0.33474703877213885,
      0.5736194797098009,
      0.3519161277130593,
      0.34162384498177706,
      0.5053195266947533,
      0.35242289287315864,
      0.5646753751658933,
      0.5006982218278829,
      0.44553141759146925,
      0.6664438891375664,
      0.4195027859008308,
      0.46060827183823,
      0.6007622791475686,
      0.46422599671179404,
      0.49361176357334685,
      0.5550622217652862,
      0.3832001422641775,
      0.5215743138425215,
      0.48141909912202696
    ],
    "schwartzberg": [
      1.6136019774298072,
      1.503012173518719,
      1.3574939020195926,
      1.3786321416917928,
      1.730449273828875,
      1.4300935199443812,
      1.3988680654315218,
      1.5511620520405154,
      1.4065830582056467,
      1.8382006457164455,
      1.6157759763300683,
      1.5891746213890177,
      2.214817881293327,
      1.462212248004062,
      1.661563159428924,
      1.4139871966834694,
      1.4766292986580007,
      2.3782637819106394,
      1.6555770477148437,
      1.395635916887585,
      1.466239310941198,
      1.5804951979777833,
      1.341741794432588,
      1.5856987459097078,
      1.4179774362402018,
      1.4331934503467283,
      2.145406552463684,
      1.7985162303294582,
      1.523695395789835,
      1.7177891263121754,
      1.7559934708076503,
      1.8937290415281374,
      1.5238901334441197,
      1.8207577815713172,
      1.5088357495026499,
      1.7183243653371452,
      1.8870214117434014,
      1.6954795410264036,
      2.0359168941077366,
      1.7975813463815074,
      1.8447681168099384,
      1.4848517618105797,
      1.5606559959802386,
      1.4639001229397597,
      1.613749737873648,
      1.3412185404303922,
      1.7861021765777783,
      1.732953781135977,
      1.4536782866600646,
      1.7834529406239021,
      1.567072844756177,
      1.7319721537074508
    ],