{
  "state": "CA",
  "state_name": "California",
  "algorithm": "metis+kl",
  "districts": 52,
  "total_internal_boundary_km": 8598.333195404526,
  "population": {
    "ideal": 760350.4423076923,
    "per_district": [
      758117,
      758969,
      757709,
      762983,
      757632,
      760523,
      760642,
      756572,
      757661,
      759383,
      756678,
      763153,
      762765,
      759159,
      759903,
      762980,
      759581,
      761828,
      756949,
      758525,
      762788,
      764112,
      762760,
      756879,
      757812,
      762299,
      761587,
      761647,
      760154,
      763529,
      761236,
      759087,
      760668,
      761811,
      759898,
      763387,
      759947,
      756566,
      756550,
      761092,
      762302,
      757090,
      756573,
      758779,
      763731,
      760325,
      764072,
      761400,
      762202,
      762617,
      761027,
      762584
    ],
    "deviations_pct": [
      -0.29373854257435195,
      -0.18168494825879555,
      -0.34739801027475925,
      0.3462295207349172,
      -0.35752491962017924,
      0.022694494894226265,
      0.03834517297351172,
      -0.4969343209986883,
      -0.3537108888277483,
      -0.12723637073926464,
      -0.48299338086083743,
      0.36858763227675356,
      0.31755853064009176,
      -0.15669647065321377,
      -0.05884685308188283,
      0.3458349658253554,
      -0.10119574670818465,
      0.1943258805536172,
      -0.4473519206970865,
      -0.24007907487394467,
      0.320583451613399,
      0.4947136850333481,
      0.3169009391241554,
      -0.45655820192019564,
      -0.33385162504647015,
      0.25627100135482267,
      0.16262996948548444,
      0.17052106767672082,
      -0.025835758981877375,
      0.41803851427516814,
      0.11646704506675172,
      -0.1661657884826974,
      0.04176464885638081,
      0.19209006939943357,
      -0.059504444597819194,
      0.3993629152225754,
      -0.05306004774164283,
      -0.497723430817812,
      -0.4998277236688083,
      0.09752840940778446,
      0.2566655562643845,
      -0.42880783994768107,
      -0.49680280269550103,
      -0.20667342586437742,
      0.4446052115189972,
      -0.003346129136853738,
      0.4894529529058572,
      0.13803604678946446,
      0.2435137259456572,
      0.29809382176837534,
      0.08897971970061172,
      0.29375371776319537
    ],
    "max_abs_deviation_pct": 0.4998277236688083,
    "range_pct": 0.9945414087021565
  },
  "compactness": {
    "polsby_popper": [
      0.25575494699172335,
      0.3827662627014769,
      0.3094745678651615,
      0.44728041949120273,
      0.3136203163348741,
      0.3831564244391976,
      0.2833587718465369,
      0.31808948216081706,
      0.4247329233256658,
      0.31169028530396586,
      0.23936150032175194,
      0.3208004541713626,
      0.24840848346881417,
      0.38670741736926306,
      0.3031841845463154,
      0.28769843675544116,
      0.1665008751477524,
      0.21524492411802343,
      0.3745331547529105,
      0.11931239555231757,
      0.22544883884914724,
      0.23387018332532697,
      0.2719064538858058,
      0.4550714772370472,
      0.1694562293664957,
      0.2446613575339202,
      0.4288964959576779,
      0.3069741905182773,
      0.470141015641588,
      0.2700185397583832,
      0.4290478558768378,
      0.3347245441020325,
      0.38449257258717257,
      0.25665758936298794,
      0.23764963398556865,
      0.4024154314042079,
      0.26786283407280903,
      0.15917880025317888,
      0.29336842938700763,
      0.40904142616418476,
      0.32416194729055586,
      0.33332252156996117,
      0.3584149919870336,
      0.3438039801529276,
      0.3787512126701473,
      0.5298813785700595,
      0.3106698124752059,
      0.43857923082423633,
      0.2582597425513822,
      0.19343987379916744,
      0.3379946998567356,
      0.24652098515888954
    ],
    "reock": [
      0.33666944353233663,
      0.6091576958970317,
      0.35000250859395443,
      0.495156129537821,
      0.5218352410890017,
      0.4550892757347974,
      0.46006559744189746,
      0.5027882386450965,
      0.5474484894662436,
      0.35257978586072697,
      0.37996388823496147,
      0.5596521967049957,
      0.48007662974424087,
      0.6650410249462407,
      0.27404414675017763,
      0.33236098118756424,
      0.24043196764969038,
      0.32970063989109116,
      0.3352901836274483,
      0.2791793876410945,
      0.13115661524121236,
      0.3566243659910314,
      0.35125970687288205,
      0.5165018157638634,
      0.3039442114266794,
      0.43271784427766147,
      0.5764690270028145,
      0.35284773026189087,
      0.5352036537459919,
      0.39721419755662074,
      0.5121075319614821,
      0.510010426781531,
      0.5336737488203754,
      0.39039330804414274,
      0.38508018265542826,
      0.5650297699240089,
      0.40209956331828534,
      0.2266334326377714,
      0.4710161048671887,
      0.470601545912141,
      0.42589086130961246,
      0.5517798500079324,
      0.5694052637635102,
      0.5392616171338915,
      0.4527048811553838,
      0.5337588988256069,
      0.38715923132460567,
      0.5121148992799436,
      0.2936008897752699,
      0.13518376368510818,
      0.43598054573822526,
      0.3905719374308061
    ],
    "schwartzberg": [
      1.9773701714421381,
      1.6163416876491912,
      1.7975770610944646,
      1.4952370739990728,
      1.7856564454611374,
      1.615518531277107,
      1.8785885425021975,
      1.7730678107081672,
      1.534412177816895,
      1.791176434146316,
      2.0439621572001228,
      1.7655601290740932,
      2.0063966233742194,
      1.6080840667018463,
      1.816129147618544,
      1.8643663208494554,
      2.4507089663498536,
      2.155428101129184,
      1.6340105853742557,
      2.8950576557430643,
      2.1060855022550244,
      2.0678192402866538,
      1.9177422749953876,
      1.4823822020879989,
      2.4292445145907253,
      2.0217027853460463,
      1.5269462542525785,
      1.8048830590407663,
      1.458431142447832,
      1.924434827031596,
      1.5266768917029419,
      1.7284476108647318,
      1.612709048306786,
      1.9738899896012922,
      2.051310604276166,
      1.5763864271239585,
      1.9321630397353757,
      2.5064404252572423,
      1.846261919401273,
      1.5635664859457954,
      1.7563820245143216,
      1.732078898037441,
      1.6703478267251295,
      1.7054718282758574,
      1.6248863261512263,
      1.3737593813937468,
      1.7941158062129554,
      1.5099965993387203,
      1.9677578024802684,
      2.273667740417261,
      1.7200657765246596,
      2.014063007001621
    ],