{
  "state": "AR",
  "state_name": "Arkansas",
  "algorithm": "metis+kl",
  "districts": 4,
  "total_internal_boundary_km": 986.6010232104239,
  "population": {
    "ideal": 752881.0,
    "per_district": [
      750712,
      753460,
      755881,
      751471
    ],
    "deviations_pct": [
      -0.2880933374597048,
      0.07690458385853807,
      0.3984693464172957,
      -0.18728059281612897
    ],
    "max_abs_deviation_pct": 0.3984693464172957,
    "range_pct": 0.6865626838770005
  },
  "compactness": {
    "polsby_popper": [
      0.47709058935142545,
      0.3009555624910309,
      0.5145311862932712,
      0.3532334473948319
    ],
    "reock": [
      0.4751513766626727,
      0.4918691507506711,
      0.5367125174192163,
      0.6325087864922367
    ],
    "schwartzberg": [
      1.447770005940325,
      1.8228411020852489,
      1.3941007104563192,
      1.6825543048165363
    ],
    "convex_hull_ratio": [
      0.9041344448846818,
      0.8393809361302681,
      0.8877338551821603,
      0.90432708267691
    ]
  },
  "runtime_seconds": 20.127299375999428,
  "seed": 42,
  "districtmaker_version": "0.1.0",
  "generated_at": "2026-05-14T15:03:50.333754+00:00"
}