{
  "state": "KS",
  "state_name": "Kansas",
  "algorithm": "metis+kl",
  "districts": 4,
  "total_internal_boundary_km": 827.5573431306085,
  "population": {
    "ideal": 734470.0,
    "per_district": [
      736254,
      731975,
      737585,
      732066
    ],
    "deviations_pct": [
      0.2428962381036666,
      -0.3397007365855651,
      0.42411534848257926,
      -0.3273108500006808
    ],
    "max_abs_deviation_pct": 0.42411534848257926,
    "range_pct": 0.7638160850681444
  },
  "compactness": {
    "polsby_popper": [
      0.5628112511372886,
      0.4281065740254205,
      0.614311619335255,
      0.6347315516292051
    ],
    "reock": [
      0.553742506310844,
      0.44208201804641445,
      0.645900706201922,
      0.6174245319045355
    ],
    "schwartzberg": [
      1.332964596115997,
      1.528354329402951,
      1.275867676977631,
      1.255176953447536
    ],
    "convex_hull_ratio": [
      0.9141833355611139,
      0.8859825661219358,
      0.9559801581344819,
      0.9454677384971744
    ]
  },
  "runtime_seconds": 15.96191941699908,
  "seed": 42,
  "districtmaker_version": "0.1.0",
  "generated_at": "2026-05-14T15:17:35.396365+00:00"
}