{
  "state": "RI",
  "state_name": "Rhode Island",
  "algorithm": "annealing",
  "districts": 2,
  "total_internal_boundary_km": 59.56975165504096,
  "population": {
    "ideal": 548689.5,
    "per_district": [
      548641,
      548738
    ],
    "deviations_pct": [
      -0.00883924332432095,
      0.00883924332432095
    ],
    "max_abs_deviation_pct": 0.00883924332432095,
    "range_pct": 0.0176784866486419
  },
  "compactness": {
    "polsby_popper": [
      0.36307308239502967,
      0.5367933213097584
    ],
    "reock": [
      0.5359610808560276,
      0.5407259436262776
    ],
    "schwartzberg": [
      1.6595982716238835,
      1.3648862168421638
    ],
    "convex_hull_ratio": [
      0.7963073028407943,
      0.9575513817378247
    ]
  },
  "runtime_seconds": 9.764984666999226,
  "seed": 42,
  "districtmaker_version": "0.1.0",
  "generated_at": "2026-05-14T17:33:40.338304+00:00"
}