{
  "state": "IL",
  "state_name": "Illinois",
  "algorithm": "metis",
  "districts": 17,
  "total_internal_boundary_km": 2055.3397139350377,
  "population": {
    "ideal": 753676.9411764706,
    "per_district": [
      752755,
      753341,
      755417,
      756718,
      753033,
      756704,
      751409,
      753500,
      754974,
      751643,
      756715,
      756188,
      751026,
      751121,
      751876,
      755180,
      750908
    ],
    "deviations_pct": [
      -0.12232577727951649,
      -0.04457363070524703,
      0.2308759534042809,
      0.40349633342667784,
      -0.08543994665213268,
      0.4016387736109102,
      -0.3009168852811661,
      -0.023477058511887233,
      0.17209745351963696,
      -0.2698690997890517,
      0.4030982848947276,
      0.3331744261154785,
      -0.3517344145268064,
      -0.3391295443483839,
      -0.23895399714092067,
      0.19943011938021632,
      -0.367390990116847
    ],
    "max_abs_deviation_pct": 0.40349633342667784,
    "range_pct": 0.7708873235435248
  },
  "compactness": {
    "polsby_popper": [
      0.3504357226248634,
      0.48383400255770675,
      0.46739181923694995,
      0.5352130990763232,
      0.4633642657350476,
      0.5838485716022507,
      0.4624938817123666,
      0.47256068279130586,
      0.489556210317674,
      0.4781927171150326,
      0.4928671816116742,
      0.43652197405029475,
      0.35055014475483554,
      0.4213687441347632,
      0.480663190559846,
      0.4711490351188912,
      0.5824017691947473
    ],
    "reock": [
      0.40658205863703223,
      0.6320248438831221,
      0.5746033475269431,
      0.5749822164409615,
      0.5578311911550675,
      0.5589327654573909,
      0.4507693726014178,
      0.5433201407384186,
      0.6291728801187442,
      0.4418316482621225,
      0.5272877947014705,
      0.5338945432331051,
      0.5563126061861079,
      0.5221039134862604,
      0.48412025676331777,
      0.5702462163153114,
      0.6053034760252254
    ],
    "schwartzberg": [
      1.6892573398795352,
      1.4376454921635073,
      1.4627140960427547,
      1.3668996521304535,
      1.469057283883988,
      1.3087294911144864,
      1.4704389702398544,
      1.4546925254157688,
      1.4292187920743578,
      1.446100649722313,
      1.4244101167579108,
      1.5135506005890695,
      1.6889816244062203,
      1.5405253212080123,
      1.4423795872005072,
      1.4568701563673114,
      1.310354055629603
    ],
    "convex_hull_ratio": [
      0.7685605111564401,
      0.8826744932903565,
      0.8644646928446326,
      0.90789607943654,
      0.8558601564608157,
      0.931546310924289,
      0.8695120995888023,
      0.8787562654844652,
      0.8711302033746066,
      0.8894792431205663,
      0.8887110104792815,
      0.8223955918512527,
      0.807766451343814,
      0.8781352523990589,
      0.9021372818004021,
      0.8539885887954933,
      0.9130214398740483
    ]
  },
  "runtime_seconds": 25.668402249997598,
  "seed": 42,
  "districtmaker_version": "0.1.0",
  "generated_at": "2026-05-14T21:10:53.385877+00:00"
}