{
  "state": "CA",
  "state_name": "California",
  "algorithm": "metis+kl",
  "districts": 52,
  "total_internal_boundary_km": 8240.295372068655,
  "population": {
    "ideal": 760350.4423076923,
    "per_district": [
      760878,
      764007,
      762742,
      759874,
      760616,
      759687,
      763036,
      757657,
      763912,
      759089,
      759185,
      757365,
      756600,
      762620,
      759010,
      756585,
      762722,
      764106,
      756745,
      757006,
      761817,
      757257,
      760777,
      758544,
      758443,
      757780,
      763024,
      763961,
      756606,
      758572,
      763914,
      762250,
      761445,
      762324,
      764021,
      761456,
      763266,
      757122,
      762633,
      763347,
      758275,
      759913,
      759667,
      764150,
      758022,
      760743,
      758600,
      756658,
      758793,
      758625,
      760909,
      761867
    ],
    "deviations_pct": [
      0.06938349252570808,
      0.4809042631986845,
      0.31453360966678445,
      -0.06266088387431375,
      0.03492569709064263,
      -0.08725480657033374,
      0.3531999908038427,
      -0.35423696204049737,
      0.4684100243958936,
      -0.16590275187632286,
      -0.15327699477034465,
      -0.39264030657118104,
      -0.49325180850944467,
      0.2984883766779372,
      -0.17629269782811738,
      -0.4952245830572538,
      0.311903243603039,
      0.4939245752142245,
      -0.47418165454729017,
      -0.439855377415412,
      0.19287917921855718,
      -0.4068442833154065,
      0.056100143903793545,
      -0.23758022711338647,
      -0.25086357573530105,
      -0.3380602107484629,
      0.3516217711655954,
      0.47485442125206995,
      -0.49246269869032105,
      -0.23389771462414286,
      0.4686730610022681,
      0.24982660449864627,
      0.14395437043289175,
      0.2595589589345045,
      0.4827455194433063,
      0.14540107176795172,
      0.3834492005369154,
      -0.4245992542456883,
      0.30019811461937174,
      0.3941021830950845,
      -0.27295865067076286,
      -0.05753167005001011,
      -0.08988517263407919,
      0.4997113805544645,
      -0.3062327813771428,
      0.051628521595426274,
      -0.2302152021348992,
      -0.4856237469245829,
      -0.2048321696197556,
      -0.22692724455521737,
      0.07346055992451354,
      0.19945509437792083
    ],
    "max_abs_deviation_pct": 0.4997113805544645,
    "range_pct": 0.9949359636117183
  },
  "compactness": {
    "polsby_popper": [
      0.16665161470748804,
      0.30954923302547244,
      0.33667582226108045,
      0.4836218544441235,
      0.18508496826700105,
      0.36278659532798174,
      0.23942127750525913,
      0.3214574250738681,
      0.29466974645691374,
      0.3559890235463871,
      0.2522901389770354,
      0.1561506967199391,
      0.31172859882668896,
      0.20978870517650797,
      0.3675990994042649,
      0.2556176938638795,
      0.4918358645503656,
      0.31560582093987105,
      0.2647334772138764,
      0.2808751668702652,
      0.2915283857327281,
      0.2767731813724686,
      0.26557901130439565,
      0.20679735452986078,
      0.38272403101498953,
      0.39634465948938236,
      0.22315465022593622,
      0.36849392924955904,
      0.24583804082102362,
      0.29454839986770065,
      0.16022940264987356,
      0.2190106719039858,
      0.39147483756697005,
      0.27632536285328063,
      0.20261587519929436,
      0.39426074434050856,
      0.21962691226012648,
      0.2954463579522318,
      0.18526581763127736,
      0.35300521286198266,
      0.33041704348948464,
      0.3343877904686864,
      0.3295446368652359,
      0.36334949895448293,
      0.28438291127955123,
      0.33014931258570074,
      0.47708783006221467,
      0.4014695052697342,
      0.2937436806087607,
      0.14524515839901372,
      0.5588936330886141,
      0.42772596021713544
    ],
    "reock": [
      0.2672787261678863,
      0.38001295275664954,
      0.5542069067161274,
      0.6458526799699128,
      0.12445842596113528,
      0.429441574597408,
      0.26381169664877996,
      0.5909924075460105,
      0.42589354222545844,
      0.4534968622515711,
      0.43414376750555517,
      0.3789586144663454,
      0.6028217214873004,
      0.3009607770104764,
      0.6107538943281012,
      0.4644756271697935,
      0.6628860861177328,
      0.5798187505507034,
      0.4357529234381665,
      0.4175672921474378,
      0.5480012272866541,
      0.3881184566630857,
      0.48059309418076573,
      0.3613698681300274,
      0.48268163385075286,
      0.4475946469526305,
      0.3780719436555028,
      0.5119198585522843,
      0.45849604831937585,
      0.2723407574071751,
      0.45086361571197314,
      0.4800580777269681,
      0.38074283303914286,
      0.4027232338246181,
      0.22677894241690533,
      0.5920769358622805,
      0.34513274315472636,
      0.564031044822464,
      0.3648621896983038,
      0.3586215366114501,
      0.3988717324271219,
      0.5474467242463372,
      0.3283891765822045,
      0.41372738149618754,
      0.45376138430664953,
      0.31840175087533557,
      0.49356150129064447,
      0.4768418252823328,
      0.44889222096702597,
      0.1517037265823963,
      0.661107408323784,
      0.45301438785745834
    ],
    "schwartzberg": [
      2.4496003591345525,
      1.7973602547522969,
      1.72343153480558,
      1.4379607801681236,
      2.324419047346957,
      1.6602534220895975,
      2.043706979528357,
      1.763755045744575,
      1.842180688453442,
      1.6760296463730049,
      1.990901904302777,
      2.5306264143556034,
      1.7910663570021987,
      2.1832775484136118,
      1.6493498322854514,
      1.9779009715888964,
      1.4259027378555127,
      1.7800307208666553,
      1.9435493294163815,
      1.8868758598587985,
      1.8520792926028304,
      1.9008068881937192,
      1.9404529866711682,
      2.19901155104005,
      1.6164308628079491,
      1.5884132262399187,
      2.1168838484822827,
      1.6473460210717332,
      2.0168586259346406,
      1.84256011561148,
      2.498209716704255,
      2.136817152771964,
      1.5982623674238186,
      1.9023465078681563,
      2.2215866913956774,
      1.5926055734889695,
      2.1338172518742,
      1.8397579134604958,
      2.3232842661183253,
      1.6830981423160167,
      1.73967763205346,
      1.7293177301671452,
      1.741978842554877,
      1.6589668854171582,
      1.8752028399725225,
      1.7403828751940795,
      1.4477741926016998,
      1.5782424433210023,
      1.8450822626269545,
      2.623911408069906,
      1.3376282089012184,
      1.5290341845712758
    ],