{
  "state": "LA",
  "state_name": "Louisiana",
  "algorithm": "metis",
  "districts": 6,
  "total_internal_boundary_km": 1197.4717759748107,
  "population": {
    "ideal": 776292.8333333334,
    "per_district": [
      777998,
      779169,
      773101,
      772449,
      777719,
      777321
    ],
    "deviations_pct": [
      0.21965508290792685,
      0.3705002214585211,
      -0.41116357079169724,
      -0.4951524950743509,
      0.18371503708758888,
      0.13244572441198127
    ],
    "max_abs_deviation_pct": 0.4951524950743509,
    "range_pct": 0.865652716532872
  },
  "compactness": {
    "polsby_popper": [
      0.47088385814030004,
      0.32455754483454136,
      0.2839420924403459,
      0.4159569820104373,
      0.2516956047880818,
      0.5305475074973198
    ],
    "reock": [
      0.5674090077439347,
      0.5003702755607683,
      0.30803294784230356,
      0.4668440806306681,
      0.5398636345923135,
      0.6313540293084595
    ],
    "schwartzberg": [
      1.4572803148861724,
      1.7553112863948086,
      1.8766578974951382,
      1.5505143527192768,
      1.9932518879053909,
      1.372896698722268
    ],
    "convex_hull_ratio": [
      0.8575000557276017,
      0.8987448577626307,
      0.7773652755879443,
      0.7976364269641414,
      0.7269455194531652,
      0.9203532981699486
    ]
  },
  "runtime_seconds": 20.424638625001535,
  "seed": 42,
  "districtmaker_version": "0.1.0",
  "generated_at": "2026-05-14T18:56:36.527843+00:00"
}