{
  "state": "AZ",
  "state_name": "Arizona",
  "algorithm": "splitline+kl",
  "districts": 9,
  "total_internal_boundary_km": 2402.998722055436,
  "population": {
    "ideal": 794611.3333333334,
    "per_district": [
      794591,
      795425,
      792912,
      794425,
      798539,
      794341,
      795741,
      790870,
      794658
    ],
    "deviations_pct": [
      -0.0025589030108688947,
      0.10239806966424188,
      -0.21385717294073814,
      -0.02344961939464394,
      0.4942877733936123,
      -0.03402082527559035,
      0.1421659394068498,
      -0.470838153998983,
      0.005872892156076454
    ],
    "max_abs_deviation_pct": 0.4942877733936123,
    "range_pct": 0.9651259273925953
  },
  "compactness": {
    "polsby_popper": [
      0.28263456087590705,
      0.5575370248542393,
      0.12031689487112276,
      0.2705024047466986,
      0.24633587312579736,
      0.538924911388569,
      0.3717151981238833,
      0.1948233279517307,
      0.5081612792332613
    ],
    "reock": [
      0.32298482921384275,
      0.6340068712557291,
      0.10079389579044891,
      0.2605418391251003,
      0.23385379218698035,
      0.5856259796377579,
      0.41630888491601814,
      0.17833127686899375,
      0.5124578946481885
    ],
    "schwartzberg": [
      1.8809938110296087,
      1.3392545896180141,
      2.882947225806852,
      1.9227128766885415,
      2.014819610735773,
      1.3621843001191174,
      1.640192572476451,
      2.2655806207786955,
      1.4028111694298366
    ],
    "convex_hull_ratio": [
      0.9110425553354498,
      0.9549627462869069,
      0.7700507587156368,
      0.876824849907283,
      0.8384868736318003,
      0.9515884075649416,
      0.8875316856534635,
      0.8113135592939476,
      0.9405844640231472
    ]
  },
  "runtime_seconds": 313.4126270840643,
  "seed": 42,
  "districtmaker_version": "0.1.0",
  "generated_at": "2026-05-13T15:38:36.097836+00:00"
}