{
  "state": "AZ",
  "state_name": "Arizona",
  "algorithm": "metis+kl",
  "districts": 9,
  "total_internal_boundary_km": 1606.5017571631747,
  "population": {
    "ideal": 794611.3333333334,
    "per_district": [
      793527,
      794093,
      796782,
      790735,
      793686,
      791503,
      797746,
      794846,
      798584
    ],
    "deviations_pct": [
      -0.1364608441695234,
      -0.06523105216219402,
      0.2731733837171499,
      -0.4878275920219326,
      -0.11645106160916056,
      -0.3911765668247083,
      0.3944905559699158,
      0.029532257699146983,
      0.49995091940126213
    ],
    "max_abs_deviation_pct": 0.49995091940126213,
    "range_pct": 0.9877785114231947
  },
  "compactness": {
    "polsby_popper": [
      0.38956840558290834,
      0.35868637652180907,
      0.4148906542066529,
      0.4004604989578011,
      0.41291711898526795,
      0.5043515134821968,
      0.44017324405018166,
      0.5557462237312742,
      0.42157805165074924
    ],
    "reock": [
      0.6007073880374851,
      0.4521779193452723,
      0.5905603373802483,
      0.6250901173214404,
      0.48364754375048213,
      0.6814935957633412,
      0.41190401619124173,
      0.6253274910367128,
      0.5223061415872052
    ],
    "schwartzberg": [
      1.60216830511569,
      1.6697158089322868,
      1.55250559495445,
      1.5802294741998593,
      1.5562112686264642,
      1.4080994724882423,
      1.5072600204658784,
      1.3414106183628187,
      1.5401428492563423
    ],
    "convex_hull_ratio": [
      0.7866093060537431,
      0.7802728464361396,
      0.8280483713990482,
      0.8249855632929958,
      0.8476858557043794,
      0.880811510169448,
      0.9072056524113636,
      0.9169059199178538,
      0.8539060892908147
    ]
  },
  "runtime_seconds": 26.02683558300123,
  "seed": 42,
  "districtmaker_version": "0.1.0",
  "generated_at": "2026-05-14T16:07:56.532480+00:00"
}