{
  "state": "MI",
  "state_name": "Michigan",
  "algorithm": "metis",
  "districts": 13,
  "total_internal_boundary_km": 2120.372865075698,
  "population": {
    "ideal": 775179.3076923077,
    "per_district": [
      775784,
      777381,
      777901,
      778318,
      774622,
      777302,
      774990,
      772932,
      772451,
      773818,
      774738,
      772141,
      774953
    ],
    "deviations_pct": [
      0.07800676587877585,
      0.2840236169676207,
      0.35110487092266096,
      0.4048988764981452,
      -0.07189403622844877,
      0.27383242646291267,
      -0.02442114881411257,
      -0.28990811158232965,
      -0.35195827149074194,
      -0.17561197503585718,
      -0.05692975650001671,
      -0.39194901904086205,
      -0.029194238037836592
    ],
    "max_abs_deviation_pct": 0.4048988764981452,
    "range_pct": 0.7968478955390073
  },
  "compactness": {
    "polsby_popper": [
      0.5962682577342593,
      0.5008849400502446,
      0.5011063895384331,
      0.4503307112669435,
      0.551273454350609,
      0.38168883255985897,
      0.341313731044927,
      0.48850000342146915,
      0.554966931651048,
      0.368857296815604,
      0.5556804520350525,
      0.5381339415875774,
      0.43380723377683345
    ],
    "reock": [
      0.5516100482886512,
      0.5294438154645259,
      0.5448589141321356,
      0.5401822725659388,
      0.6075838588817462,
      0.41480449527175856,
      0.3350179452656634,
      0.5246005571295302,
      0.535854751850714,
      0.3444845133859431,
      0.6501632582672929,
      0.5987805307595823,
      0.6490071884776609
    ],
    "schwartzberg": [
      1.2950279891422771,
      1.4129637269518063,
      1.4126514832071402,
      1.4901645142401811,
      1.3468414072899528,
      1.618621382343583,
      1.71168214264616,
      1.4307630455529299,
      1.3423521014451074,
      1.6465344069153325,
      1.341490002333268,
      1.3631850277579043,
      1.518279070032078
    ],
    "convex_hull_ratio": [
      0.911395478571346,
      0.8553558644612627,
      0.861964231805877,
      0.8555152565561545,
      0.904239132795558,
      0.7527733341696041,
      0.7651314465433782,
      0.895500223833338,
      0.8887325707655426,
      0.8534486052282826,
      0.9349813076110126,
      0.8941057109142951,
      0.8666019022131888
    ]
  },
  "runtime_seconds": 21.397985791998508,
  "seed": 42,
  "districtmaker_version": "0.1.0",
  "generated_at": "2026-05-14T19:42:01.600981+00:00"
}