{
  "state": "MI",
  "state_name": "Michigan",
  "algorithm": "annealing",
  "districts": 13,
  "total_internal_boundary_km": 2465.2422417899274,
  "population": {
    "ideal": 775179.3076923077,
    "per_district": [
      775501,
      774845,
      775220,
      775269,
      775179,
      775020,
      775111,
      774709,
      774758,
      775315,
      775428,
      775395,
      775581
    ],
    "deviations_pct": [
      0.0414990834378597,
      -0.04312649847465264,
      0.005249405819847551,
      0.011570523980995577,
      -3.9693049684469945e-05,
      -0.020551076470552553,
      -0.008811857028420507,
      -0.060670826432124715,
      -0.05434970827097669,
      0.017504634907787604,
      0.03208190740186366,
      0.027824827823947643,
      0.05181927635401974
    ],
    "max_abs_deviation_pct": 0.060670826432124715,
    "range_pct": 0.11249010278614446
  },
  "compactness": {
    "polsby_popper": [
      0.4707483055661102,
      0.2550455980160262,
      0.42965841530422155,
      0.18571381856456212,
      0.363948061599914,
      0.3746200202727141,
      0.3406894342903531,
      0.3978577356451307,
      0.3555702244786866,
      0.47734618494864245,
      0.45915815034971263,
      0.4707873853642333,
      0.607577259448962
    ],
    "reock": [
      0.5361185920478984,
      0.2709998762202654,
      0.48546115885775804,
      0.17096517388565632,
      0.3617084179536473,
      0.39036472523825655,
      0.3449620983694979,
      0.38848358051284543,
      0.511721795828367,
      0.4913443395420654,
      0.5304033106118906,
      0.4962646610602412,
      0.5823867117035934
    ],
    "schwartzberg": [
      1.4574901126457966,
      1.980118055720201,
      1.5255917758094535,
      2.320480322956271,
      1.6576021244416552,
      1.633821130192712,
      1.7132497118291026,
      1.5853899350276872,
      1.6770163896971713,
      1.4473823489323538,
      1.4757705896973992,
      1.457429618669949,
      1.2829190225073204
    ],
    "convex_hull_ratio": [
      0.9240729133038508,
      0.9072758437217705,
      0.9624641422336224,
      0.9181134013098134,
      0.970931230134117,
      0.8686949344722966,
      0.9377534799201692,
      0.8723945954994429,
      0.9316434217155121,
      0.9419241367990996,
      0.9724804018015278,
      0.9620839705942702,
      0.9503961072097381
    ]
  },
  "runtime_seconds": 246.9574665,
  "seed": 42,
  "districtmaker_version": "0.1.0",
  "generated_at": "2026-05-14T19:42:01.855682+00:00"
}