{
  "state": "ID",
  "state_name": "Idaho",
  "algorithm": "splitline-chord",
  "districts": 2,
  "total_internal_boundary_km": 1650.011312746598,
  "population": {
    "ideal": 919553.0,
    "per_district": [
      919673,
      919433
    ],
    "deviations_pct": [
      0.013049818770641822,
      -0.013049818770641822
    ],
    "max_abs_deviation_pct": 0.013049818770641822,
    "range_pct": 0.026099637541283645
  },
  "compactness": {
    "polsby_popper": [
      0.17464567770547598,
      0.06253155241975102
    ],
    "reock": [
      0.29143986726229226,
      0.07313442397915385
    ],
    "schwartzberg": [
      2.392880877636933,
      3.998990704700402
    ],
    "convex_hull_ratio": [
      0.7587758174948647,
      0.6207817230908815
    ]
  },
  "runtime_seconds": 21.17953179200049,
  "seed": 42,
  "districtmaker_version": "0.1.0",
  "generated_at": "2026-05-14T14:39:54.108488+00:00"
}