{
  "state": "VA",
  "state_name": "Virginia",
  "algorithm": "metis+kl",
  "districts": 11,
  "total_internal_boundary_km": 1598.5414381893027,
  "population": {
    "ideal": 784672.0909090909,
    "per_district": [
      787917,
      782178,
      781572,
      782856,
      784902,
      787711,
      784514,
      788383,
      785648,
      782214,
      783498
    ],
    "deviations_pct": [
      0.4135369574760372,
      -0.317851359566183,
      -0.39508107208188004,
      -0.23144583962287835,
      0.02930002144497013,
      0.3872839528914933,
      -0.020147385248248446,
      0.47292482221583065,
      0.1243715817365708,
      -0.3132634558523792,
      -0.14962822339337753
    ],
    "max_abs_deviation_pct": 0.47292482221583065,
    "range_pct": 0.8680058942977107
  },
  "compactness": {
    "polsby_popper": [
      0.4770899239633944,
      0.39237105773142716,
      0.3979667885670933,
      0.41389899820144654,
      0.2988964079202492,
      0.4423988406776362,
      0.5580693367984262,
      0.36084806957046733,
      0.28052959685104706,
      0.3921548592599957,
      0.39487705918639476
    ],
    "reock": [
      0.42780583109220494,
      0.316401302462396,
      0.40271702319634556,
      0.4925313897218556,
      0.45746749252431246,
      0.39018068104121745,
      0.5865735101472754,
      0.45606746672084464,
      0.224461960094637,
      0.5365521713616397,
      0.46282873730917545
    ],
    "schwartzberg": [
      1.4477710155282968,
      1.5964360173308447,
      1.5851727017614892,
      1.5543642977508985,
      1.829109275598967,
      1.5034639182479168,
      1.338615716230895,
      1.6647070043361993,
      1.8880376749614125,
      1.596876021401923,
      1.5913622374574339
    ],
    "convex_hull_ratio": [
      0.8959952950775011,
      0.7176294709838164,
      0.7933033257910569,
      0.8212737062065346,
      0.7346840362531204,
      0.8934648908069557,
      0.92243381095647,
      0.7339796382001652,
      0.8347282516583252,
      0.8649514737333188,
      0.8229382186049046
    ]
  },
  "runtime_seconds": 29.4686444580002,
  "seed": 42,
  "districtmaker_version": "0.1.0",
  "generated_at": "2026-05-14T18:29:15.959999+00:00"
}