{
  "state": "MS",
  "state_name": "Mississippi",
  "algorithm": "metis",
  "districts": 4,
  "total_internal_boundary_km": 809.0012313955878,
  "population": {
    "ideal": 740319.75,
    "per_district": [
      737554,
      742209,
      739371,
      742145
    ],
    "deviations_pct": [
      -0.37358857439640103,
      0.25519378619846356,
      -0.1281540847721542,
      0.24654887297009165
    ],
    "max_abs_deviation_pct": 0.37358857439640103,
    "range_pct": 0.6287823605948646
  },
  "compactness": {
    "polsby_popper": [
      0.4104790537508091,
      0.3964735806958325,
      0.3222953793041977,
      0.4218063187976303
    ],
    "reock": [
      0.48440793206827143,
      0.404572941651435,
      0.6325809465612341,
      0.462905902721799
    ],
    "schwartzberg": [
      1.5608260319602716,
      1.588154953294099,
      1.7614607095598191,
      1.5397260565545767
    ],
    "convex_hull_ratio": [
      0.9318232466120177,
      0.8533112854492558,
      0.9172180508798924,
      0.8900785174328469
    ]
  },
  "runtime_seconds": 16.794709292000334,
  "seed": 42,
  "districtmaker_version": "0.1.0",
  "generated_at": "2026-05-14T17:41:24.974782+00:00"
}