{
  "state": "TX",
  "state_name": "Texas",
  "algorithm": "metis+kl",
  "districts": 38,
  "total_internal_boundary_km": 8891.732943954832,
  "population": {
    "ideal": 766986.9736842106,
    "per_district": [
      765881,
      766222,
      764220,
      766453,
      767908,
      764038,
      763390,
      766945,
      763180,
      768791,
      764752,
      763205,
      770115,
      766844,
      764797,
      766097,
      765493,
      769184,
      769674,
      769329,
      768432,
      770807,
      767707,
      765792,
      768880,
      768900,
      769460,
      765058,
      770071,
      770443,
      766233,
      766102,
      765492,
      770348,
      765007,
      764465,
      765355,
      770435
    ],
    "deviations_pct": [
      -0.14419719267173925,
      -0.09973750669271778,
      -0.36075888889213414,
      -0.06961965490047743,
      0.12008369729740007,
      -0.3844881054557174,
      -0.46897454684693707,
      -0.005472541992329167,
      -0.49635441211261017,
      0.23520951172401575,
      -0.2913965635524291,
      -0.4930949043428871,
      0.40783304320854485,
      -0.018640953382010012,
      -0.28552944956692766,
      -0.11603504554133269,
      -0.19478475325783992,
      0.286448973864061,
      0.35033532615063145,
      0.3053541189284543,
      0.18840298015079374,
      0.498056218274477,
      0.0938772548288273,
      -0.15580104033195305,
      0.24681335938422955,
      0.24942096560000795,
      0.3224339396418027,
      -0.2515001884510198,
      0.4020963095338324,
      0.45059778514731036,
      -0.09830332327403968,
      -0.1153831439873881,
      -0.19491513356862883,
      0.4382116556223631,
      -0.2581495843012547,
      -0.3288157127488489,
      -0.21277723614671076,
      0.44955474266099904
    ],
    "max_abs_deviation_pct": 0.498056218274477,
    "range_pct": 0.9944106303870872
  },
  "compactness": {
    "polsby_popper": [
      0.2879329670265962,
      0.29167688110479223,
      0.3071078099613455,
      0.3931830859156671,
      0.33793948708721183,
      0.27837597536861475,
      0.30172026366904425,
      0.4400680821842646,
      0.25861331832727236,
      0.39045605104161124,
      0.30355483757325014,
      0.08605801556046357,
      0.518920327139158,
      0.48692695734341407,
      0.3564510359464572,
      0.18726247816173552,
      0.558214010385181,
      0.23956145444452495,
      0.2575039955540895,
      0.4138675464248505,
      0.32542719643201645,
      0.368747910656418,
      0.4577299802273948,
      0.4185809562217673,
      0.4914178192007997,
      0.4659312895845646,
      0.4344212537221379,
      0.29517210811449496,
      0.3289863635201324,
      0.20513588019523538,
      0.33432003123475973,
      0.47172083587529445,
      0.31670949489998584,
      0.48910866160693356,
      0.4149693004708095,
      0.3961239293605978,
      0.5177246916909829,
      0.43932058686272174
    ],
    "reock": [
      0.5095136560630735,
      0.4579351707440726,
      0.43274204285263457,
      0.5730471106137265,
      0.4858908679400323,
      0.3655578146489189,
      0.4200163889543084,
      0.615605065709863,
      0.3838634064863894,
      0.3295784874211246,
      0.30222014579668166,
      0.20443187017113454,
      0.6081075758073335,
      0.5496408763657297,
      0.42116927119355174,
      0.4572727486881643,
      0.5387737361737324,
      0.3979034738254356,
      0.40398146628547515,
      0.5154502706484057,
      0.4884798515566105,
      0.4725779958117008,
      0.46378436117490823,
      0.39692530283700783,
      0.5300149638925039,
      0.5058663831279695,
      0.5771545163630697,
      0.30514587687984995,
      0.5007342055265086,
      0.27020714404749147,
      0.4325759014830298,
      0.5062876391003968,
      0.5513360761051548,
      0.5899482734132537,
      0.5342938896223544,
      0.4217848529124811,
      0.6274686513663786,
      0.6008518516318152
    ],
    "schwartzberg": [
      1.8636068742705765,
      1.8516077773151232,
      1.804490373313788,
      1.594786631705168,
      1.7202062835091674,
      1.8953268896805135,
      1.8205296678778586,
      1.5074401026102888,
      1.966412184500104,
      1.600346119745843,
      1.8150200244960826,
      3.4088220962902507,
      1.3881923871388253,
      1.4330722639834708,
      1.6749431050523724,
      2.3108652231431854,
      1.3384422389596755,
      2.0431089648980936,
      1.9706432674330088,
      1.5544233584217584,
      1.752964324488554,
      1.6467786045292123,
      1.478071083531854,
      1.5456468285474916,
      1.4265091111557704,
      1.4650048477173887,
      1.5172057071692169,
      1.8406123914961003,
      1.7434562413803858,
      2.2078989116487255,
      1.7294929684073959,
      1.4559869093372368,
      1.7769264753056684,
      1.4298725310299243,
      1.5523584701542912,
      1.5888557163312276,
      1.3897944112333644,
      1.508721997377279
    ],
    "convex_hull_ratio": [
      0.7640839895694286,
      0.8022849412609604,
      0.8188466753635948,
      0.8683939975837166,
      0.8271109803534753,
      0.8509898649287811,
      0.7723133489304173,
      0.8574274814493337,
      0.7598565588165309,
      0.7943432067283115,
      0.803121258412944,
      0.4664769588634819,
      0.9023142475349271,
      0.8682814990790189,
      0.8072516109038588,
      0.7768469329220039,
      0.9100109496791073,
      0.7331811006974815,
      0.7504764892952409,
      0.840912757811832,
      0.8021198788574284,
      0.7869641000790414,
      0.8670981580752609,
      0.8591721970342343,
      0.8928901719230479,
      0.8652268211105131,
      0.8476179672890913,
      0.7691028377219683,
      0.9095831401066437,
      0.6021219435804438,
      0.7621383836075087,
      0.88552789077961,
      0.818472044237961,
      0.8912600895530702,
      0.8183085972200231,
      0.8306028787919786,
      0.8732606437877154,
      0.8678986359593013
    ]
  },
  "runtime_seconds": 314.1133227500104,
  "seed": 49,
  "districtmaker_version": "0.1.0",
  "generated_at": "2026-05-15T19:23:08.159512+00:00"
}