{
  "state": "AR",
  "state_name": "Arkansas",
  "algorithm": "splitline+kl",
  "districts": 4,
  "total_internal_boundary_km": 973.3175847471941,
  "population": {
    "ideal": 752881.0,
    "per_district": [
      751626,
      753847,
      753046,
      753005
    ],
    "deviations_pct": [
      -0.16669300991790204,
      0.12830712954636922,
      0.02191581405295126,
      0.016470066318581555
    ],
    "max_abs_deviation_pct": 0.16669300991790204,
    "range_pct": 0.2950001394642713
  },
  "compactness": {
    "polsby_popper": [
      0.34504906167134614,
      0.5703391799089566,
      0.2666203846640589,
      0.5130463257522415
    ],
    "reock": [
      0.5059814263043919,
      0.5004996679286043,
      0.5273089771683829,
      0.5438517700318728
    ],
    "schwartzberg": [
      1.7023920191572341,
      1.32413844972642,
      1.9366597413173963,
      1.3961166585411613
    ],
    "convex_hull_ratio": [
      0.9245953677777156,
      0.9681065354269665,
      0.8983052677868284,
      0.9531148875984968
    ]
  },
  "runtime_seconds": 142.58541625004727,
  "seed": 42,
  "districtmaker_version": "0.1.0",
  "generated_at": "2026-05-13T15:11:55.907542+00:00"
}