{
  "state": "NE",
  "state_name": "Nebraska",
  "algorithm": "splitline-realized+kl",
  "districts": 3,
  "total_internal_boundary_km": 425.63278344229593,
  "population": {
    "ideal": 653834.6666666666,
    "per_district": [
      654721,
      652995,
      653788
    ],
    "deviations_pct": [
      0.13555924433496525,
      -0.12842186403901718,
      -0.007137380295930245
    ],
    "max_abs_deviation_pct": 0.13555924433496525,
    "range_pct": 0.2639811083739824
  },
  "compactness": {
    "polsby_popper": [
      0.4851957144280656,
      0.3174683125219712,
      0.613025274220352
    ],
    "reock": [
      0.5298351828293174,
      0.3364754106976943,
      0.5205137839616449
    ],
    "schwartzberg": [
      1.4356266837143958,
      1.7748015863748257,
      1.277205587636493
    ],
    "convex_hull_ratio": [
      0.8980968803278896,
      0.8688680796499829,
      0.9382651629535829
    ]
  },
  "runtime_seconds": 48.54836562499804,
  "seed": 42,
  "districtmaker_version": "0.1.0",
  "generated_at": "2026-05-14T14:52:01.537216+00:00"
}