{
  "state": "CA",
  "state_name": "California",
  "algorithm": "metis+kl",
  "districts": 52,
  "total_internal_boundary_km": 6893.379595159918,
  "population": {
    "ideal": 760350.4423076923,
    "per_district": [
      757661,
      757473,
      758793,
      757461,
      758934,
      756787,
      759322,
      761362,
      763299,
      763889,
      760733,
      758956,
      758283,
      763901,
      763412,
      763932,
      759037,
      760336,
      761719,
      764065,
      761395,
      763550,
      758285,
      756605,
      762638,
      758962,
      758482,
      763168,
      760093,
      763513,
      764137,
      763408,
      762622,
      756615,
      760359,
      757639,
      761827,
      756921,
      764093,
      756784,
      757339,
      764149,
      756882,
      760647,
      759635,
      763266,
      757554,
      757499,
      757163,
      760870,
      758643,
      764125
    ],
    "deviations_pct": [
      -0.3537108888277483,
      -0.3784363298269556,
      -0.2048321696197556,
      -0.38001454946520286,
      -0.18628808887035012,
      -0.4686578858134247,
      -0.13525898723368832,
      0.1330383512683481,
      0.38778930454209537,
      0.4653851034225863,
      0.05031333856355354,
      -0.18339468620023014,
      -0.27190650424526464,
      0.46696332306083355,
      0.4026508728022572,
      0.471040390459639,
      -0.172741703642061,
      -0.0018994278017937377,
      0.17999038550620447,
      0.48853232478354636,
      0.1373784552735281,
      0.42080039864210084,
      -0.27164346763889013,
      -0.49259421699350836,
      0.30085570613530815,
      -0.18260557638110647,
      -0.2457343619109974,
      0.37056040682456265,
      -0.03385837547630101,
      0.4159342214241717,
      0.49800164261303,
      0.40212479958950814,
      0.2987514132843117,
      -0.49127903396163564,
      0.0011254931715135351,
      -0.3566042914978683,
      0.1941943622504299,
      -0.45103443318633013,
      0.4922148372727899,
      -0.4690524407229865,
      -0.39605978245405016,
      0.4995798622512772,
      -0.4561636470106338,
      0.03900276448944808,
      -0.09409375833607193,
      0.3834492005369154,
      -0.36778334726878653,
      -0.3750168539440865,
      -0.41920700381501014,
      0.06833134610020991,
      -0.2245599150978465,
      0.49642342297478265
    ],
    "max_abs_deviation_pct": 0.4995798622512772,
    "range_pct": 0.9921740792447855
  },
  "compactness": {
    "polsby_popper": [
      0.4237087988771568,
      0.26323900063355793,
      0.4428743013722187,
      0.3870720052364595,
      0.26658727259872234,
      0.3573585373558989,
      0.44966944144165066,
      0.39444546630063926,
      0.42233088749859876,
      0.4599900438646246,
      0.4299002940977394,
      0.41352414235475865,
      0.2655077585890833,
      0.5541426158645326,
      0.4429399727463402,
      0.4491917898397288,
      0.5733139439939428,
      0.4693685501633703,
      0.4468536305953451,
      0.4637427417205453,
      0.5037095188930658,
      0.3045141246466803,
      0.4664022500512291,
      0.4125633283360523,
      0.48435834108363524,
      0.30562747285220265,
      0.44721561010351235,
      0.44342093490352963,
      0.45178324333300135,
      0.45972227892560547,
      0.36154319337884777,
      0.4733704411283248,
      0.24691524954135805,
      0.24507357784603206,
      0.2426508056460096,
      0.2715922830554932,
      0.2770865775112939,
      0.4669701476309528,
      0.3915987718000513,
      0.5005900960156846,
      0.23597473283798517,
      0.42493031959990546,
      0.3076073588844838,
      0.37212958083925585,
      0.28549170238044386,
      0.467248272472103,
      0.3915479610335704,
      0.4341691328691211,
      0.27574180877362164,
      0.3447437028430857,
      0.476054762250418,
      0.4955053141549601
    ],
    "reock": [
      0.46867267427780146,
      0.22768188341295686,
      0.5156101091177197,
      0.4919854279645517,
      0.13791789715921848,
      0.4834908651502931,
      0.4520492474361287,
      0.3273793850412424,
      0.5236971526467171,
      0.5473079220328048,
      0.6039894827892437,
      0.5930314833883371,
      0.30122347691206863,
      0.563115217832979,
      0.43416650790189526,
      0.46528976382615533,
      0.5159228753672513,
      0.5674231248804151,
      0.547988374394492,
      0.49764380092700394,
      0.6346473016534244,
      0.2658872405584515,
      0.5017553597644814,
      0.45019133429373503,
      0.48602940459511845,
      0.3496555368300159,
      0.5691877131800035,
      0.6327546158616613,
      0.6192017970659547,
      0.5558438506499042,
      0.3608089969029617,
      0.6641470258075242,
      0.31808769910779183,
      0.3668992514275729,
      0.14198839177530742,
      0.5613393443355938,
      0.3846907116260499,
      0.5684903433567828,
      0.552614437636868,
      0.6877170462036118,
      0.4910458864362401,
      0.5599180868589113,
      0.32706844962716963,
      0.6456779809694196,
      0.4544633677584766,
      0.47544158216038296,
      0.49813376723015534,
      0.47989216822623554,
      0.36431841956386746,
      0.5547547739030605,
      0.6342669848382478,
      0.6229309580670251
    ],
    "schwartzberg": [
      1.5362654324821152,
      1.949058539833363,
      1.5026566576341083,
      1.607326551232857,
      1.9367800111489877,
      1.6728150189652091,
      1.4912598063908413,
      1.5922326148682673,
      1.538769528058014,
      1.4744355178088078,
      1.5251625364922807,
      1.55506864666367,
      1.9407133430352237,
      1.3433501394954384,
      1.5025452597116193,
      1.4920524671139201,
      1.320698691777686,
      1.459630759005858,
      1.4959509523642154,
      1.468457688092287,
      1.4089965216304001,
      1.8121589114912622,
      1.4642649996245938,
      1.5568783844034424,
      1.4368671252258958,
      1.8088552087562533,
      1.4953454131161115,
      1.5017301612110365,
      1.4877670655078936,
      1.4748648473010728,
      1.663105903495014,
      1.4534477776600858,
      2.012454377019013,
      2.0200017906890024,
      2.0300612022062143,
      1.9188511513929793,
      1.899731639291624,
      1.4633743586200758,
      1.5980094362226858,
      1.4133797785308555,
      2.0585776269618763,
      1.5340557400470927,
      1.8030245476901021,
      1.6392791046922837,
      1.8715578461982931,
      1.4629387643452252,
      1.5981131188597661,
      1.5176461618817796,
      1.9043584177625392,
      1.7031458043111347,
      1.4493442203617173,
      1.4206131869746443
    ],