{
  "name": "metis+kl",
  "status": "ok",
  "total_internal_boundary_km": 6893.379595159918,
  "max_abs_deviation_pct": 0.4995798622512772,
  "runtime_seconds": 172.27859858397278,
  "refine_iterations": 115,
  "refine_improvement_pct": 0.10712908365130015,
  "error": null
}