{
  "state": "MS",
  "state_name": "Mississippi",
  "algorithm": "splitline-chord",
  "districts": 4,
  "total_internal_boundary_km": 1295.474186448425,
  "population": {
    "ideal": 740319.75,
    "per_district": [
      740405,
      740457,
      740202,
      740215
    ],
    "deviations_pct": [
      0.011515294573729797,
      0.018539286571781992,
      -0.015905289572512415,
      -0.014149291572999368
    ],
    "max_abs_deviation_pct": 0.018539286571781992,
    "range_pct": 0.03444457614429441
  },
  "compactness": {
    "polsby_popper": [
      0.3525482554609082,
      0.19517305566435367,
      0.262184038862739,
      0.23023579175039297
    ],
    "reock": [
      0.3979740825882959,
      0.47737956107400065,
      0.4856964489165075,
      0.3644962353251197
    ],
    "schwartzberg": [
      1.6841885676445678,
      2.2635498804496237,
      1.9529758606970808,
      2.0840761360511855
    ],
    "convex_hull_ratio": [
      0.9280745799781202,
      0.7638780737529006,
      0.9504070350527639,
      0.915785661899532
    ]
  },
  "runtime_seconds": 19.959260291001556,
  "seed": 42,
  "districtmaker_version": "0.1.0",
  "generated_at": "2026-05-14T17:41:24.634492+00:00"
}