{
  "state": "VA",
  "state_name": "Virginia",
  "algorithm": "annealing",
  "districts": 11,
  "total_internal_boundary_km": 2020.5124971516425,
  "population": {
    "ideal": 784672.0909090909,
    "per_district": [
      784692,
      784338,
      785253,
      785071,
      784749,
      784889,
      784738,
      784645,
      784302,
      784310,
      784406
    ],
    "deviations_pct": [
      0.002537249781114714,
      -0.042577136737955844,
      0.07403208265455705,
      0.05083768054588235,
      0.009801430661304043,
      0.027643278437207652,
      0.00839957119319733,
      -0.003452513400795784,
      -0.04716504045175963,
      -0.046145506293136566,
      -0.033911096389659806
    ],
    "max_abs_deviation_pct": 0.07403208265455705,
    "range_pct": 0.12119712310631667
  },
  "compactness": {
    "polsby_popper": [
      0.4964614664840194,
      0.3813717364868545,
      0.309564784011563,
      0.3006684003621597,
      0.323078076741327,
      0.21511245776827204,
      0.29271851465459414,
      0.30155931839893774,
      0.23819751277873435,
      0.24916752064264194,
      0.30045735895200376
    ],
    "reock": [
      0.4501095462856991,
      0.4483380739602953,
      0.3314862989221242,
      0.38825373620396353,
      0.5471191242727287,
      0.34875086440354797,
      0.4565197188469169,
      0.4960898680438618,
      0.23341150653368495,
      0.29705786161612335,
      0.5084285724308184
    ],
    "schwartzberg": [
      1.4192445236041236,
      1.6192941535409975,
      1.7973151089915385,
      1.8237113731317176,
      1.7593257352170604,
      2.156091655795198,
      1.8483103848491633,
      1.8210154206579368,
      2.0489501334144453,
      2.003338256836495,
      1.824351748624988
    ],
    "convex_hull_ratio": [
      0.9148593429037416,
      0.9467362943677544,
      0.8526904479993173,
      0.8904586974234695,
      0.8852722152860665,
      0.8257013920180677,
      0.9522382814815573,
      0.9144014955988526,
      0.8048011771160025,
      0.8451570368087202,
      0.8656643765142963
    ]
  },
  "runtime_seconds": 165.3701387910005,
  "seed": 42,
  "districtmaker_version": "0.1.0",
  "generated_at": "2026-05-14T18:29:16.195273+00:00"
}