{
  "state": "TX",
  "state_name": "Texas",
  "algorithm": "metis+kl",
  "districts": 38,
  "total_internal_boundary_km": 9116.543565631595,
  "population": {
    "ideal": 766986.9736842106,
    "per_district": [
      764649,
      767438,
      763156,
      765789,
      767708,
      764356,
      766369,
      765114,
      765107,
      769876,
      768397,
      768103,
      766713,
      769094,
      767554,
      768629,
      767680,
      769745,
      769898,
      768676,
      769554,
      769434,
      767703,
      763608,
      767321,
      766083,
      764573,
      767492,
      766621,
      764643,
      764027,
      768276,
      768532,
      768221,
      766297,
      767144,
      768546,
      763379
    ],
    "deviations_pct": [
      -0.30482573556368775,
      0.058804951226608025,
      -0.4994835395715442,
      -0.1561921812643198,
      0.09400763513961621,
      -0.3430271666248411,
      -0.08057160100674665,
      -0.24419889104684028,
      -0.24511155322236275,
      0.3766721489299932,
      0.1838396692731816,
      0.14550785790123932,
      -0.03572077409535843,
      0.2747147458930583,
      0.07392906727812265,
      0.21408790137621084,
      0.09035698643752649,
      0.3595923282166447,
      0.3795405157673494,
      0.22021577598329004,
      0.3346896888559612,
      0.31904405156129084,
      0.09335573358567162,
      -0.4405516390949527,
      0.04355045486430447,
      -0.11786036989237755,
      -0.31473463918364564,
      0.06584548800920965,
      -0.047715762687939,
      -0.30560801742842125,
      -0.38592228887439556,
      0.16806365166772236,
      0.20144101122968566,
      0.16089273457433179,
      -0.08995898338354884,
      0.020473139854665763,
      0.20326633558073057,
      -0.4704087302656152
    ],
    "max_abs_deviation_pct": 0.4994835395715442,
    "range_pct": 0.8790240553388935
  },
  "compactness": {
    "polsby_popper": [
      0.48029758213825363,
      0.41166398955037015,
      0.15576081349281168,
      0.439565223184939,
      0.26298767683274793,
      0.20466633757465688,
      0.2738466421848438,
      0.15393691365878137,
      0.4654634015529672,
      0.4101901298519125,
      0.503143184280142,
      0.37129741690554247,
      0.5166543378239339,
      0.34168149214774557,
      0.28535587671181756,
      0.28692374006016746,
      0.42535907986642685,
      0.26396888624296266,
      0.3843326152386601,
      0.48927196790950594,
      0.42402930478432344,
      0.3393602523092773,
      0.4625882549452441,
      0.24693449061582096,
      0.24024524197699285,
      0.30758933130595045,
      0.36679292232798466,
      0.32378817609212435,
      0.23692686276074298,
      0.22190312903306394,
      0.23770798589260497,
      0.2585345749282124,
      0.3822580740300803,
      0.3385233059051253,
      0.4414020455970716,
      0.4180859456274195,
      0.3684295033739031,
      0.3448352094679796
    ],
    "reock": [
      0.6312826981717563,
      0.5123611393550281,
      0.35504328063485147,
      0.43245109506042045,
      0.5229882162055296,
      0.32987906675576456,
      0.37206027495170674,
      0.3512702417519562,
      0.5882748379927902,
      0.5102587588680002,
      0.7195344871512965,
      0.4375044346775317,
      0.5892534157875807,
      0.5557788517482299,
      0.3570716815997901,
      0.40612478291580995,
      0.5847224147843225,
      0.34534353898464565,
      0.6263807657540236,
      0.5373514474883226,
      0.5205556085411419,
      0.4717768001907145,
      0.5465264272980151,
      0.47964449005545773,
      0.3989839204426044,
      0.5583511030348184,
      0.45610054475871065,
      0.5278428630174566,
      0.3607780176119529,
      0.324687491266804,
      0.5895356286033616,
      0.4053135595023468,
      0.5487339370822938,
      0.32999064280260565,
      0.5558540094488126,
      0.46602881704148413,
      0.5442265258910438,
      0.42148853536584807
    ],
    "schwartzberg": [
      1.4429284613010767,
      1.558578068214016,
      2.5337916268534677,
      1.5083021056880102,
      1.949989624955191,
      2.2104301259587316,
      1.9109366502760483,
      2.548758062030056,
      1.465740980849991,
      1.5613756314357399,
      1.4097892771573544,
      1.6411150795707092,
      1.3912332863760373,
      1.7107607295721659,
      1.8720032117473109,
      1.8668815271948058,
      1.5332823840602778,
      1.9463620581700505,
      1.6130446141913084,
      1.4296338839180682,
      1.5356847235329392,
      1.7166015999375746,
      1.470288969503481,
      2.0123759705178554,
      2.0401993382219574,
      1.8030773838698324,
      1.6511613969647283,
      1.75739548904973,
      2.054437094983707,
      2.1228450081935697,
      2.0510588137611925,
      1.9667116225750982,
      1.6174157443787531,
      1.7187223056625822,
      1.5051605577722986,
      1.546561574935943,
      1.6474900473639233,
      1.7029198130832837
    ],
    "convex_hull_ratio": [
      0.8721373179927735,
      0.8790498726598224,
      0.6943064121566346,
      0.8574676849342592,
      0.7916909848124785,
      0.762051018834519,
      0.7892858704182598,
      0.6171120544804072,
      0.8981875884420966,
      0.816767020718534,
      0.8791257694071466,
      0.8229810915960536,
      0.8773713192743414,
      0.7710946207589323,
      0.798825492770777,
      0.8601253620856096,
      0.8440101977434822,
      0.6557883292099803,
      0.8615860839284384,
      0.8467889289255477,
      0.7846374962632932,
      0.7709496758459911,
      0.866935778039738,
      0.780841243025059,
      0.69885644382218,
      0.8796247334692596,
      0.8223817657845008,
      0.8682216878164698,
      0.7174742739663523,
      0.7386027985319416,
      0.8113785018695988,
      0.783763115856689,
      0.8750378354406226,
      0.8381696056452402,
      0.8712541501990637,
      0.8433539516817345,
      0.8294664464712723,
      0.8375935513611228
    ]
  },
  "runtime_seconds": 660.9142177920003,
  "seed": 47,
  "districtmaker_version": "0.1.0",
  "generated_at": "2026-05-15T19:28:48.586920+00:00"
}