{
  "name": "metis+kl",
  "status": "ok",
  "total_internal_boundary_km": 9116.543565631595,
  "max_abs_deviation_pct": 0.4994835395715442,
  "runtime_seconds": 660.9142177920003,
  "refine_iterations": 471,
  "refine_improvement_pct": 0.7764266754878929,
  "error": null
}