{
  "state": "TX",
  "state_name": "Texas",
  "algorithm": "metis+kl",
  "districts": 38,
  "total_internal_boundary_km": 9021.446983844895,
  "population": {
    "ideal": 766986.9736842106,
    "per_district": [
      764365,
      767359,
      768201,
      770819,
      770772,
      769543,
      770388,
      770263,
      768250,
      766779,
      765036,
      765388,
      764676,
      763239,
      770808,
      766180,
      769235,
      770477,
      766823,
      766652,
      770818,
      763191,
      764091,
      770789,
      763964,
      765422,
      764594,
      763961,
      764492,
      769098,
      770474,
      763618,
      770710,
      765828,
      769016,
      763687,
      763154,
      763345
    ],
    "deviations_pct": [
      -0.3418537438277408,
      0.0485049066742834,
      0.1582851283585534,
      0.499620782003944,
      0.4934929073968648,
      0.33325550543728305,
      0.4434268680539198,
      0.4271293292053049,
      0.16467376358721045,
      -0.02711567358328976,
      -0.254368555288376,
      -0.20847468589067644,
      -0.30130546717238693,
      -0.4886619737760639,
      0.4981865985852658,
      -0.10521347974585238,
      0.2930983697142959,
      0.4550307157141336,
      -0.021378939908577314,
      -0.04367397305348251,
      0.49949040169315506,
      -0.49492022869393204,
      -0.3775779489839047,
      0.49570937268027637,
      -0.39413624845409745,
      -0.20404175532385319,
      -0.3119966526570783,
      -0.3945273893864642,
      -0.3252954443575481,
      0.27523626713621396,
      0.45463957478176686,
      -0.4392478359870635,
      0.48540932812795184,
      -0.15110734914355195,
      0.2645450816515226,
      -0.43025159454262807,
      -0.49974430019312205,
      -0.4748416608324385
    ],
    "max_abs_deviation_pct": 0.49974430019312205,
    "range_pct": 0.9993650821970661
  },
  "compactness": {
    "polsby_popper": [
      0.415455976958666,
      0.38798789221198027,
      0.37694300761824867,
      0.44489812477845814,
      0.45092188722941196,
      0.33563437698248705,
      0.44315588773813874,
      0.39356085606464386,
      0.36459421467481296,
      0.5207505057933289,
      0.4266957517628588,
      0.38646586440405833,
      0.4642454287592222,
      0.24761824367561047,
      0.41240066045443996,
      0.4012172720412915,
      0.2972758245365653,
      0.38734836366988495,
      0.30511064390090714,
      0.33172501988100805,
      0.46273882443434067,
      0.3772063715352853,
      0.21411793476355015,
      0.33845569066628195,
      0.331163037208562,
      0.3644936484763681,
      0.23537103141038676,
      0.2717086274628974,
      0.34973226313208067,
      0.38709186608272056,
      0.42658641468824043,
      0.36889292927234196,
      0.4024228142261056,
      0.4535813983968591,
      0.39140558475631576,
      0.4074287053569116,
      0.2112686993198267,
      0.2438784500856181
    ],
    "reock": [
      0.4770526596997632,
      0.3718915472833046,
      0.6237896381906329,
      0.5072960828407634,
      0.48309256244202775,
      0.34282184190282605,
      0.5694805960266494,
      0.479363174811789,
      0.44744510451319325,
      0.571219680376023,
      0.539554693313962,
      0.4050708152279441,
      0.6312729808586321,
      0.5147377551824979,
      0.40506145864936927,
      0.47248456706707526,
      0.5360000108780859,
      0.5885347950739959,
      0.3060718830554615,
      0.3174022902103839,
      0.4682647433099988,
      0.5053829534280906,
      0.43727364880019143,
      0.5331635035056795,
      0.43788940285320777,
      0.589692995140324,
      0.37931616388449585,
      0.4176098170541164,
      0.48436979986645223,
      0.503137333853046,
      0.540860595457469,
      0.48363250827614646,
      0.5162911303183102,
      0.42294593665623087,
      0.5256027623943043,
      0.34953399276970437,
      0.4242201718638115,
      0.44017662501248195
    ],
    "schwartzberg": [
      1.551448966149028,
      1.6054282970733817,
      1.628778973663531,
      1.4992350000594676,
      1.489187362326522,
      1.7261032954909863,
      1.5021791790813395,
      1.5940210481668395,
      1.6561326281676596,
      1.3857508376358096,
      1.5308789115032184,
      1.6085865390196143,
      1.4676624464659036,
      2.009595643445611,
      1.557185402752891,
      1.5787384621468283,
      1.834088145391142,
      1.6067530655190683,
      1.810386576473376,
      1.736244510380836,
      1.470049743120439,
      1.6282102710330622,
      2.1610931018650215,
      1.7188939766063882,
      1.7377170867474216,
      1.6563610813611365,
      2.0612159515989514,
      1.918440285706247,
      1.6909553919057871,
      1.6072853164798098,
      1.531075086407186,
      1.6464548831860693,
      1.5763719669179252,
      1.4848151228653474,
      1.5984037543507212,
      1.5666579542158139,
      2.1756168849391706,
      2.0249452569703146
    ],
    "convex_hull_ratio": [
      0.8083331311953311,
      0.8349560735017323,
      0.8115505137745723,
      0.8262598626931666,
      0.8851711353372453,
      0.7722487985181596,
      0.869492210069815,
      0.8241144575576598,
      0.7805775811687031,
      0.9158748936815123,
      0.8170605455496188,
      0.8136708373810158,
      0.8734186596296679,
      0.7167549963243997,
      0.8599871514574645,
      0.8246897488321342,
      0.8793718322477677,
      0.9021778176485692,
      0.7667464533487883,
      0.7443681590847093,
      0.8756304276833761,
      0.8103276675096198,
      0.7315476877250319,
      0.8282779380912582,
      0.8927111414505335,
      0.8573882815372463,
      0.6857072252090476,
      0.7831166466064937,
      0.8400296931477593,
      0.8169472845355131,
      0.8476025978360926,
      0.8059972895624492,
      0.8464613736066458,
      0.8476017463068293,
      0.822953156566059,
      0.8513674537956658,
      0.7076246134084156,
      0.678526776760541
    ]
  },
  "runtime_seconds": 412.68394879200787,
  "seed": 58,
  "districtmaker_version": "0.1.0",
  "generated_at": "2026-05-15T19:25:22.878309+00:00"
}