{
  "state": "NY",
  "state_name": "New York",
  "algorithm": "annealing",
  "districts": 26,
  "total_internal_boundary_km": 2584.524452748738,
  "population": {
    "ideal": 776971.1153846154,
    "per_district": [
      776266,
      777714,
      777145,
      777210,
      776748,
      777036,
      777547,
      776746,
      777010,
      776957,
      777276,
      776849,
      776347,
      776993,
      776979,
      776751,
      777209,
      776317,
      776402,
      778048,
      776852,
      777015,
      776965,
      776922,
      777066,
      776879
    ],
    "deviations_pct": [
      -0.09075181440513785,
      0.09561289997465124,
      0.022379804337841848,
      0.030745623698813042,
      -0.028716046220705303,
      0.008350968794059381,
      0.07411917946261755,
      -0.02897345604719672,
      0.0050046410496709035,
      -0.001816719352351764,
      0.03924014797302995,
      -0.01571684998288852,
      -0.0803267164322353,
      0.0028166575244938214,
      0.0010147887390538715,
      -0.028329931480968167,
      0.03061691878556733,
      -0.08418786382960661,
      -0.0732479462037212,
      0.13860034099871862,
      -0.015330735243151386,
      0.0056481656158994566,
      -0.0007870800463860783,
      -0.006321391315951638,
      0.012212116191430701,
      -0.0118557025855172
    ],
    "max_abs_deviation_pct": 0.13860034099871862,
    "range_pct": 0.22935215540385648
  },
  "compactness": {
    "polsby_popper": [
      0.5473195276585502,
      0.4168101975615474,
      0.49488188361436575,
      0.43816869585741247,
      0.34607485709543456,
      0.3852846483275252,
      0.4291955255393755,
      0.6187669527871041,
      0.34392033831406665,
      0.5518696623316066,
      0.39526117507334246,
      0.446060859467062,
      0.41786688444249936,
      0.33013348233892215,
      0.308960812321413,
      0.3061709827986269,
      0.2972878120246836,
      0.23183331647374125,
      0.42266683844356917,
      0.3727811854934056,
      0.5078728149389242,
      0.2728007070258117,
      0.40425546161642456,
      0.5248416193824661,
      0.2862982280815548,
      0.5033418155098589
    ],
    "reock": [
      0.3797705780423848,
      0.44206788789167106,
      0.6349503981241164,
      0.5988798926240786,
      0.3720416092516567,
      0.4245275779332742,
      0.5646102489759436,
      0.5985317352975614,
      0.3236682153876944,
      0.40984382920219964,
      0.4833281933897457,
      0.5448657952261946,
      0.5073395844711235,
      0.4030863676965295,
      0.4796603806159478,
      0.4584464814635288,
      0.41334677313767854,
      0.23275591113005267,
      0.5645640545679849,
      0.3614954228988885,
      0.5346588833780662,
      0.43616162444180895,
      0.46762817204746504,
      0.47120487217002077,
      0.3523244461678164,
      0.4406849687458613
    ],
    "schwartzberg": [
      1.3516975550901325,
      1.548926578872372,
      1.4215077185033493,
      1.5107038169867102,
      1.6998671291243381,
      1.6110504759832431,
      1.52641423372661,
      1.2712660370912041,
      1.7051832987364461,
      1.3461136860124228,
      1.5905888044264178,
      1.4972797175200154,
      1.5469669040415137,
      1.7404246012861215,
      1.7990709909808085,
      1.8072489698404777,
      1.8340511671992994,
      2.076883212765262,
      1.5381578715549147,
      1.6378457852025656,
      1.4032095009393442,
      1.9145964716052057,
      1.5727947541722922,
      1.3803393429591204,
      1.8689198206642792,
      1.4095110807100184
    ],
    "convex_hull_ratio": [
      0.9681292967321617,
      0.8748311358446318,
      0.947754346677138,
      0.9234377142794904,
      0.8536564671348973,
      0.9148844519768246,
      0.8853264869988023,
      0.890955049832792,
      0.8838312152992652,
      0.87151353988416,
      0.9039065244656779,
      0.8490946418197363,
      0.917122017131803,
      0.8668330700548963,
      0.9292873460845669,
      0.9333612688424328,
      0.9190689791125488,
      0.7653687810954449,
      0.9111469509852576,
      0.8814402152681992,
      0.9481912238375565,
      0.9333623100702023,
      0.9116133349388557,
      0.977320731604964,
      0.8468995138892632,
      0.9645441975165793
    ]
  },
  "runtime_seconds": 339.53559212500113,
  "seed": 42,
  "districtmaker_version": "0.1.0",
  "generated_at": "2026-05-14T22:24:01.895400+00:00"
}