{
  "state": "MS",
  "state_name": "Mississippi",
  "algorithm": "annealing",
  "districts": 4,
  "total_internal_boundary_km": 1058.1808764951245,
  "population": {
    "ideal": 740319.75,
    "per_district": [
      740270,
      740292,
      740368,
      740349
    ],
    "deviations_pct": [
      -0.0067200692673672425,
      -0.0037483803451143914,
      0.006517454113577276,
      0.0039509954989043585
    ],
    "max_abs_deviation_pct": 0.0067200692673672425,
    "range_pct": 0.013237523380944518
  },
  "compactness": {
    "polsby_popper": [
      0.344847703426208,
      0.27205481691622657,
      0.28196029617584306,
      0.3333419226053828
    ],
    "reock": [
      0.3749460799598564,
      0.3632992322812917,
      0.5618502448580731,
      0.44248085993885633
    ],
    "schwartzberg": [
      1.7028889641005087,
      1.9172192905840535,
      1.883241521826961,
      1.7320284924167517
    ],
    "convex_hull_ratio": [
      0.9274039656269478,
      0.9442083581561509,
      0.9472693831275891,
      0.9341046966674753
    ]
  },
  "runtime_seconds": 73.38555633299984,
  "seed": 42,
  "districtmaker_version": "0.1.0",
  "generated_at": "2026-05-14T17:41:25.178095+00:00"
}