{
  "state": "MO",
  "state_name": "Missouri",
  "algorithm": "metis+kl",
  "districts": 8,
  "total_internal_boundary_km": 1892.564050319401,
  "population": {
    "ideal": 769364.125,
    "per_district": [
      767994,
      773210,
      767926,
      769003,
      769275,
      767425,
      771333,
      768747
    ],
    "deviations_pct": [
      -0.17808537667388638,
      0.4998770900579748,
      -0.1869238444150226,
      -0.04693811269143853,
      -0.011584241726893622,
      -0.25204255527251157,
      0.2559093849092587,
      -0.0802123441874808
    ],
    "max_abs_deviation_pct": 0.4998770900579748,
    "range_pct": 0.7519196453304864
  },
  "compactness": {
    "polsby_popper": [
      0.42115911520141136,
      0.36192841134098125,
      0.27271365914974294,
      0.5104920414525793,
      0.31297333503982916,
      0.22913331733474845,
      0.2601865540967097,
      0.35977446447669903
    ],
    "reock": [
      0.44740434746606067,
      0.4917802267327327,
      0.5265956248101271,
      0.5753781698677305,
      0.43773097530100835,
      0.40595052217544025,
      0.24342406307347106,
      0.4215828013454758
    ],
    "schwartzberg": [
      1.5409086662350169,
      1.6622206057281443,
      1.9149020086651878,
      1.3996050862865452,
      1.7875011551409499,
      2.0890838832938305,
      1.9604581476936143,
      1.6671889850695758
    ],
    "convex_hull_ratio": [
      0.915004675045825,
      0.8539860598757711,
      0.7704773382912579,
      0.8985409724047668,
      0.7279564572891567,
      0.6764459945493134,
      0.7405165210226407,
      0.784214947910941
    ]
  },
  "runtime_seconds": 36.23026279199621,
  "seed": 42,
  "districtmaker_version": "0.1.0",
  "generated_at": "2026-05-14T17:16:32.755375+00:00"
}