{
  "state": "NY",
  "state_name": "New York",
  "algorithm": "metis+kl",
  "districts": 26,
  "total_internal_boundary_km": 2207.016446477804,
  "population": {
    "ideal": 776971.1153846154,
    "per_district": [
      779172,
      775067,
      777296,
      774093,
      775446,
      780014,
      774509,
      777670,
      780787,
      774694,
      774215,
      776936,
      774094,
      776103,
      778596,
      780080,
      773313,
      777569,
      776967,
      775394,
      780848,
      773323,
      775868,
      778045,
      780465,
      780685
    ],
    "deviations_pct": [
      0.28326466348689744,
      -0.24506900538674498,
      0.041814246237944164,
      -0.3704275908880672,
      -0.19628984326662066,
      0.39163420043978586,
      -0.31688634697785156,
      0.08994988379183996,
      0.4911230983787202,
      -0.29307593802739507,
      -0.3547255914720905,
      -0.004519522530511688,
      -0.37029888597482147,
      -0.1117307152641887,
      0.20913063345736807,
      0.40012872471400274,
      -0.47081742321972153,
      0.07695068755402319,
      -0.0005296702198946568,
      -0.20298249875539762,
      0.49897409808670856,
      -0.4695303740872644,
      -0.1419763698769307,
      0.13821422625898147,
      0.44968011631360133,
      0.4779951972276577
    ],
    "max_abs_deviation_pct": 0.49897409808670856,
    "range_pct": 0.9697915213064301
  },
  "compactness": {
    "polsby_popper": [
      0.4723938536111325,
      0.5058871053822589,
      0.5167834312938022,
      0.4969293935737904,
      0.474746672812905,
      0.409997521496163,
      0.5369584025077494,
      0.3428935376568943,
      0.42676787884385253,
      0.44637588120664967,
      0.5041850343735893,
      0.4973406263089692,
      0.49680929034113985,
      0.4462233562708655,
      0.3771472436856066,
      0.4485834942214315,
      0.5672168998832713,
      0.40160837821610373,
      0.5046026696290871,
      0.4693122343202356,
      0.5957019002078239,
      0.5298491367791024,
      0.5121366187266709,
      0.44561263333798007,
      0.5223173788878154,
      0.37015243085270233
    ],
    "reock": [
      0.6298834835752173,
      0.5141190288150714,
      0.44513906247640905,
      0.6089592868386343,
      0.506236702695203,
      0.4322367097800351,
      0.6936320619249643,
      0.35445379654562076,
      0.3861794185054926,
      0.6280135671443189,
      0.4950371805289721,
      0.5215410830897492,
      0.34487801195297574,
      0.49750348854538967,
      0.2879405157098063,
      0.5277308172161331,
      0.6289416773667672,
      0.44313731069660867,
      0.5032996946063051,
      0.5382900581765395,
      0.4864857643625169,
      0.5108662440099786,
      0.5858047836443075,
      0.6052980967551904,
      0.5639506970640755,
      0.40037045500660606
    ],
    "schwartzberg": [
      1.4549493701406293,
      1.4059607448196774,
      1.3910595091814628,
      1.4185761596697113,
      1.4513395663290556,
      1.5617423393619514,
      1.3646763920483431,
      1.7077344907768996,
      1.5307495408330285,
      1.496751285172241,
      1.4083319266283372,
      1.4179895540678455,
      1.4187476191110457,
      1.4970070678262617,
      1.6283378986383779,
      1.4930637632387276,
      1.3277778487107799,
      1.5779695479574978,
      1.4077490018346526,
      1.4597183316974016,
      1.2956434602373015,
      1.373801177997664,
      1.3973560677016128,
      1.4980325588474035,
      1.3836707550771337,
      1.6436513360594966
    ],
    "convex_hull_ratio": [
      0.8523487452994699,
      0.8466283198958013,
      0.863344560775501,
      0.8607175625140033,
      0.8827995852817007,
      0.7721728514252296,
      0.8885051842343237,
      0.772331087509236,
      0.8094982135752595,
      0.8187534663539121,
      0.8674236413612022,
      0.8521195105131937,
      0.9234448833785575,
      0.809083916177295,
      0.8238510195113175,
      0.8678197989483724,
      0.9043639665053728,
      0.7529317006846854,
      0.8856860486186814,
      0.8417516881685844,
      0.9507065977365368,
      0.896472741177733,
      0.8985142096183373,
      0.806975632365849,
      0.90559433310177,
      0.7701878628751914
    ]
  },
  "runtime_seconds": 52.89439820799453,
  "seed": 42,
  "districtmaker_version": "0.1.0",
  "generated_at": "2026-05-14T22:24:02.235430+00:00"
}