{
  "state": "NY",
  "state_name": "New York",
  "algorithm": "splitline+kl",
  "districts": 26,
  "total_internal_boundary_km": 2247.2299712615627,
  "population": {
    "ideal": 776971.1153846154,
    "per_district": [
      775740,
      777594,
      778230,
      777757,
      777976,
      775533,
      778170,
      773270,
      780573,
      778629,
      776663,
      779924,
      773967,
      779087,
      775434,
      777041,
      779041,
      775584,
      775958,
      775290,
      776441,
      776264,
      774690,
      776837,
      776230,
      779326
    ],
    "deviations_pct": [
      -0.15845059877238168,
      0.08016831038516596,
      0.16202463520943797,
      0.1011472112442168,
      0.12933358724502744,
      -0.1850925158142438,
      0.15430234041469532,
      -0.47635173448928714,
      0.46358024694413813,
      0.21337789559447654,
      -0.03965596384659071,
      0.38005075824767187,
      -0.38664440995702676,
      0.272324745861012,
      -0.19783430222556916,
      0.008994493360287934,
      0.26640431985170937,
      -0.17852856523871255,
      -0.13039292768481675,
      -0.21636780973295153,
      -0.06822845458713848,
      -0.09100922423162928,
      -0.29359075768037796,
      -0.01726130894183705,
      -0.09538519128198344,
      0.3030852201267369
    ],
    "max_abs_deviation_pct": 0.47635173448928714,
    "range_pct": 0.9399319814334253
  },
  "compactness": {
    "polsby_popper": [
      0.5670232146136743,
      0.4816888776733421,
      0.564619859299322,
      0.519008230749827,
      0.4115161292479303,
      0.4488892217405744,
      0.49419787967655704,
      0.6417947961872364,
      0.3800682193093641,
      0.5683473255255642,
      0.5176241479517469,
      0.49438135158599966,
      0.47927431810950244,
      0.4079170045585104,
      0.4020258392385752,
      0.3662018046272505,
      0.40062994442663696,
      0.2644384685866264,
      0.49044827621979653,
      0.43790116895672915,
      0.576241869589482,
      0.3832809020411745,
      0.48237604961898095,
      0.6081195512482328,
      0.3586382839853974,
      0.5743665631816287
    ],
    "reock": [
      0.3795923934396651,
      0.4419061017125455,
      0.6331304396883,
      0.6026379081440422,
      0.38077885370370446,
      0.4193956306035766,
      0.5652681833223316,
      0.5981235934903352,
      0.32654455258151166,
      0.4161049071824555,
      0.48445471365523807,
      0.5470698590600219,
      0.5366437324001441,
      0.4094517621350803,
      0.48279328133995325,
      0.4589068245830278,
      0.422785217759814,
      0.23603902712125285,
      0.5658019624653374,
      0.37962415331196997,
      0.5343290413918144,
      0.4381882611347194,
      0.4630347061072384,
      0.4713768352442149,
      0.3635133716039926,
      0.44058767386059167
    ],
    "schwartzberg": [
      1.3280046022602192,
      1.4408430990003815,
      1.3308279865875017,
      1.388074824176211,
      1.5588580464593262,
      1.4925552319492792,
      1.4224911106942926,
      1.24825094723197,
      1.622068617314367,
      1.3264567364777804,
      1.3899293820828895,
      1.42222713291893,
      1.4444679862500214,
      1.5657199853484105,
      1.5771500584950175,
      1.6524935001385226,
      1.5798952617349178,
      1.9446331429782169,
      1.427918412718416,
      1.5111652135643867,
      1.3173391371927583,
      1.6152561751282488,
      1.4398164520268262,
      1.2823468721510045,
      1.6698277576283207,
      1.3194879403206856
    ],
    "convex_hull_ratio": [
      0.9677712117429752,
      0.8711316450049679,
      0.9467924499891599,
      0.9251201495606751,
      0.879595008967705,
      0.9055096396817851,
      0.8833502769612865,
      0.8888030495856251,
      0.8759722846459932,
      0.8725385136348424,
      0.9078232021172592,
      0.8411964912592982,
      0.9149077351487669,
      0.8658128060838661,
      0.9264137400731945,
      0.9252096257285533,
      0.9177209179036444,
      0.7591958458321947,
      0.9049883540576337,
      0.8884659302806168,
      0.947926509132274,
      0.9323909402995003,
      0.9155043373524917,
      0.9768043884261755,
      0.8482293490411793,
      0.9647431629844697
    ]
  },
  "runtime_seconds": 870.1376175000332,
  "seed": 42,
  "districtmaker_version": "0.1.0",
  "generated_at": "2026-05-13T18:08:34.533679+00:00"
}