{
  "state": "CA",
  "state_name": "California",
  "algorithm": "metis+kl",
  "districts": 52,
  "total_internal_boundary_km": 13351.385349577688,
  "population": {
    "ideal": 760350.4423076923,
    "per_district": [
      759690,
      759269,
      759938,
      762402,
      761572,
      761092,
      763417,
      759776,
      757166,
      758026,
      763924,
      757063,
      763782,
      762282,
      760782,
      760516,
      759280,
      759254,
      761068,
      762954,
      759485,
      761951,
      762090,
      763038,
      759689,
      761339,
      764147,
      756550,
      759399,
      761713,
      756585,
      761564,
      764141,
      760118,
      760113,
      759227,
      760572,
      756813,
      757130,
      756598,
      764128,
      759661,
      758069,
      759102,
      760148,
      760362,
      757526,
      763277,
      759655,
      762608,
      758265,
      759907
    ],
    "deviations_pct": [
      -0.08686025166077192,
      -0.14222945730261374,
      -0.05424371247032828,
      0.2698173865831118,
      0.16065719493767536,
      0.09752840940778446,
      0.40330846431819356,
      -0.07554967758666646,
      -0.41881244890544833,
      -0.30570670816439377,
      0.4699882440341408,
      -0.4323588341337374,
      0.4513126449815481,
      0.254035190200639,
      0.05675773541972991,
      0.021773866771915354,
      -0.14078275596755374,
      -0.14420223185042286,
      0.09437197013128991,
      0.34241548994248633,
      -0.11382150381416284,
      0.21050263184565177,
      0.22878367598868263,
      0.3534630274102172,
      -0.0869917699639592,
      0.1300134302950408,
      0.4993168256449027,
      -0.4998277236688083,
      -0.1251320778882683,
      0.17920127568708083,
      -0.4952245830572538,
      0.1596050485121772,
      0.49852771582577904,
      -0.030570417896619198,
      -0.03122800941255556,
      -0.14775322603647922,
      0.029138891750402626,
      -0.4652384099305556,
      -0.42354710782019017,
      -0.4935148451158193,
      0.4968179778843445,
      -0.09067428245320283,
      -0.300051421127341,
      -0.16419301393488828,
      -0.026624868801001015,
      0.0015200480810753534,
      -0.37146585975803015,
      0.3848959018719754,
      -0.09146339227232647,
      0.2969101570396899,
      -0.2742738337026356,
      -0.05832077986913374
    ],
    "max_abs_deviation_pct": 0.4998277236688083,
    "range_pct": 0.999144549313711
  },
  "compactness": {
    "polsby_popper": [
      0.2890564183853466,
      0.26357209596193687,
      0.22231260913439718,
      0.1827621694821533,
      0.21916293177488552,
      0.2308413651351729,
      0.2889581963079119,
      0.23409385975607858,
      0.23718604356944042,
      0.17049877034686645,
      0.11988247015467463,
      0.26978513792548436,
      0.24500805659809452,
      0.2457472186523708,
      0.36552393220834306,
      0.3088327553892112,
      0.23545624714071364,
      0.13808448395529666,
      0.19890591054226192,
      0.1829335846354755,
      0.15557432451793046,
      0.042102456060121723,
      0.18524817808804195,
      0.23215914754077138,
      0.047679062705517944,
      0.36052773449578496,
      0.06983106127246431,
      0.09985108574526963,
      0.1531768779151061,
      0.3558938564693993,
      0.2361622470592737,
      0.20961877968868028,
      0.20387599745387852,
      0.10721318731735552,
      0.11785353307680041,
      0.15488262026291663,
      0.2006102455025674,
      0.0242144073872982,
      0.17852847149869747,
      0.12387564264583792,
      0.013796989693926552,
      0.03937371647749697,
      0.18091211148209285,
      0.07000380971026819,
      0.1610015248282149,
      0.2581410140733264,
      0.1314785846845189,
      0.3051429959021074,
      0.23116335588138867,
      0.1938781591694902,
      0.2644436671527186,
      0.4562808438313889
    ],
    "reock": [
      0.39405283084784665,
      0.5032785710312146,
      0.4126126075840757,
      0.2596105768610864,
      0.3289502934990974,
      0.5174187238873033,
      0.4903041757793167,
      0.2709831454207371,
      0.31390823422176345,
      0.29261622163033757,
      0.3745915111017216,
      0.6018983182575566,
      0.331870192745424,
      0.3461627916923576,
      0.3194589843250848,
      0.370385890937834,
      0.2832399781574724,
      0.44471545847906824,
      0.07944733049262044,
      0.2509694550071248,
      0.5671046084971088,
      0.35186452432340337,
      0.261622604181639,
      0.4277577523429791,
      0.26581240109358667,
      0.5534722789756201,
      0.26103712853998756,
      0.24021326110476418,
      0.3046705288897516,
      0.5897807906286422,
      0.4429269456955263,
      0.38517457053571347,
      0.11585182610719945,
      0.2949514322888095,
      0.17879797129924446,
      0.3550106914996607,
      0.4216207343947112,
      0.4387658410691749,
      0.3909434771289039,
      0.47707260998104706,
      0.09337977934345071,
      0.24800784997269423,
      0.35361197500270664,
      0.36196394014674693,
      0.269933575269463,
      0.36148452598450054,
      0.38538618584975204,
      0.4374128166448075,
      0.484450812960314,
      0.3699135062156234,
      0.3237093901973572,
      0.5310672479097474
    ],
    "schwartzberg": [
      1.8599817861748094,
      1.9478265665868801,
      2.1208890610303595,
      2.3391434043828436,
      2.136074764383148,
      2.081340729795846,
      1.8602978799125718,
      2.066831104661643,
      2.0533143134718594,
      2.421806131581733,
      2.888166049549759,
      1.9252670995455856,
      2.0202718719927746,
      2.017231282345788,
      1.654025083707792,
      1.7994439430573352,
      2.0608429228086584,
      2.691085891471299,
      2.2422093319872967,
      2.3380472180275627,
      2.5353098165807677,
      4.873559631743128,
      2.3233948763768155,
      2.075425267459599,
      4.579690673096592,
      1.665446400491584,
      3.78421391919139,
      3.164634834226528,
      2.5550734741721013,
      1.6762537190537112,
      2.057760203262719,
      2.1841622958291063,
      2.2147104282583783,
      3.054048266252902,
      2.9129209344702276,
      2.540964844111998,
      2.2326643882993418,
      6.426330802923157,
      2.3667165985695884,
      2.8412342397987165,
      8.513493917015753,
      5.039608446517469,
      2.351073350523158,
      3.7795418817807893,
      2.4922121295750945,
      1.9682102722911419,
      2.757861739401934,
      1.8102906031395827,
      2.0798906600215155,
      2.271096333881238,
      1.9446140285979945,
      1.4804163810072095
    ],