{
  "state": "TX",
  "state_name": "Texas",
  "algorithm": "metis+kl",
  "districts": 38,
  "total_internal_boundary_km": 8297.955570407532,
  "population": {
    "ideal": 766986.9736842106,
    "per_district": [
      767101,
      765959,
      765944,
      763923,
      764287,
      765058,
      767272,
      769150,
      768119,
      766621,
      767914,
      767802,
      765501,
      766395,
      763458,
      768120,
      770011,
      768445,
      765400,
      764989,
      766163,
      764832,
      765555,
      766778,
      770405,
      764096,
      765788,
      767923,
      769473,
      768401,
      770820,
      770820,
      769329,
      768096,
      768197,
      765882,
      764722,
      766756
    ],
    "deviations_pct": [
      0.014866786490742235,
      -0.13402752843020355,
      -0.13598323309203733,
      -0.3994818411964431,
      -0.3520234080692765,
      -0.2515001884510198,
      0.03716181963564742,
      0.28201604329723773,
      0.14759394287386202,
      -0.047715762687939,
      0.1208659791621336,
      0.10626338435377462,
      -0.19374171077152855,
      -0.07718171292623476,
      -0.46010868571329055,
      0.14772432318465095,
      0.39427349088649727,
      0.1900979241910497,
      -0.2069101221612094,
      -0.2604964298954552,
      -0.107429945029264,
      -0.2809661386893155,
      -0.1867011739889269,
      -0.027246053894078682,
      0.4456433333373314,
      -0.3769260474299601,
      -0.15632256157510874,
      0.12203940195923385,
      0.3241288836820587,
      0.18436119051633726,
      0.49975116231473293,
      0.49975116231473293,
      0.3053541189284543,
      0.14459519572571689,
      0.15776360711539775,
      -0.1440668123609503,
      -0.29530797287609667,
      -0.030114420731434905
    ],
    "max_abs_deviation_pct": 0.49975116231473293,
    "range_pct": 0.9598598480280235
  },
  "compactness": {
    "polsby_popper": [
      0.45439167803361924,
      0.4405261423522122,
      0.43369674588279616,
      0.255491532129127,
      0.3202753105929162,
      0.31459066141872954,
      0.3050593288733625,
      0.2828987205004167,
      0.47641650117489487,
      0.5351638878664431,
      0.4806301834314653,
      0.43113290231950124,
      0.4660624079376436,
      0.4037337443291526,
      0.46122906786815215,
      0.43440783476355393,
      0.4533398006335154,
      0.24679950572296247,
      0.3405518906061146,
      0.33316180860800826,
      0.40939717523897046,
      0.36228125070170053,
      0.47945285991061076,
      0.3961755533408992,
      0.19929733434594435,
      0.26833892788886876,
      0.4353867847251055,
      0.342088383398014,
      0.30766549756594597,
      0.2868569153533324,
      0.4331131119459231,
      0.35273178461733773,
      0.3016553521328525,
      0.2776649832050174,
      0.2663976191204039,
      0.45341071671922484,
      0.3581596044884123,
      0.26622888186817495
    ],
    "reock": [
      0.5811115486639598,
      0.5561187380686006,
      0.5308711964169219,
      0.2930725008834587,
      0.5672458305824258,
      0.411706423495082,
      0.4294132896705848,
      0.42009026233078944,
      0.6762204023122691,
      0.6056277982827609,
      0.5565525563438675,
      0.5209643315041111,
      0.4762207039785171,
      0.38206678972638886,
      0.5245242628242156,
      0.3766102015892067,
      0.4934812939554591,
      0.37018811379758726,
      0.5186066311113201,
      0.4592216010979602,
      0.4129067376779579,
      0.5320002614526746,
      0.5198213516742344,
      0.6111490809655291,
      0.29559553204057465,
      0.3505253811045349,
      0.38136102398834276,
      0.5653713719623253,
      0.4768536880792319,
      0.48223460363255766,
      0.5861317440910327,
      0.5495862114719282,
      0.5148270319271577,
      0.49473829668255737,
      0.37027553800707347,
      0.6335228707673279,
      0.6152484714328342,
      0.444368877260058
    ],
    "schwartzberg": [
      1.4834906572668556,
      1.5066561788098591,
      1.5184724548982755,
      1.978389255130267,
      1.7670069980367027,
      1.7829004177915149,
      1.8105388355945036,
      1.8801154071533688,
      1.4487938786154773,
      1.3669624975885233,
      1.442429113835015,
      1.5229807574239844,
      1.4647987567178569,
      1.5738106332124155,
      1.4724537589881024,
      1.5172291404060225,
      1.4852107204179834,
      2.012926221259411,
      1.713595654540286,
      1.7324966139351154,
      1.562887001262361,
      1.66141095890376,
      1.444199010974895,
      1.588752194385332,
      2.24000637863533,
      1.9304482321449437,
      1.5155224656681874,
      1.7097430091257324,
      1.8028541834092726,
      1.8670989640760847,
      1.5194952058573703,
      1.6837503622750314,
      1.8207255321647098,
      1.8977519362367832,
      1.9374693035595996,
      1.4850945680581493,
      1.6709432455415425,
      1.9380831953719047
    ],
    "convex_hull_ratio": [
      0.8585618628416942,
      0.8537191379850539,
      0.8879628188207134,
      0.7368632417078677,
      0.8094561299838612,
      0.7501237846090951,
      0.8620154979136654,
      0.8035007130528736,
      0.9125403991328218,
      0.8949723639271396,
      0.8817291871237215,
      0.7781936974876357,
      0.8452431277411679,
      0.8163987951790822,
      0.84784864832739,
      0.8887556334257658,
      0.8502765910424576,
      0.7319563955509569,
      0.7752911358978609,
      0.8339042687567461,
      0.8575103733405047,
      0.8162125945414193,
      0.8745109790628095,
      0.8173001838171341,
      0.5908644651400597,
      0.7525341964173416,
      0.8314542031944708,
      0.8269254837729099,
      0.8750759794118164,
      0.8093536146272013,
      0.8873013052771203,
      0.7739459775902946,
      0.7257661141140173,
      0.7401973050419144,
      0.7427128742217465,
      0.8425982716984453,
      0.8666494090621096,
      0.7458154216729185
    ]
  },
  "runtime_seconds": 268.2519978330092,
  "seed": 43,
  "districtmaker_version": "0.1.0",
  "generated_at": "2026-05-15T19:22:04.813543+00:00"
}