{
  "name": "metis+kl",
  "status": "ok",
  "total_internal_boundary_km": 8297.955570407532,
  "max_abs_deviation_pct": 0.49975116231473293,
  "runtime_seconds": 268.2519978330092,
  "refine_iterations": 151,
  "refine_improvement_pct": 0.16256025509108946,
  "error": null
}