{
  "state": "KY",
  "state_name": "Kentucky",
  "algorithm": "splitline+kl",
  "districts": 6,
  "total_internal_boundary_km": 1024.406074141793,
  "population": {
    "ideal": 750972.6666666666,
    "per_district": [
      751066,
      751449,
      750485,
      750408,
      751207,
      751221
    ],
    "deviations_pct": [
      0.012428326286181585,
      0.06342885093909838,
      -0.06493800484526661,
      -0.07519137403136215,
      0.03120397635422667,
      0.033068225297153135
    ],
    "max_abs_deviation_pct": 0.07519137403136215,
    "range_pct": 0.13862022497046053
  },
  "compactness": {
    "polsby_popper": [
      0.43427572740758774,
      0.34225077776062934,
      0.35815094431737177,
      0.4248716110655955,
      0.3186847736365324,
      0.3559576437769917
    ],
    "reock": [
      0.5867285891628438,
      0.3478484518007994,
      0.49295948134012435,
      0.43729973869260286,
      0.38682175139259733,
      0.4547931464381918
    ],
    "schwartzberg": [
      1.5174598945979805,
      1.709337333539482,
      1.6709634473126949,
      1.5341617238910725,
      1.7714110238030447,
      1.676103520702814
    ],
    "convex_hull_ratio": [
      0.9074086650921238,
      0.9265380050033332,
      0.8304782481098382,
      0.9265751921976045,
      0.8269833293493888,
      0.8467463219530357
    ]
  },
  "runtime_seconds": 159.32081395899877,
  "seed": 42,
  "districtmaker_version": "0.1.0",
  "generated_at": "2026-05-13T15:27:05.445744+00:00"
}