{
  "state": "MO",
  "state_name": "Missouri",
  "algorithm": "splitline+kl",
  "districts": 8,
  "total_internal_boundary_km": 1687.3651693266818,
  "population": {
    "ideal": 769364.125,
    "per_district": [
      770714,
      767230,
      770256,
      768944,
      770059,
      769851,
      769697,
      768162
    ],
    "deviations_pct": [
      0.1754533329715627,
      -0.2773881612948875,
      0.1159236531856746,
      -0.05460678323154203,
      0.09031809222973583,
      0.06328277913920148,
      0.043266249254863554,
      -0.15624916225460864
    ],
    "max_abs_deviation_pct": 0.2773881612948875,
    "range_pct": 0.45284149426645026
  },
  "compactness": {
    "polsby_popper": [
      0.5176380564594721,
      0.3573641329673971,
      0.45400114414216625,
      0.29052345218209646,
      0.35732041030270084,
      0.3269385185703408,
      0.5535296375570851,
      0.5660910932221697
    ],
    "reock": [
      0.4908186424813053,
      0.4197771566649558,
      0.39774327525266434,
      0.2895853461965032,
      0.5603067198627266,
      0.3469880205988189,
      0.4795678344664658,
      0.578300168849413
    ],
    "schwartzberg": [
      1.3899107088292844,
      1.6728019224360213,
      1.4841285728863776,
      1.8552797397190535,
      1.6729042635257059,
      1.7489079615536636,
      1.3440937461559013,
      1.329097493818045
    ],
    "convex_hull_ratio": [
      0.8694485683247535,
      0.8643528625178318,
      0.9273067484098367,
      0.8797114334941687,
      0.852590054504825,
      0.9275912860277639,
      0.976246411924142,
      0.975330061656825
    ]
  },
  "runtime_seconds": 412.1513093750691,
  "seed": 42,
  "districtmaker_version": "0.1.0",
  "generated_at": "2026-05-13T16:08:04.853295+00:00"
}