{
  "state": "FL",
  "state_name": "Florida",
  "algorithm": "splitline-realized+kl",
  "districts": 28,
  "total_internal_boundary_km": 3855.912581371816,
  "population": {
    "ideal": 769220.9642857143,
    "per_district": [
      769877,
      767272,
      768156,
      769902,
      773052,
      768731,
      767107,
      768953,
      769971,
      768382,
      770510,
      769748,
      768431,
      768803,
      770599,
      768690,
      770754,
      768191,
      766184,
      769471,
      770651,
      768131,
      772146,
      769319,
      770090,
      768618,
      767452,
      768996
    ],
    "deviations_pct": [
      0.08528572994560345,
      -0.25336858668745393,
      -0.138447121849211,
      0.08853577137202434,
      0.49804099110105726,
      -0.06369616904153043,
      -0.2748188601018318,
      -0.03483580117491287,
      0.09750588570894601,
      -0.10906674735436614,
      0.16757677886258054,
      0.06851551618527163,
      -0.10269666615858118,
      -0.054336049733438245,
      0.17914692634063892,
      -0.0690262369808607,
      0.19929718318444847,
      -0.13389706385222178,
      -0.39481038956529124,
      0.03250505718052809,
      0.18590701250759437,
      -0.14169716327563192,
      0.38025948980756397,
      0.012744805307889046,
      0.11297608289870947,
      -0.07838635628895287,
      -0.22996828841722344,
      -0.02924572992146893
    ],
    "max_abs_deviation_pct": 0.49804099110105726,
    "range_pct": 0.8928513806663485
  },
  "compactness": {
    "polsby_popper": [
      0.5114166698409401,
      0.4529287828253418,
      0.46455341820334395,
      0.3223631429350341,
      0.4308206227085431,
      0.3264345694300085,
      0.2522458302483085,
      0.272943251968322,
      0.4133758020823106,
      0.35732580612067116,
      0.4746690269619285,
      0.4506473406287314,
      0.490116043018796,
      0.4615020566552164,
      0.48104376471429366,
      0.4292068770238527,
      0.30170004456437644,
      0.4062018719902683,
      0.34468796918749006,
      0.3928988850196574,
      0.48490124123390005,
      0.45729699032392035,
      0.39185330491564285,
      0.37769191540084246,
      0.35212447397059043,
      0.4667267623042115,
      0.4999881135692499,
      0.4641133682440598
    ],
    "reock": [
      0.4253322262905762,
      0.5071371456648802,
      0.441169923898991,
      0.3571108929027701,
      0.39117549528476697,
      0.32589085294030384,
      0.2616293181756531,
      0.34514706753258567,
      0.4318929557169472,
      0.26374516594770425,
      0.6572169466085623,
      0.6211648223829923,
      0.4880406212252977,
      0.41545279470830576,
      0.47243127465100815,
      0.45433440758270593,
      0.3998364441639564,
      0.47424516699095726,
      0.44348760357787015,
      0.6363847059415259,
      0.5278788883013822,
      0.46873115063107335,
      0.5583776386508131,
      0.432491975923051,
      0.41551968544900847,
      0.5326112435537037,
      0.41586845674205913,
      0.5057434686749933
    ],
    "schwartzberg": [
      1.398339288618422,
      1.4858844572730912,
      1.4671758506634194,
      1.7612755623906664,
      1.5235326224704435,
      1.7502574215186764,
      1.9910767544852126,
      1.9140964561551115,
      1.5553476405167252,
      1.6728916325866434,
      1.4514582657608832,
      1.489640919952825,
      1.4284022996914496,
      1.4720181999044062,
      1.4418089104284892,
      1.5263940486096261,
      1.8205906702937882,
      1.5690220240517967,
      1.7032834921816182,
      1.5953633167945849,
      1.4360625347452407,
      1.4787706709422432,
      1.597490348609199,
      1.6271633572394213,
      1.6852017226228573,
      1.4637558638762986,
      1.4142303726243914,
      1.467871238634375
    ],
    "convex_hull_ratio": [
      0.9288209005184553,
      0.9332684498278644,
      0.8896757805906794,
      0.7780335709198327,
      0.8384662634940112,
      0.7461508093073719,
      0.5757958942349705,
      0.8323450205914078,
      0.8660294731647723,
      0.8969048372166094,
      0.9389635252891748,
      0.916157351961257,
      0.9012466849809645,
      0.8865465196529481,
      0.94963430519793,
      0.8965256008886627,
      0.8908685709759029,
      0.908850406188489,
      0.9091913093344638,
      0.889141060666768,
      0.8951781613786944,
      0.9073009567878407,
      0.8812284681267234,
      0.8912929881232337,
      0.9100399468713364,
      0.9169238137635624,
      0.8626622998309242,
      0.866710641914434
    ]
  },
  "runtime_seconds": 1377.5270795830074,
  "seed": 42,
  "districtmaker_version": "0.1.0",
  "generated_at": "2026-05-14T23:19:15.221032+00:00"
}