{
  "state": "TX",
  "state_name": "Texas",
  "algorithm": "metis+kl",
  "districts": 38,
  "total_internal_boundary_km": 8454.051404438598,
  "population": {
    "ideal": 766986.9736842106,
    "per_district": [
      765799,
      769224,
      764833,
      764035,
      770476,
      769389,
      770063,
      766651,
      770695,
      770621,
      765821,
      765296,
      770807,
      766758,
      764032,
      769859,
      763921,
      764123,
      764326,
      764196,
      763964,
      770794,
      764947,
      765728,
      765493,
      770104,
      763708,
      763155,
      766392,
      765296,
      769928,
      769382,
      770819,
      765667,
      764285,
      769491,
      767604,
      767823
    ],
    "deviations_pct": [
      -0.1548883781564306,
      0.2916641862956178,
      -0.28083575837852665,
      -0.3848792463880842,
      0.4549003354033447,
      0.31317693757578946,
      0.4010532670475211,
      -0.04380435336427143,
      0.483453623466118,
      0.47380548046773796,
      -0.15202001131907442,
      -0.22046967448325702,
      0.498056218274477,
      -0.02985366010985707,
      -0.38527038732045094,
      0.3744556836465815,
      -0.399742601818021,
      -0.3734057790386593,
      -0.34693857594850863,
      -0.36388801635106816,
      -0.39413624845409745,
      0.49636127423422105,
      -0.2659724029485898,
      -0.1641453802224439,
      -0.19478475325783992,
      0.40639885978986673,
      -0.4275136080160608,
      -0.4996139198823331,
      -0.07757285385860152,
      -0.22046967448325702,
      0.38345192509101694,
      0.312264275400267,
      0.499620782003944,
      -0.17209857918056795,
      -0.3522841686908544,
      0.32647572927625923,
      0.08044808281756861,
      0.10900137088034192
    ],
    "max_abs_deviation_pct": 0.499620782003944,
    "range_pct": 0.999234701886277
  },
  "compactness": {
    "polsby_popper": [
      0.5211035299021245,
      0.3321070604335688,
      0.35030145597258644,
      0.511661143899744,
      0.393577698544636,
      0.35467539171353024,
      0.35351621436274466,
      0.37924011843376143,
      0.34982662645640067,
      0.36884203288332545,
      0.4862251065329628,
      0.4122646077125825,
      0.5470175515646043,
      0.42694655607316645,
      0.3720548957807376,
      0.46224477577560913,
      0.47882372559781944,
      0.32708954366389004,
      0.5242187901469344,
      0.4143106261155876,
      0.38908426271027535,
      0.34327521052679644,
      0.2693604973424991,
      0.38463293188162523,
      0.5958784443882159,
      0.5011968964450506,
      0.3008765278098672,
      0.27783675270288877,
      0.39280264077843013,
      0.32289240393310475,
      0.11508127193537981,
      0.20926966681926673,
      0.25290925189375435,
      0.2762396638676499,
      0.3786509947874338,
      0.38479797662766846,
      0.28823052285870654,
      0.21421496177848834
    ],
    "reock": [
      0.6530298561140003,
      0.39607050404800404,
      0.42536371039075765,
      0.6130098055826095,
      0.5266722545982506,
      0.5210230147697583,
      0.5703262139243918,
      0.48079679197860914,
      0.5587602389679506,
      0.4301829651173398,
      0.574996384418963,
      0.5607175054662569,
      0.7179227647473733,
      0.45986506854685755,
      0.43503394073223856,
      0.5737585192963165,
      0.5561039642170457,
      0.44464721411098357,
      0.6825113440445245,
      0.5502133487254142,
      0.5573022758608249,
      0.4472419996047102,
      0.50271441011082,
      0.5103401647173382,
      0.4730673636718146,
      0.5182488556875128,
      0.49851597650240115,
      0.5539310710223667,
      0.5227402061978805,
      0.43193346854457065,
      0.24272920076171864,
      0.30467292723157385,
      0.33397385565372995,
      0.3546064585439801,
      0.656933409999394,
      0.4124904262168158,
      0.31278813580313536,
      0.30345023525897746
    ],
    "schwartzberg": [
      1.3852813663045085,
      1.7352455754545588,
      1.6895810456401459,
      1.3980051822175321,
      1.593986941108771,
      1.6791305818851607,
      1.6818812579568256,
      1.623838609346705,
      1.6907273147358768,
      1.646568476147454,
      1.434106188617165,
      1.5574423273875226,
      1.3520705998207732,
      1.5304291978008195,
      1.6394436281454579,
      1.4708351301967286,
      1.4451474778585887,
      1.7485041585441607,
      1.3811590965681362,
      1.553591956068646,
      1.6031647951992072,
      1.7067848486517876,
      1.9267840714003104,
      1.6124147685666155,
      1.2954515123158572,
      1.412523928059301,
      1.8230804996325265,
      1.8971652134718355,
      1.5955587522522106,
      1.7598314950300546,
      2.9477976843565545,
      2.1859833944764313,
      1.988463582382101,
      1.9026415714397957,
      1.6251013419520521,
      1.6120689388794713,
      1.8626446751952714,
      2.1606036212049182
    ],
    "convex_hull_ratio": [
      0.8866902432291408,
      0.7669409918981723,
      0.7608183437984568,
      0.8878550343781408,
      0.8384597777321977,
      0.7683372591714467,
      0.9147617864113499,
      0.8052904409902306,
      0.8352924879933703,
      0.791273726656539,
      0.9100876867860459,
      0.866256895731276,
      0.9228480068464322,
      0.8686291556922371,
      0.7687388985105756,
      0.8712652594276459,
      0.8542714710930721,
      0.752728924816572,
      0.9090607377464202,
      0.8637710099145782,
      0.8329894132948376,
      0.7771790212770202,
      0.7353043467237642,
      0.9111011412679552,
      0.9457460834895476,
      0.8722109821617823,
      0.7750626786650195,
      0.8470415534381301,
      0.8481289249197826,
      0.8056192873766308,
      0.654170280236695,
      0.67409600139758,
      0.8016933902059179,
      0.7362519654180417,
      0.8418950688479822,
      0.7861878302957632,
      0.7945662230689348,
      0.6435715852273566
    ]
  },
  "runtime_seconds": 249.94571529200766,
  "seed": 60,
  "districtmaker_version": "0.1.0",
  "generated_at": "2026-05-15T19:22:43.888739+00:00"
}