{
  "state": "CA",
  "state_name": "California",
  "algorithm": "metis+kl",
  "districts": 52,
  "total_internal_boundary_km": 7872.852424893884,
  "population": {
    "ideal": 760350.4423076923,
    "per_district": [
      756651,
      758714,
      763864,
      757504,
      756603,
      757051,
      759574,
      763622,
      760091,
      762629,
      764135,
      757538,
      764121,
      757847,
      758169,
      758108,
      759843,
      756553,
      756555,
      759939,
      761913,
      757570,
      764117,
      761769,
      759014,
      763649,
      758656,
      758039,
      759858,
      764006,
      757432,
      763908,
      757024,
      760704,
      764094,
      762164,
      761825,
      756553,
      759587,
      764048,
      764135,
      764135,
      762325,
      762053,
      756572,
      759673,
      756772,
      760537,
      763928,
      761537,
      757395,
      764120
    ],
    "deviations_pct": [
      -0.48654437504689374,
      -0.21522211557155013,
      0.46209714584290446,
      -0.37435926242815015,
      -0.49285725359988286,
      -0.4339370537719847,
      -0.10211637483049556,
      0.43026971647158446,
      -0.034121412082675565,
      0.2996720414066227,
      0.49773860600665537,
      -0.36988764011978287,
      0.4958973497620336,
      -0.32924848443491556,
      -0.28689959080861377,
      -0.29492220730303736,
      -0.0667379512731192,
      -0.4994331687592465,
      -0.499170132152872,
      -0.05411219416714101,
      0.20550493632453537,
      -0.36567905441779014,
      0.49537127654928453,
      0.1865663006655681,
      -0.1757666246153683,
      0.43382071065764083,
      -0.22285017715641195,
      -0.30399697022295924,
      -0.06476517672531011,
      0.48077274489549726,
      -0.3838285802576338,
      0.4678839511831445,
      -0.437488047958041,
      0.046499307771122635,
      0.49234635557597717,
      0.23851603042454084,
      0.19393132564405538,
      -0.4994331687592465,
      -0.10040663688906101,
      0.4862965136293627,
      0.49773860600665537,
      0.49773860600665537,
      0.25969047723769173,
      0.22391749877075356,
      -0.4969343209986883,
      -0.08909606281495557,
      -0.47063066036123374,
      0.024535751138848084,
      0.47051431724688997,
      0.15605405432612082,
      -0.38869475747556287,
      0.49576583145884634
    ],
    "max_abs_deviation_pct": 0.4994331687592465,
    "range_pct": 0.9971717747659019
  },
  "compactness": {
    "polsby_popper": [
      0.13467929515625082,
      0.18950149681748207,
      0.5213594517988158,
      0.39590901277318685,
      0.29608749174416893,
      0.29286966857928726,
      0.46167736474244536,
      0.2687284364164043,
      0.3651950035424834,
      0.3573881803423709,
      0.24296330160802135,
      0.4520324837317396,
      0.3498616421846494,
      0.30080643446106864,
      0.26358238065754275,
      0.4465865501450086,
      0.19958689227268284,
      0.25736553147679453,
      0.18813178074989648,
      0.39248678829013267,
      0.18187095329871966,
      0.08722914007995149,
      0.3541743606213399,
      0.3028839136794308,
      0.282084694873066,
      0.3314417526622222,
      0.19793269646959902,
      0.1667396159922589,
      0.5829820476464072,
      0.26060234030692603,
      0.2577532371694944,
      0.5148535315119327,
      0.34988928577466044,
      0.33547414735982867,
      0.30318712637544737,
      0.178392972234437,
      0.2405411828345736,
      0.38824654713106255,
      0.3266187738059822,
      0.28714949782388705,
      0.34372887466867624,
      0.27003915643311466,
      0.36859858873185103,
      0.5331195523483719,
      0.40897342882394483,
      0.3816718419139068,
      0.32421620990107036,
      0.29168148708633285,
      0.3343862462035845,
      0.2905885797148768,
      0.4589828120842569,
      0.29371961373172906
    ],
    "reock": [
      0.24280244819384078,
      0.4400397834743111,
      0.6075199545551765,
      0.5904141393673912,
      0.49663802626176157,
      0.418318106064091,
      0.5966209490688555,
      0.3566531298465233,
      0.49645097634541135,
      0.5481724483727252,
      0.3235791077472032,
      0.5176002695917383,
      0.5832323465751412,
      0.40712870810509877,
      0.4828691871844954,
      0.6207280436521158,
      0.32093317199081695,
      0.3141847683253215,
      0.30116788269419675,
      0.4715722759674144,
      0.38007055078019397,
      0.24572026972326644,
      0.3985470147141039,
      0.26627104451404876,
      0.2804514347325024,
      0.5104826424858611,
      0.4300984587127232,
      0.1362281129510082,
      0.6292046020628043,
      0.40976369794119055,
      0.34688725562290396,
      0.5288175098532775,
      0.4143175639695859,
      0.29960655184040125,
      0.5009069040392148,
      0.3822919668174688,
      0.35439652172527175,
      0.5350135700730106,
      0.30144706449563846,
      0.40356900050671385,
      0.4577480831448433,
      0.47738482296002027,
      0.3790970342883169,
      0.623812416464161,
      0.563123999310444,
      0.4683423770375325,
      0.43112647106978225,
      0.28300175599114524,
      0.5430578411051339,
      0.438086964362862,
      0.48621085284742455,
      0.3770108436717973
    ],
    "schwartzberg": [
      2.7248938114658574,
      2.297172865291405,
      1.3849413251382618,
      1.5892869077270049,
      1.8377649718173215,
      1.8478333545250052,
      1.471738696059655,
      1.929048680378239,
      1.6547698006494227,
      1.6727456430541119,
      2.028755264148975,
      1.487356848545228,
      1.6906427048180794,
      1.8232928926525458,
      1.9477885651872824,
      1.496398211171936,
      2.238380903596618,
      1.9711733046324649,
      2.305520121276856,
      1.5962006335430472,
      2.3448676137268913,
      3.385861619108159,
      1.680317849230098,
      1.8170291551121152,
      1.882826223460431,
      1.7369862939832146,
      2.24771492540167,
      2.448953852820071,
      1.3097017546446765,
      1.9588935860439052,
      1.9696902530093903,
      1.3936642250955917,
      1.6905759174672994,
      1.7265154581948594,
      1.8161203366332987,
      2.3676152536057478,
      2.0389439104444116,
      1.6048934293276769,
      1.7497638023947966,
      1.8661475090729909,
      1.7056581426950752,
      1.924361363233421,
      1.6471121316494266,
      1.3695809122342502,
      1.563696462535951,
      1.6186574095189714,
      1.7562350394795472,
      1.85159315776385,
      1.7293217233366727,
      1.8550718228024268,
      1.4760524459465472,
      1.8451578525029186
    ],