{
  "state": "TN",
  "state_name": "Tennessee",
  "algorithm": "metis+kl",
  "districts": 9,
  "total_internal_boundary_km": 1375.3292353598188,
  "population": {
    "ideal": 767871.1111111111,
    "per_district": [
      768115,
      766467,
      767792,
      769476,
      770552,
      767072,
      764667,
      766230,
      770469
    ],
    "deviations_pct": [
      0.031761696117981075,
      -0.18285765550931748,
      -0.010302654959456686,
      0.20900498347523433,
      0.3491326669406307,
      -0.10406839110730556,
      -0.4172719958789397,
      -0.21372221032465105,
      0.33832356124580926
    ],
    "max_abs_deviation_pct": 0.4172719958789397,
    "range_pct": 0.7664046628195704
  },
  "compactness": {
    "polsby_popper": [
      0.4441178156797275,
      0.5237410901775971,
      0.3358422900862989,
      0.40866144813190486,
      0.4501186406284541,
      0.47796535762228354,
      0.443785400787324,
      0.33941097322750435,
      0.5090559831128332
    ],
    "reock": [
      0.39355974114684045,
      0.5278235719551696,
      0.30624384501889784,
      0.5384215048993511,
      0.46603559273523215,
      0.45920051673253576,
      0.3775624555527532,
      0.5549772883584715,
      0.5194447438447625
    ],
    "schwartzberg": [
      1.5005514900326902,
      1.3817888249722212,
      1.7255689151207918,
      1.5642932279451534,
      1.4905155138406156,
      1.4464445508178643,
      1.50111337454862,
      1.716473332336799,
      1.401577854621977
    ],
    "convex_hull_ratio": [
      0.8372566492105616,
      0.9129472429277464,
      0.8499065898867612,
      0.8410066587907639,
      0.8708147069012335,
      0.8864601457917466,
      0.8809867326069555,
      0.8535931381245776,
      0.89470284091538
    ]
  },
  "runtime_seconds": 27.48929012499866,
  "seed": 42,
  "districtmaker_version": "0.1.0",
  "generated_at": "2026-05-14T16:36:53.138718+00:00"
}