{
  "state": "OR",
  "state_name": "Oregon",
  "algorithm": "metis",
  "districts": 6,
  "total_internal_boundary_km": 1007.3332789548151,
  "population": {
    "ideal": 706209.3333333334,
    "per_district": [
      704381,
      709042,
      704360,
      707126,
      708571,
      703776
    ],
    "deviations_pct": [
      -0.2588939634518243,
      0.40110864200793545,
      -0.26186758600377774,
      0.12980098441066026,
      0.334414536199837,
      -0.3445626131628637
    ],
    "max_abs_deviation_pct": 0.40110864200793545,
    "range_pct": 0.7456712551707991
  },
  "compactness": {
    "polsby_popper": [
      0.49900907060224675,
      0.39960502534095316,
      0.4622770974939758,
      0.5394216360234246,
      0.5603682452508306,
      0.5988830204092382
    ],
    "reock": [
      0.6353145928550873,
      0.5206115068715349,
      0.5593473591877139,
      0.5697740999556069,
      0.6519738287753456,
      0.6118250631441631
    ],
    "schwartzberg": [
      1.4156170346244945,
      1.5819200458955591,
      1.4707837100094554,
      1.3615569742075415,
      1.3358670614752302,
      1.2921978078653742
    ],
    "convex_hull_ratio": [
      0.8923182237007597,
      0.8249057596975161,
      0.8626215599270863,
      0.8962780625683665,
      0.9074644343463786,
      0.9418437499756216
    ]
  },
  "runtime_seconds": 27.550725875000353,
  "seed": 42,
  "districtmaker_version": "0.1.0",
  "generated_at": "2026-05-14T17:51:35.722547+00:00"
}