{
  "state": "AL",
  "state_name": "Alabama",
  "algorithm": "metis",
  "districts": 7,
  "total_internal_boundary_km": 1585.327330600904,
  "population": {
    "ideal": 717754.1428571428,
    "per_district": [
      715819,
      717756,
      715909,
      714928,
      720659,
      720658,
      718550
    ],
    "deviations_pct": [
      -0.2696108237619743,
      0.0002587435928640988,
      -0.2570717111848264,
      -0.39374803827573834,
      0.40471478594242316,
      0.4045754624693437,
      0.11088158121792434
    ],
    "max_abs_deviation_pct": 0.40471478594242316,
    "range_pct": 0.7984628242181615
  },
  "compactness": {
    "polsby_popper": [
      0.4893276699959841,
      0.35509599690116395,
      0.5246760007751159,
      0.3971280592090232,
      0.4122360809131733,
      0.5346782601511617,
      0.46449782222782926
    ],
    "reock": [
      0.40852991086570695,
      0.4269346663915373,
      0.639460146263086,
      0.49872921813050564,
      0.44684324714457285,
      0.6615101449580182,
      0.5218312394305943
    ],
    "schwartzberg": [
      1.4295525111882015,
      1.6781358363808963,
      1.3805571839138042,
      1.5868457510513176,
      1.5574962140780957,
      1.367583136446067,
      1.467263651540142
    ],
    "convex_hull_ratio": [
      0.9172491190405998,
      0.8151351862522127,
      0.8859131847270694,
      0.8475316618001727,
      0.8566661739413836,
      0.9362612829176007,
      0.8421581229464191
    ]
  },
  "runtime_seconds": 23.954912916999092,
  "seed": 42,
  "districtmaker_version": "0.1.0",
  "generated_at": "2026-05-14T15:54:20.365299+00:00"
}