{
  "state": "AR",
  "state_name": "Arkansas",
  "algorithm": "splitline-realized",
  "districts": 4,
  "total_internal_boundary_km": 1159.4274247802296,
  "population": {
    "ideal": 752881.0,
    "per_district": [
      752863,
      752893,
      752721,
      753047
    ],
    "deviations_pct": [
      -0.0023908160785037743,
      0.0015938773856691826,
      -0.021251698475589102,
      0.022048637168423695
    ],
    "max_abs_deviation_pct": 0.022048637168423695,
    "range_pct": 0.0433003356440128
  },
  "compactness": {
    "polsby_popper": [
      0.3048935760727382,
      0.47278660793826316,
      0.21781393932603785,
      0.42529538804633416
    ],
    "reock": [
      0.5064324973911222,
      0.49937182625726123,
      0.5191595756525432,
      0.5399005762569363
    ],
    "schwartzberg": [
      1.8110309107484432,
      1.4543449152162642,
      2.1426792565182753,
      1.5333971911949198
    ],
    "convex_hull_ratio": [
      0.9264288110763113,
      0.9699034305488814,
      0.8929788088888793,
      0.9550130960150999
    ]
  },
  "runtime_seconds": 73.6725712919997,
  "seed": 42,
  "districtmaker_version": "0.1.0",
  "generated_at": "2026-05-14T15:03:50.010675+00:00"
}