{
  "state": "CA",
  "state_name": "California",
  "algorithm": "metis+kl",
  "districts": 52,
  "total_internal_boundary_km": 9289.60355150281,
  "population": {
    "ideal": 760350.4423076923,
    "per_district": [
      759551,
      762868,
      756619,
      762158,
      757516,
      762193,
      759676,
      756557,
      764099,
      758257,
      759413,
      756558,
      756596,
      763890,
      758316,
      757159,
      757211,
      763564,
      759289,
      758095,
      756952,
      764008,
      758294,
      756670,
      756550,
      759700,
      761996,
      757901,
      756892,
      760123,
      758291,
      761661,
      760105,
      763354,
      763118,
      763549,
      763572,
      764027,
      759106,
      764142,
      761764,
      761487,
      763298,
      764147,
      764051,
      757713,
      760805,
      758351,
      763174,
      763643,
      763292,
      756902
    ],
    "deviations_pct": [
      -0.10514129580380283,
      0.3311049158683808,
      -0.4907529607488865,
      0.2377269206054172,
      -0.37278104278990287,
      0.24233006121697176,
      -0.08870150790539374,
      -0.4989070955464974,
      0.4930039470919136,
      -0.2753259801281338,
      -0.12329082164364646,
      -0.4987755772433102,
      -0.4937778817221938,
      0.46551662172577357,
      -0.26756640024008466,
      -0.41973307702775925,
      -0.41289412526202107,
      0.42264165488672273,
      -0.1395990912388683,
      -0.29663194524447195,
      -0.44695736578752465,
      0.48103578150187176,
      -0.27045980291020466,
      -0.48404552728633554,
      -0.4998277236688083,
      -0.0855450686288992,
      0.21642095548907903,
      -0.3221464960628029,
      -0.454848463978761,
      -0.029912826380682832,
      -0.2708543578197665,
      0.17236232392134265,
      -0.03228015583805374,
      0.3950228112173954,
      0.36398449166519903,
      0.4206688803389136,
      0.42369380131222084,
      0.48353462926242996,
      -0.16366694072213922,
      0.4986592341289663,
      0.18590870914963173,
      0.14947813916675717,
      0.3876577862389081,
      0.4993168256449027,
      0.48669106853892447,
      -0.34687193706201014,
      0.059782656393037176,
      -0.2629632596285301,
      0.37134951664368626,
      0.43303160083851716,
      0.3868686764197845,
      -0.4535332809468883
    ],
    "max_abs_deviation_pct": 0.4998277236688083,
    "range_pct": 0.999144549313711
  },
  "compactness": {
    "polsby_popper": [
      0.21403882322319137,
      0.22351970134713955,
      0.3530642050324424,
      0.3212870489802032,
      0.24511645298466758,
      0.343461605765839,
      0.22605467310484043,
      0.2651745583216002,
      0.21814646107514254,
      0.15428246742238003,
      0.16539500014498879,
      0.22459213611448808,
      0.23979059812084963,
      0.4058418685727069,
      0.31375007243105285,
      0.2082282752651564,
      0.21310428314438934,
      0.2672103445163803,
      0.20427439102872294,
      0.45715905218885733,
      0.23484173907449687,
      0.21825730325174256,
      0.31824809681325816,
      0.21722732147504892,
      0.2501107405909533,
      0.28327640858624037,
      0.5349951773732364,
      0.29826168127833336,
      0.2600433457060704,
      0.30475936288506966,
      0.24501762661326856,
      0.16560380411171235,
      0.39809808445259265,
      0.28042502569292227,
      0.28113432462547383,
      0.3679771253510524,
      0.46240954255350286,
      0.21080102516078628,
      0.2044133191669634,
      0.4060908126957762,
      0.16298385566174886,
      0.3875989494403813,
      0.27189445615318153,
      0.41711043817741833,
      0.25803242697656825,
      0.19032399384077883,
      0.30316554976164,
      0.24709751683779868,
      0.3461710262433465,
      0.30057123380396084,
      0.3125625555666192,
      0.18680171509815455
    ],
    "reock": [
      0.32377769294619274,
      0.14159371339057283,
      0.433070389719149,
      0.4200965413630152,
      0.29314178859355644,
      0.4735509321897709,
      0.4039240866913645,
      0.35251158106497643,
      0.5524890545480232,
      0.2161324648815848,
      0.3142862883375464,
      0.3644171751356641,
      0.339967533630565,
      0.6137523776289809,
      0.4483002717875378,
      0.3319657441295839,
      0.4043517614713509,
      0.3123299154733686,
      0.3878000998233435,
      0.5234285312160513,
      0.3768387848903307,
      0.24300895087106608,
      0.5243971357447862,
      0.367835486341397,
      0.4235445639570198,
      0.5015025330518244,
      0.537367795897314,
      0.46567312263354704,
      0.4680238692783672,
      0.5512841324285415,
      0.3350207244161195,
      0.30123850315994427,
      0.48851288755132727,
      0.5387932906029259,
      0.47234040650951176,
      0.5057465484181698,
      0.4749982856383305,
      0.27254503562280263,
      0.1428762526766291,
      0.4793738949533557,
      0.35108462971604854,
      0.4577419219614862,
      0.3862783432882106,
      0.5511068547182743,
      0.36908204189646976,
      0.27862479998639356,
      0.45173816575574377,
      0.3741393951235572,
      0.4784916461042349,
      0.4149866740927425,
      0.4512385837233216,
      0.43424086745149715
    ],
    "schwartzberg": [
      2.1614924490641565,
      2.1151545006958337,
      1.6829575251719882,
      1.764222636747612,
      2.0198251162075422,
      1.7063216531459522,
      2.1032614182347618,
      1.9419322442822717,
      2.14104558533741,
      2.54590217482704,
      2.458888363013073,
      2.110098491994729,
      2.042132535044045,
      1.5697177729707534,
      1.785287164637741,
      2.1914428487032027,
      2.1662267310921046,
      1.934520634691046,
      2.2125497143831954,
      1.4789937481002866,
      2.0635374549631074,
      2.140501850288096,
      1.7726259076962076,
      2.145570436263069,
      1.9995571847436269,
      1.8788616246002443,
      1.3671780161092795,
      1.8310544925822425,
      1.960997895043483,
      1.8114296474341376,
      2.0202324172369455,
      2.4573377114781003,
      1.5849112789803215,
      1.8883896690162738,
      1.8860059709577077,
      1.6485024192233506,
      1.470573061256793,
      2.1780289132656576,
      2.2117977143185716,
      1.5692365605067806,
      2.477009693865175,
      1.6062335922951034,
      1.917784586092067,
      1.5483690114457767,
      1.9686243670649495,
      2.29220380296353,
      1.8161849630889833,
      2.0117120136598703,
      1.6996309942138275,
      1.8240061276164543,
      1.788675364396753,
      2.3137134452955586
    ],