{
  "state": "KS",
  "state_name": "Kansas",
  "algorithm": "splitline-realized",
  "districts": 4,
  "total_internal_boundary_km": 1026.8793290346462,
  "population": {
    "ideal": 734470.0,
    "per_district": [
      734490,
      734473,
      734158,
      734759
    ],
    "deviations_pct": [
      0.0027230519966778767,
      0.00040845779950168153,
      -0.042479611148174876,
      0.03934810135199532
    ],
    "max_abs_deviation_pct": 0.042479611148174876,
    "range_pct": 0.0818277125001702
  },
  "compactness": {
    "polsby_popper": [
      0.44381942730025137,
      0.35763389414729124,
      0.4378130871920995,
      0.7119878113920547
    ],
    "reock": [
      0.48308467196950283,
      0.48566056923096074,
      0.4358902871522122,
      0.6285301291611871
    ],
    "schwartzberg": [
      1.5010558301628425,
      1.6721709110093068,
      1.5113172183907173,
      1.1851238018606232
    ],
    "convex_hull_ratio": [
      0.9791334552150476,
      0.8450940840818935,
      0.9793635235754383,
      0.9927819515732544
    ]
  },
  "runtime_seconds": 76.41335345900006,
  "seed": 42,
  "districtmaker_version": "0.1.0",
  "generated_at": "2026-05-14T15:17:35.176568+00:00"
}