{
  "state": "RI",
  "state_name": "Rhode Island",
  "algorithm": "metis",
  "districts": 2,
  "total_internal_boundary_km": 47.31852645511464,
  "population": {
    "ideal": 548689.5,
    "per_district": [
      550733,
      546646
    ],
    "deviations_pct": [
      0.3724328604793786,
      -0.3724328604793786
    ],
    "max_abs_deviation_pct": 0.3724328604793786,
    "range_pct": 0.7448657209587572
  },
  "compactness": {
    "polsby_popper": [
      0.3900529555976214,
      0.6102252520234449
    ],
    "reock": [
      0.5739606216098809,
      0.5819963534212802
    ],
    "schwartzberg": [
      1.601172835247958,
      1.280132466694816
    ],
    "convex_hull_ratio": [
      0.7862170146643196,
      0.9193197505644757
    ]
  },
  "runtime_seconds": 2.444832958000916,
  "seed": 42,
  "districtmaker_version": "0.1.0",
  "generated_at": "2026-05-14T17:33:40.428307+00:00"
}