{
  "state": "AL",
  "state_name": "Alabama",
  "algorithm": "metis+kl",
  "districts": 7,
  "total_internal_boundary_km": 1582.5617821827914,
  "population": {
    "ideal": 717754.1428571428,
    "per_district": [
      715810,
      717712,
      715909,
      714873,
      720786,
      721336,
      717853
    ],
    "deviations_pct": [
      -0.2708647350196891,
      -0.005871489222630423,
      -0.2570717111848264,
      -0.4014108292951065,
      0.42240886702350955,
      0.49903677721719114,
      0.013773120481567933
    ],
    "max_abs_deviation_pct": 0.49903677721719114,
    "range_pct": 0.9004476065122977
  },
  "compactness": {
    "polsby_popper": [
      0.4893644182113231,
      0.35539284880655,
      0.5246760007751159,
      0.3995381414259958,
      0.4141518573739253,
      0.5352695983375846,
      0.4646723242896132
    ],
    "reock": [
      0.4085298343830449,
      0.4269247411945189,
      0.639460146263086,
      0.5007013857974143,
      0.4469362090598462,
      0.6615289061970219,
      0.5218199602763387
    ],
    "schwartzberg": [
      1.4294988349422013,
      1.6774348348121235,
      1.3805571839138042,
      1.582052449497617,
      1.5538897190752177,
      1.3668275101118867,
      1.466988119125434
    ],
    "convex_hull_ratio": [
      0.9172489473184015,
      0.815116236333274,
      0.8859131847270694,
      0.8489139951812589,
      0.8568443960109537,
      0.9362878364358387,
      0.8421413493088095
    ]
  },
  "runtime_seconds": 27.544468333999248,
  "seed": 42,
  "districtmaker_version": "0.1.0",
  "generated_at": "2026-05-14T15:54:20.942575+00:00"
}