{
  "state": "MI",
  "state_name": "Michigan",
  "algorithm": "metis+kl",
  "districts": 13,
  "total_internal_boundary_km": 2119.4568617498626,
  "population": {
    "ideal": 775179.3076923077,
    "per_district": [
      775784,
      777381,
      777839,
      779055,
      774622,
      777103,
      774990,
      772924,
      772451,
      773818,
      774738,
      772141,
      774485
    ],
    "deviations_pct": [
      0.07800676587877585,
      0.2840236169676207,
      0.34310672141263693,
      0.4999736537382696,
      -0.07189403622844877,
      0.24816094658396456,
      -0.02442114881411257,
      -0.29094013087394566,
      -0.35195827149074194,
      -0.17561197503585718,
      -0.05692975650001671,
      -0.39194901904086205,
      -0.08956736659737284
    ],
    "max_abs_deviation_pct": 0.4999736537382696,
    "range_pct": 0.8919226727791316
  },
  "compactness": {
    "polsby_popper": [
      0.5962682577342593,
      0.5008849400502446,
      0.5032883028342403,
      0.45364858898572635,
      0.551273454350609,
      0.3826709728380698,
      0.341313731044927,
      0.4886791069333423,
      0.554966931651048,
      0.368857296815604,
      0.5556804520350525,
      0.5381339415875774,
      0.43416209262783506
    ],
    "reock": [
      0.5516100482886512,
      0.5294438154645259,
      0.5448206363145636,
      0.5403106338886019,
      0.6075838588817462,
      0.41459404319526716,
      0.3350179452656634,
      0.5246002272324543,
      0.535854751850714,
      0.3444845133859431,
      0.6501632582672929,
      0.5987805307595823,
      0.6489957597162039
    ],
    "schwartzberg": [
      1.2950279891422771,
      1.4129637269518063,
      1.4095860126168083,
      1.4847051596699699,
      1.3468414072899528,
      1.6165429197813266,
      1.71168214264616,
      1.4305008303625695,
      1.3423521014451074,
      1.6465344069153325,
      1.341490002333268,
      1.3631850277579043,
      1.517658466677654
    ],
    "convex_hull_ratio": [
      0.911395478571346,
      0.8553558644612627,
      0.8619036764790522,
      0.8557185491769367,
      0.904239132795558,
      0.7529103815487505,
      0.7651314465433782,
      0.8954996606945815,
      0.8887325707655426,
      0.8534486052282826,
      0.9349813076110126,
      0.8941057109142951,
      0.8665866416943618
    ]
  },
  "runtime_seconds": 24.32367174999672,
  "seed": 42,
  "districtmaker_version": "0.1.0",
  "generated_at": "2026-05-14T19:42:01.713042+00:00"
}