{
  "state": "CA",
  "state_name": "California",
  "algorithm": "metis+kl",
  "districts": 52,
  "total_internal_boundary_km": 7349.346121670008,
  "population": {
    "ideal": 760350.4423076923,
    "per_district": [
      758997,
      762396,
      762629,
      758841,
      763106,
      762054,
      758734,
      762664,
      760502,
      757510,
      758563,
      759154,
      763326,
      764072,
      762169,
      764129,
      760097,
      758271,
      757681,
      756774,
      760032,
      759524,
      757332,
      756550,
      758750,
      758815,
      756558,
      757355,
      763482,
      763327,
      757066,
      758123,
      758819,
      764053,
      763520,
      764112,
      764046,
      760064,
      763360,
      761696,
      763661,
      759498,
      758155,
      758709,
      760871,
      759089,
      763379,
      756875,
      762075,
      757122,
      758284,
      762252
    ],
    "deviations_pct": [
      -0.17800243576955194,
      0.2690282767639881,
      0.2996720414066227,
      -0.19851929106676647,
      0.36240627202695175,
      0.22404901707394081,
      -0.21259174950780468,
      0.3042751820181772,
      0.019932610527293535,
      -0.37357015260902654,
      -0.23508137935282833,
      -0.15735406216915013,
      0.3913402987281518,
      0.4894529529058572,
      0.2391736219404772,
      0.49694949618753176,
      -0.033332302263551924,
      -0.27348472388351197,
      -0.35108052276400287,
      -0.47036762375485924,
      -0.04188099197072465,
      -0.10869228998985919,
      -0.396980410576361,
      -0.4998277236688083,
      -0.2104874566568083,
      -0.20193876694963556,
      -0.4987755772433102,
      -0.39395548960305377,
      0.41185715402536627,
      0.39147181703133904,
      -0.4319642792241756,
      -0.2929494327552283,
      -0.2014126937368865,
      0.486954105145299,
      0.41685484954648266,
      0.4947136850333481,
      0.48603347702298816,
      -0.037672406268731924,
      0.395811921036519,
      0.1769654645328972,
      0.4353989302958881,
      -0.11211176587272831,
      -0.2887408470532356,
      -0.2158797070874865,
      0.06846286440339719,
      -0.16590275187632286,
      0.3983107687970772,
      -0.4570842751329447,
      0.22681090144087354,
      -0.4245992542456883,
      -0.2717749859420774,
      0.25008964110502085
    ],
    "max_abs_deviation_pct": 0.4998277236688083,
    "range_pct": 0.99677721985634
  },
  "compactness": {
    "polsby_popper": [
      0.32086549321408486,
      0.43319970131042546,
      0.28529112059481276,
      0.5439667482411311,
      0.3441423360882663,
      0.3504940236039693,
      0.4396946344211004,
      0.5206315735809572,
      0.488398030565228,
      0.5058840913958841,
      0.44605262426454334,
      0.420125145640973,
      0.5011623895711205,
      0.4589732881642889,
      0.49053783891238567,
      0.5084898451178586,
      0.2851547295320249,
      0.47486739384879867,
      0.3725342679768914,
      0.26419147468060605,
      0.27077748822359776,
      0.26495127539247815,
      0.26263452792073694,
      0.4025515279273782,
      0.3648841713611108,
      0.20861421949327288,
      0.3874996958431973,
      0.3441840606894116,
      0.46440980396109455,
      0.3785458869065035,
      0.5538977378176746,
      0.2644081337205012,
      0.40071461438656475,
      0.40605621850209445,
      0.1948998421094178,
      0.34327868570544334,
      0.3608662258670205,
      0.5076732360132794,
      0.21938841548418198,
      0.450915668037806,
      0.4684910319479368,
      0.29979832003350726,
      0.29538177558852163,
      0.3521000930286868,
      0.23628993679164215,
      0.16312980937652632,
      0.30653132878051453,
      0.32609433969588186,
      0.38180359452481694,
      0.2647513417250533,
      0.4085346641528563,
      0.28855244362101146
    ],
    "reock": [
      0.4172065455256525,
      0.5500641801076982,
      0.13437917137233332,
      0.6651434706675355,
      0.40412935850158294,
      0.3328789373411689,
      0.4392297709115121,
      0.5974940243016392,
      0.6077547737899038,
      0.6363990590651194,
      0.6141241416671509,
      0.5763257465830895,
      0.5599576953359341,
      0.5671124995253133,
      0.5391072639877136,
      0.5649555700477655,
      0.1017824648838994,
      0.635445789882798,
      0.45285703151688417,
      0.379612149517335,
      0.2846032652955272,
      0.5192446333531417,
      0.38141176244937824,
      0.6150199491869458,
      0.5523931633051075,
      0.4340714742016333,
      0.5314843728796682,
      0.4875339664373217,
      0.42156612312334757,
      0.44564597990403804,
      0.571218582241915,
      0.281725918286642,
      0.5053230212855659,
      0.44969829346064616,
      0.2060012341933194,
      0.4522797107050631,
      0.4900361422700155,
      0.6028076183196053,
      0.34825995273936344,
      0.5514040278689916,
      0.38509483403297107,
      0.5147198485064618,
      0.29537494758042965,
      0.6368984724412229,
      0.2664247132725022,
      0.15378601638671865,
      0.42869652792932755,
      0.4950000427568396,
      0.5003810561847414,
      0.226148857351211,
      0.5149800197025243,
      0.5476192345895655
    ],
    "schwartzberg": [
      1.7653811815669993,
      1.5193433374474146,
      1.872215655759985,
      1.3558568000727977,
      1.7046332240656694,
      1.68911683897783,
      1.5080801270816768,
      1.385909107908013,
      1.430912402604396,
      1.4059649330717776,
      1.4972935391456692,
      1.5428036653670005,
      1.4125725559563052,
      1.4760677602718035,
      1.4277880516680488,
      1.4023578758413116,
      1.872663347713991,
      1.4511550744531305,
      1.638388481350248,
      1.9455419541485073,
      1.921735984288271,
      1.9427503362225156,
      1.9513002016400436,
      1.5761199285103404,
      1.65547447113577,
      2.189414784025102,
      1.6064392882689118,
      1.7045298966527969,
      1.4674026881019901,
      1.6253269408939068,
      1.3436470540574927,
      1.9447446911620299,
      1.5797283390289059,
      1.56930340508992,
      2.265135864108408,
      1.7067762093194907,
      1.66466512552895,
      1.4034852920451637,
      2.1349767713972065,
      1.489197631995848,
      1.4609971174522132,
      1.8263558605424508,
      1.8399590250908453,
      1.6852600669614075,
      2.0572041271965924,
      2.4759013444172684,
      1.8061863926299264,
      1.7511702468885495,
      1.6183781026394335,
      1.943483756293658,
      1.5645359392160465,
      1.861605364419112
    ],