{
  "name": "metis+kl",
  "status": "ok",
  "total_internal_boundary_km": 7349.346121670008,
  "max_abs_deviation_pct": 0.4998277236688083,
  "runtime_seconds": 208.10870354101644,
  "refine_iterations": 145,
  "refine_improvement_pct": 0.1533464226757551,
  "error": null
}