{
  "state": "CA",
  "state_name": "California",
  "algorithm": "metis+kl",
  "districts": 52,
  "total_internal_boundary_km": 8445.262303427804,
  "population": {
    "ideal": 760350.4423076923,
    "per_district": [
      764134,
      762600,
      764096,
      756552,
      762993,
      760405,
      759122,
      763205,
      764138,
      764139,
      762685,
      764130,
      763098,
      758001,
      756565,
      759996,
      757364,
      757217,
      756781,
      759195,
      762459,
      756555,
      764049,
      760352,
      756553,
      758022,
      757498,
      764148,
      758807,
      764124,
      761766,
      761867,
      763718,
      756943,
      760469,
      758894,
      756549,
      761608,
      761229,
      757285,
      759787,
      759227,
      756640,
      757170,
      761041,
      760152,
      761997,
      764053,
      762654,
      761298,
      756629,
      758264
    ],
    "deviations_pct": [
      0.4976070877034681,
      0.29585801061419176,
      0.4926093921823518,
      -0.4995646870624338,
      0.3475447037667899,
      0.007175335118128081,
      -0.16156264787114283,
      0.3754265840424918,
      0.49813316091621723,
      0.4982646792194045,
      0.3070370663851099,
      0.49708101449071906,
      0.3613541256014536,
      -0.3089946657440756,
      -0.49785494912099926,
      -0.04661565088546647,
      -0.3927718248743683,
      -0.4121050154428974,
      -0.46944699563254827,
      -0.15196181173847192,
      0.2773139298647863,
      -0.499170132152872,
      0.48642803193254996,
      0.00020486504920262595,
      -0.4994331687592465,
      -0.3062327813771428,
      -0.37514837224727376,
      0.49944834394808996,
      -0.20299091337513375,
      0.49629190467159534,
      0.18617174575600628,
      0.19945509437792083,
      0.44289547357756265,
      -0.4481410305162101,
      0.015592506522113535,
      -0.191548820997841,
      -0.49995924197199565,
      0.1653918538524172,
      0.1155464169444408,
      -0.40316177082616284,
      -0.07410297625160647,
      -0.14775322603647922,
      -0.48799107638195377,
      -0.4182863756926993,
      0.09082097594523354,
      -0.02609879558825192,
      0.2165524737922663,
      0.486954105145299,
      0.3029599989863045,
      0.12462117986436264,
      -0.4894377777170138,
      -0.27440535200582283
    ],
    "max_abs_deviation_pct": 0.49995924197199565,
    "range_pct": 0.9994075859200856
  },
  "compactness": {
    "polsby_popper": [
      0.32001759702797167,
      0.26272518075441526,
      0.44318411031565247,
      0.27963499153618243,
      0.28588046826041097,
      0.1884155691137584,
      0.27125761166916484,
      0.2218892352430996,
      0.15499513405867338,
      0.3573320589602013,
      0.400671038207213,
      0.20934448573420122,
      0.353520300269637,
      0.3052643470966825,
      0.1798550765135337,
      0.2420825299852341,
      0.21155969192322877,
      0.3370379310901446,
      0.30256863853120053,
      0.22185389071773637,
      0.22296952704595632,
      0.13323070660688982,
      0.2230481463159995,
      0.32074140670127965,
      0.1974348694080279,
      0.16720712490248615,
      0.4553353303521299,
      0.3306983429334638,
      0.3554404887749278,
      0.28953561386156457,
      0.25155532276676346,
      0.4753335424096042,
      0.2880206007248722,
      0.29724876479887435,
      0.3321460567272983,
      0.2433674027158797,
      0.26374572820281017,
      0.1904475674589681,
      0.2617844397867596,
      0.27840924572342807,
      0.37072468904583905,
      0.17217099958960322,
      0.2281736447907645,
      0.3885277459864504,
      0.4811752972079463,
      0.4692434791706099,
      0.3326804028881242,
      0.34951277825285987,
      0.3390157669504052,
      0.3316134466698328,
      0.22838479853421254,
      0.3313545648324756
    ],
    "reock": [
      0.5764239215883702,
      0.5437767550138813,
      0.5367463261874998,
      0.4605594522970687,
      0.48723866860899495,
      0.24185546140576003,
      0.5300826001883981,
      0.14617507750939776,
      0.37757375997022985,
      0.4037489590717429,
      0.49704147943294236,
      0.2491915875754207,
      0.5256683601121832,
      0.37258401125395574,
      0.3600416675884245,
      0.47357334293124026,
      0.2916734361430107,
      0.6079233326735519,
      0.28964588914816514,
      0.36220305207803594,
      0.318811699315289,
      0.3750481102965199,
      0.29220339886292984,
      0.5361825061120341,
      0.42587318437370547,
      0.2979118190055698,
      0.5403095887826185,
      0.5955201181933819,
      0.572177228265926,
      0.29528266143903387,
      0.3568456085171915,
      0.6453011194836572,
      0.4978676863457858,
      0.3752193379097407,
      0.4803578557180405,
      0.3297175102989233,
      0.5357386265726912,
      0.14717844919764264,
      0.4871852260292953,
      0.33000184729237814,
      0.7139806538718293,
      0.3933796410134205,
      0.4617833570350931,
      0.4069781794623664,
      0.3928134053154315,
      0.5985903055604289,
      0.29762981902639735,
      0.47862455439170093,
      0.5456903871567195,
      0.5887146666589099,
      0.4057015956926114,
      0.4712215934599015
    ],
    "schwartzberg": [
      1.76771834958885,
      1.950963526347388,
      1.502131347895265,
      1.891055358459145,
      1.8702848572303228,
      2.303783199168558,
      1.9200345036591369,
      2.1229114690584896,
      2.5400424103081316,
      1.672876995824522,
      1.5798142407378903,
      2.185592728534186,
      1.6818715385290088,
      1.8099307465661052,
      2.357972032674821,
      2.0324425350125357,
      2.1741201294303023,
      1.7225054706589085,
      1.817975576701341,
      2.123080567535387,
      2.1177624505202863,
      2.739667352084179,
      2.117389186687134,
      1.765722638589634,
      2.250546919674067,
      2.4455278350738725,
      1.4819526419217939,
      1.7389375701924035,
      1.6773224170897645,
      1.8584419687833786,
      1.9938075875996997,
      1.4504433428834989,
      1.8633233404076877,
      1.8341716256617806,
      1.7351437074192795,
      2.0270702339366315,
      1.9471853027925914,
      2.291460023758208,
      1.9544658456732473,
      1.895213638983783,
      1.6423822592599746,
      2.410016408994353,
      2.093472498901307,
      1.6043125494726764,
      1.4416118328931344,
      1.4598252692262583,
      1.7337496668171177,
      1.6914862464480527,
      1.7174735268963257,
      1.736536570437032,
      2.0925045124626322,
      1.7372148016309976
    ],