{
  "state": "TX",
  "state_name": "Texas",
  "algorithm": "metis+kl",
  "districts": 38,
  "total_internal_boundary_km": 7616.822690003586,
  "population": {
    "ideal": 766986.9736842106,
    "per_district": [
      766356,
      770726,
      766964,
      763682,
      764383,
      766251,
      763581,
      770819,
      768275,
      767154,
      768751,
      763317,
      765786,
      765568,
      770239,
      770783,
      768415,
      767377,
      770155,
      768751,
      764345,
      763198,
      770800,
      770531,
      763645,
      770323,
      770077,
      770299,
      764132,
      766203,
      763309,
      768902,
      767018,
      764641,
      764550,
      764436,
      763923,
      767840
    ],
    "deviations_pct": [
      -0.0822665450470026,
      0.48749541310057454,
      -0.002995316087339701,
      -0.4309034960965727,
      -0.3395068982335403,
      -0.09595647767983913,
      -0.44407190748625347,
      0.499620782003944,
      0.16793327135693342,
      0.021776942962554956,
      0.229994299292459,
      -0.4784923095345282,
      -0.15658332219668655,
      -0.18500622994867097,
      0.4240002017463708,
      0.49492709081554287,
      0.1861865148673821,
      0.05085175226848395,
      0.4130482556401016,
      0.229994299292459,
      -0.3444613500435192,
      -0.49400756651840955,
      0.49714355609895455,
      0.46207125249673525,
      -0.43572756759576264,
      0.43495214785264,
      0.4028785913985659,
      0.431823020393706,
      -0.372232356241559,
      -0.10221473259770725,
      -0.4795353520208395,
      0.2496817262215858,
      0.004045220695261938,
      -0.3058687780499991,
      -0.31773338633179077,
      -0.33259674176172754,
      -0.3994818411964431,
      0.11121783616375355
    ],
    "max_abs_deviation_pct": 0.499620782003944,
    "range_pct": 0.9936283485223536
  },
  "compactness": {
    "polsby_popper": [
      0.38512966883071986,
      0.5705626891154887,
      0.4839312827879385,
      0.4049539928183546,
      0.45454320745626925,
      0.40896875483824796,
      0.429909254727972,
      0.345968760017351,
      0.3796115249465989,
      0.42918807575373336,
      0.333282463867053,
      0.4047820789200491,
      0.3899369673416746,
      0.3856976515117228,
      0.34511230002064813,
      0.36744442556060447,
      0.40564332454689167,
      0.3565790404055827,
      0.4356031569323527,
      0.3907654979433333,
      0.4457048815881268,
      0.48130201942575873,
      0.41028493155926177,
      0.21977563483198267,
      0.3538879044973528,
      0.580568299012252,
      0.2976465891867499,
      0.326206658104099,
      0.34379688452283474,
      0.3505664895275874,
      0.41089372423521353,
      0.4667350235622413,
      0.39352914054675203,
      0.43707677907964354,
      0.4049715382049411,
      0.47510465181543965,
      0.33155448198501436,
      0.4066423538284047
    ],
    "reock": [
      0.4996735482765187,
      0.6624805516962283,
      0.697973034098945,
      0.5310645403943338,
      0.5525798062853912,
      0.3934384774085139,
      0.5451502964547988,
      0.3173548910287531,
      0.4561872460129388,
      0.5786962413873944,
      0.4864820412426796,
      0.4378349107533083,
      0.5590131341302845,
      0.4765287561120137,
      0.6508460831578973,
      0.5714224889826006,
      0.4680131067835604,
      0.5833228567017331,
      0.5081557272670681,
      0.4883658720390746,
      0.624116168511615,
      0.6343432697768384,
      0.4319989482830504,
      0.3597016399765012,
      0.44202136208186954,
      0.5745550432605225,
      0.5432318931103067,
      0.4597195663190325,
      0.5005263243439223,
      0.4302974218840206,
      0.47433275631421784,
      0.4438082426829085,
      0.551601270729952,
      0.5386692627278354,
      0.6122135855155454,
      0.5566684986819402,
      0.5303796329054795,
      0.4660687293020756
    ],
    "schwartzberg": [
      1.6113745936753203,
      1.3238790688295157,
      1.4375009866122404,
      1.5714376612432561,
      1.4832433637017977,
      1.5637053980278819,
      1.5251466418719661,
      1.7001277554172107,
      1.6230440446601457,
      1.526427481309825,
      1.7321829854478878,
      1.5717713263319142,
      1.6014109550617468,
      1.6101876924171834,
      1.7022360389250863,
      1.649696938431387,
      1.5701018788352958,
      1.6746424431980742,
      1.5151460247878348,
      1.5997123378083447,
      1.4978775257312518,
      1.4414220390966694,
      1.5611952328690035,
      2.1330951506838822,
      1.6809977820086508,
      1.3124215137359239,
      1.8329454698621748,
      1.7508687423308176,
      1.7054894278169421,
      1.6889422505022103,
      1.5600382469134417,
      1.463742909504135,
      1.5940852799851626,
      1.512589680023151,
      1.5714036196164973,
      1.450792689980994,
      1.7366909791164313,
      1.5681719982737319
    ],
    "convex_hull_ratio": [
      0.7797526039168919,
      0.9132104765443777,
      0.865516427631226,
      0.8018820390482465,
      0.8571708636304867,
      0.8714801386146072,
      0.8824915724709534,
      0.8039765967864337,
      0.7998010076374603,
      0.81710986531556,
      0.7714310702159313,
      0.8665960026689141,
      0.8534049600438165,
      0.8521283718451366,
      0.8997965083913618,
      0.8284009445927017,
      0.8310470537005594,
      0.8714529270035669,
      0.8833113806965611,
      0.8331361552676039,
      0.8645384958548963,
      0.8831996988373727,
      0.8435382192870812,
      0.7231481227767302,
      0.8093286519249561,
      0.9308863240730306,
      0.7331959225769051,
      0.817330870099742,
      0.8706260343537142,
      0.835691036158275,
      0.817590207319801,
      0.87011468491176,
      0.8301350016366551,
      0.8428791549371744,
      0.8473592135936588,
      0.8829512780616362,
      0.7714684330865104,
      0.8504948817133258
    ]
  },
  "runtime_seconds": 234.84705658299208,
  "seed": 55,
  "districtmaker_version": "0.1.0",
  "generated_at": "2026-05-15T19:22:12.379868+00:00"
}