{
  "state": "CA",
  "state_name": "California",
  "algorithm": "metis+kl",
  "districts": 52,
  "total_internal_boundary_km": 7576.082343373428,
  "population": {
    "ideal": 760350.4423076923,
    "per_district": [
      761874,
      759620,
      759659,
      756549,
      761919,
      764018,
      757986,
      762135,
      763684,
      764096,
      764139,
      761324,
      762155,
      761214,
      759944,
      757893,
      756874,
      762596,
      757220,
      756563,
      757659,
      760762,
      763977,
      763492,
      758033,
      757801,
      756605,
      758470,
      757951,
      758133,
      763756,
      763368,
      759416,
      756549,
      757491,
      760014,
      756566,
      757170,
      760449,
      758926,
      762735,
      764094,
      759253,
      762897,
      764142,
      761844,
      757328,
      763133,
      759937,
      763484,
      764122,
      757204
    ],
    "deviations_pct": [
      0.20037572250023172,
      -0.09606653288388102,
      -0.09093731905957739,
      -0.49995924197199565,
      0.206294046143659,
      0.4823509645337445,
      -0.31096744029188467,
      0.23470199963210991,
      0.4384238512691954,
      0.4926093921823518,
      0.4982646792194045,
      0.12804065574723172,
      0.23733236569585536,
      0.11357364239663174,
      -0.05345460265120466,
      -0.32319864248830105,
      -0.45721579343613195,
      0.29533193740144265,
      -0.4117104605333356,
      -0.49811798572737376,
      -0.35397392543412287,
      0.05412736935598445,
      0.47695871410306634,
      0.413172337057239,
      -0.30478608004208285,
      -0.3352983263815302,
      -0.49259421699350836,
      -0.24731258154924465,
      -0.31557058090343926,
      -0.29163424972335555,
      0.44789316909867904,
      0.3968640674620172,
      -0.12289626673408466,
      -0.49995924197199565,
      -0.3760690003695847,
      -0.04424832142809556,
      -0.497723430817812,
      -0.4182863756926993,
      0.01296214045836808,
      -0.1873402352958483,
      0.3136129815444736,
      0.49234635557597717,
      -0.1443337501536101,
      0.33491894666081173,
      0.4986592341289663,
      0.19643017340461355,
      -0.39750648378911013,
      0.3659572662130081,
      -0.05437523077351556,
      0.4121201906317409,
      0.49602886806522084,
      -0.41381475338433193
    ],
    "max_abs_deviation_pct": 0.49995924197199565,
    "range_pct": 0.998618476100962
  },
  "compactness": {
    "polsby_popper": [
      0.36183832554406276,
      0.2746239579842593,
      0.26560631329476986,
      0.395250916320398,
      0.2764819346760848,
      0.389392118738445,
      0.3969827429975594,
      0.14420365539984742,
      0.3838626261461326,
      0.29722315744305416,
      0.32850402911062077,
      0.5676924505571109,
      0.1612231190306783,
      0.4772685949896382,
      0.36339294684979234,
      0.338959161143273,
      0.6467539055420187,
      0.11247044305332728,
      0.29370324008634363,
      0.38552003049631256,
      0.2777521130654304,
      0.3616673637878728,
      0.39255475308956495,
      0.2809483204219872,
      0.508556783740014,
      0.297288407475764,
      0.23154488052106303,
      0.3570526858097773,
      0.35777107138353553,
      0.3633790512135844,
      0.4251617238490785,
      0.37700316378686316,
      0.3423360645788003,
      0.5221245272285383,
      0.3433711814217548,
      0.3378883928118959,
      0.27617555678235456,
      0.36695181632901125,
      0.30439774674759246,
      0.49693513676602913,
      0.3141559412044851,
      0.5113225772136852,
      0.3273977251891462,
      0.42535292051483276,
      0.4132001215221285,
      0.5036186017971095,
      0.39174878176008876,
      0.4240191892386452,
      0.48022803791297863,
      0.20956203268290544,
      0.5146154580467793,
      0.4065555963144389
    ],
    "reock": [
      0.3335167723297075,
      0.5555370941621768,
      0.43902842457225405,
      0.5253424438691557,
      0.14513596178870802,
      0.5364036602230916,
      0.4947279853923517,
      0.24690262431578283,
      0.5212029400438951,
      0.4318997979634214,
      0.3683715636052199,
      0.6480000329322577,
      0.3163801297112242,
      0.5532555389727645,
      0.5396509787279686,
      0.4354025645863566,
      0.6687981986935289,
      0.12297806642857875,
      0.3153792801626868,
      0.40104265527135075,
      0.38730806809047075,
      0.43820450680438927,
      0.5666485866321828,
      0.3266227507266851,
      0.5826945195401502,
      0.4989727852661195,
      0.3553196925309652,
      0.39710689164479546,
      0.47299194836803427,
      0.4902897334039257,
      0.32628166250253743,
      0.45704074582586257,
      0.3469374210032351,
      0.48083233347191456,
      0.41183893941369404,
      0.545538401377979,
      0.46245025491963376,
      0.619338652960789,
      0.44385794081032626,
      0.5034904142720031,
      0.35803469766046847,
      0.5180466994053895,
      0.35165738988430706,
      0.528148793779132,
      0.424734214148973,
      0.5338414523768779,
      0.4014893157892468,
      0.5401854977618455,
      0.4664039821234213,
      0.13916559271708198,
      0.4730437046559938,
      0.4066047897112969
    ],
    "schwartzberg": [
      1.662427511876938,
      1.9082303062115857,
      1.940353253367392,
      1.5906094461896982,
      1.9018077818184354,
      1.6025309334555198,
      1.587136158277172,
      2.633369888637361,
      1.6140317921715688,
      1.8342506357804056,
      1.744735708920773,
      1.3272215986317943,
      2.49049882177732,
      1.4474999952371763,
      1.658867707963696,
      1.717616929004656,
      1.243456136741265,
      2.981815699587125,
      1.8452092845866923,
      1.6105585813662182,
      1.8974542538375248,
      1.662820383858693,
      1.5960624488043447,
      1.886630190731876,
      1.402265580353229,
      1.8340493304504246,
      2.078176399088488,
      1.6735313327766723,
      1.6718503068655497,
      1.6588994252596518,
      1.5336382103019937,
      1.6286490211580007,
      1.7091243950874306,
      1.3839262674610346,
      1.7065463121563418,
      1.7203363403161869,
      1.9028623833927671,
      1.6508038731205874,
      1.81250529232945,
      1.4185679622425955,
      1.7841335552365711,
      1.3984679425943132,
      1.7476810258464717,
      1.53329348541947,
      1.5556782494551522,
      1.4091236973250039,
      1.5977034489476816,
      1.5357030413316566,
      1.4430329363643377,
      2.184457998918219,
      1.393986559084003,
      1.5683393105034305
    ],